word,language,year,frequency,is_synonym
example,en,1600,0.00011573125243558025,0
esempio,it,1877,0.0001797279642801186,0
esempio,it,1878,0.0001618313466451582,0
esempio,it,1879,0.00013764638259772255,0
esempio,it,1880,0.00015417858026012254,0
esempio,it,1881,0.0001605773833261992,0
esempio,it,1882,0.00015340674241315355,0
esempio,it,1883,0.00015389482052796666,0
esempio,it,1884,0.000150314348587699,0
esempio,it,1885,0.00015543131678441569,0
esempio,it,1886,0.00013728711536487026,0
esempio,it,1887,0.00013487204342066406,0
esempio,it,1888,0.00014710354443536744,0
esempio,it,1889,0.0001453813143541538,0
esempio,it,1890,0.00014295399239472317,0
esempio,it,1891,0.00014479995820693148,0
esempio,it,1892,0.00014713095117802055,0
esempio,it,1893,0.00013756412994325729,0
esempio,it,1894,0.0001396047354944585,0
esempio,it,1895,0.00013672097460926125,0
esempio,it,1876,0.0001717087415045171,0
esempio,it,1896,0.00014307912147160096,0
esempio,it,1875,0.00016105530551158154,0
esempio,it,1873,0.0001859375532831109,0
esempio,it,1854,0.00017660011349107663,0
esempio,it,1855,0.00018589673993574252,0
esempio,it,1856,0.0001812027093137658,0
esempio,it,1857,0.00018026413469041103,0
esempio,it,1858,0.0002051330923380501,0
esempio,it,1859,0.00017500369329725984,0
esempio,it,1860,0.00020949615350218664,0
esempio,it,1861,0.00014608568335461314,0
esempio,it,1862,0.00017338858361060083,0
esempio,it,1863,0.00017818492887045068,0
esempio,it,1864,0.00018635722938142862,0
esempio,it,1865,0.00016434056442449219,0
esempio,it,1866,0.00018021477467300429,0
esempio,it,1867,0.00017177313975480502,0
esempio,it,1868,0.00019925913659335492,0
esempio,it,1869,0.0001633064837847087,0
esempio,it,1870,0.0001838210457663081,0
esempio,it,1871,0.00018414216458495503,0
esempio,it,1872,0.0001642445284915084,0
esempio,it,1874,0.00018706130731516168,0
esempio,it,1853,0.0001804134813028213,0
esempio,it,1897,0.00014635780444249846,0
esempio,it,1899,0.00015502845883474947,0
esempio,it,1923,0.00017058841700645644,0
esempio,it,1924,0.00016689706598072007,0
esempio,it,1925,0.00017346165591902718,0
esempio,it,1926,0.00016431510459824494,0
esempio,it,1927,0.00016375395972545448,0
esempio,it,1928,0.0001606605848678555,0
esempio,it,1929,0.00015899941109864812,0
esempio,it,1930,0.00016452609406769625,0
esempio,it,1931,0.0001656793191386896,0
esempio,it,1932,0.00016204222356464015,0
esempio,it,1933,0.00015909382182144327,0
esempio,it,1934,0.00015823029912098718,0
esempio,it,1935,0.00016095555707806852,0
esempio,it,1936,0.00016482298053688282,0
esempio,it,1937,0.0001667824826654396,0
esempio,it,1938,0.00016690162022081623,0
esempio,it,1939,0.0001737333610094538,0
esempio,it,1940,0.00018186878628512204,0
esempio,it,1941,0.00018391787790505987,0
esempio,it,1922,0.00016190443966479506,0
esempio,it,1898,0.000150971030011382,0
esempio,it,1921,0.00017911021776573222,0
esempio,it,1919,0.0001674991651725577,0
esempio,it,1900,0.0001378274301759852,0
esempio,it,1901,0.00015905379731862013,0
esempio,it,1902,0.00015301744195994615,0
esempio,it,1903,0.00015091903276243102,0
esempio,it,1904,0.00015397830702568172,0
esempio,it,1905,0.0001564908417890365,0
esempio,it,1906,0.00015365921862553478,0
esempio,it,1907,0.00015556506050984353,0
esempio,it,1908,0.00015464294904177223,0
esempio,it,1909,0.00015103040857411543,0
esempio,it,1910,0.00015452285878758687,0
esempio,it,1911,0.00016535292877506436,0
esempio,it,1912,0.00015180071005715945,0
esempio,it,1913,0.00016025319425239104,0
esempio,it,1914,0.00015272685320155688,0
esempio,it,1915,0.00014622866706304194,0
esempio,it,1916,0.00016495611066180693,0
esempio,it,1917,0.00017663968672243513,0
esempio,it,1918,0.00017536416726215975,0
esempio,it,1920,0.00018013978882436277,0
esempio,it,1852,0.0001685135932880666,0
esempio,it,1851,0.00019253116261097603,0
esempio,it,1850,0.00018875045317656713,0
esempio,it,1784,0.00016834836865342595,0
esempio,it,1785,0.0001577390125770961,0
esempio,it,1786,0.00018437384574188087,0
esempio,it,1787,0.00015091859927451878,0
esempio,it,1788,0.0001538122409101561,0
esempio,it,1789,0.00016936763110919628,0
esempio,it,1790,0.00016315799384436502,0
esempio,it,1791,0.00014836673827689495,0
esempio,it,1792,0.0001754605058774672,0
esempio,it,1793,0.00016437222470244706,0
esempio,it,1794,0.00015715351999290306,0
esempio,it,1795,0.00016410245671139023,0
esempio,it,1796,0.00013259971012757887,0
esempio,it,1797,0.00016632094035085032,0
esempio,it,1798,0.0001570475607692856,0
esempio,it,1799,0.00018921700269203257,0
esempio,it,1800,0.00020359720110718627,0
esempio,it,1801,0.00017691224377358594,0
esempio,it,1802,0.00017163492682925607,0
esempio,it,1783,0.00015638127872108498,0
esempio,it,1803,0.0001779765000264888,0
esempio,it,1782,0.00019825558609465332,0
esempio,it,1780,0.0001665743576175771,0
esempio,it,1761,0.0001861140792129845,0
esempio,it,1762,0.000150878346047989,0
esempio,it,1763,0.0001292936891523766,0
esempio,it,1764,0.00018651667684821405,0
esempio,it,1765,0.00018754153386169037,0
esempio,it,1766,0.00015998124086991083,0
esempio,it,1767,0.0001796737744985677,0
esempio,it,1768,0.00018168722243672164,0
esempio,it,1769,0.00016889395752173186,0
esempio,it,1770,0.0001698213786376357,0
esempio,it,1771,0.00014612665047142315,0
esempio,it,1772,0.00016581859959963197,0
esempio,it,1773,0.00014655467277435719,0
esempio,it,1774,0.0001823467011234925,0
esempio,it,1775,0.00019712131462412685,0
esempio,it,1776,0.00016298473322962082,0
esempio,it,1777,0.00016487784679064532,0
esempio,it,1778,0.0001719430331590388,0
esempio,it,1779,0.0001862498821196823,0
esempio,it,1781,0.000183989522767547,0
esempio,it,1804,0.0001950314533587516,0
esempio,it,1805,0.00015272838828650492,0
esempio,it,1806,0.00012031274883383958,0
esempio,it,1831,0.00018539453671184702,0
esempio,it,1832,0.00016850409673452305,0
esempio,it,1833,0.0001605424788522214,0
esempio,it,1834,0.00015949362546052726,0
esempio,it,1835,0.00015959897666562028,0
esempio,it,1836,0.00017814010870287333,0
esempio,it,1837,0.0001906821933870262,0
esempio,it,1838,0.00016664737273686114,0
esempio,it,1839,0.00016849648079642066,0
esempio,it,1840,0.0001637587185996381,0
esempio,it,1841,0.00018425458392812288,0
esempio,it,1842,0.00018215907765983808,0
esempio,it,1843,0.00019103340855508577,0
esempio,it,1844,0.00019858085556734295,0
esempio,it,1845,0.00017345488276987453,0
esempio,it,1846,0.00018703181386392487,0
esempio,it,1847,0.00019118891259495285,0
esempio,it,1848,0.00018963594857268617,0
esempio,it,1849,0.0001669297614057541,0
esempio,it,1830,0.00015938103657076041,0
esempio,it,1829,0.00016002911331725045,0
esempio,it,1828,0.00015655860034047286,0
esempio,it,1827,0.00016648925719664476,0
esempio,it,1807,0.00016671076724605882,0
esempio,it,1808,0.0001872400119964368,0
esempio,it,1809,0.00018701790259001427,0
esempio,it,1810,0.00015620165015395315,0
esempio,it,1811,0.00013260762955269456,0
esempio,it,1812,0.00013862787727703108,0
esempio,it,1813,0.00014910029142356507,0
esempio,it,1814,0.0001960118168540248,0
esempio,it,1815,0.00018167001837809948,0
esempio,it,1942,0.00020408008720096404,0
esempio,it,1816,0.00017497975193236925,0
esempio,it,1818,0.0001792398626321301,0
esempio,it,1819,0.0001756872692340039,0
esempio,it,1820,0.0001791870864167322,0
esempio,it,1821,0.0001733868350584089,0
esempio,it,1822,0.00016649402448365436,0
esempio,it,1823,0.0001688195694669048,0
esempio,it,1824,0.00016226867379032228,0
esempio,it,1825,0.00017466824880330023,0
esempio,it,1826,0.0001973587434918045,0
esempio,it,1817,0.00017347565881209448,0
esempio,it,1760,0.0001485581438593897,0
esempio,it,1943,0.0002042400720938531,0
esempio,it,1945,0.00022354617408382182,0
пример,ru,1639,0.0,0
пример,ru,1640,0.0,0
пример,ru,1641,0.0,0
пример,ru,1642,0.0,0
пример,ru,1643,0.0,0
пример,ru,1644,0.0,0
пример,ru,1645,0.0,0
пример,ru,1646,0.0,0
пример,ru,1647,0.0,0
пример,ru,1648,0.0,0
пример,ru,1649,0.0,0
пример,ru,1650,0.0,0
пример,ru,1651,0.0,0
пример,ru,1652,0.0,0
пример,ru,1653,0.0,0
пример,ru,1654,0.0,0
пример,ru,1655,0.0,0
пример,ru,1656,0.0,0
пример,ru,1657,0.0,0
пример,ru,1638,0.0,0
пример,ru,1658,0.0,0
пример,ru,1637,0.0,0
пример,ru,1635,0.0,0
пример,ru,1616,0.0,0
пример,ru,1617,0.0,0
пример,ru,1618,0.0,0
пример,ru,1619,0.0,0
пример,ru,1620,0.0,0
пример,ru,1621,0.0,0
пример,ru,1622,0.0,0
пример,ru,1623,0.0,0
пример,ru,1624,0.0,0
пример,ru,1625,0.0,0
пример,ru,1626,0.0,0
пример,ru,1627,0.0,0
пример,ru,1628,0.0,0
пример,ru,1629,0.0,0
пример,ru,1630,0.0,0
пример,ru,1631,0.0,0
пример,ru,1632,0.0,0
пример,ru,1633,0.0,0
пример,ru,1634,0.0,0
пример,ru,1636,0.0,0
пример,ru,1615,0.0,0
пример,ru,1659,0.0,0
пример,ru,1661,0.0,0
пример,ru,1685,0.0,0
пример,ru,1686,0.0,0
пример,ru,1687,0.0,0
пример,ru,1688,0.0,0
пример,ru,1689,0.0,0
пример,ru,1690,0.0,0
пример,ru,1691,0.0,0
пример,ru,1692,0.0,0
пример,ru,1693,0.0,0
пример,ru,1694,0.0,0
пример,ru,1695,0.0,0
пример,ru,1696,0.0,0
пример,ru,1697,0.0,0
пример,ru,1698,0.0,0
пример,ru,1699,0.0,0
пример,ru,1700,0.0,0
пример,ru,1701,0.0,0
пример,ru,1702,0.0,0
пример,ru,1703,0.0,0
пример,ru,1684,0.0,0
пример,ru,1660,0.0,0
пример,ru,1683,0.0,0
пример,ru,1681,0.0,0
пример,ru,1662,0.0,0
пример,ru,1663,0.0,0
пример,ru,1664,0.0,0
пример,ru,1665,0.0,0
пример,ru,1666,0.0,0
пример,ru,1667,0.0,0
пример,ru,1668,0.0,0
пример,ru,1669,0.0,0
пример,ru,1670,0.0,0
пример,ru,1671,0.0,0
пример,ru,1672,0.0,0
пример,ru,1673,0.0,0
пример,ru,1674,0.0,0
пример,ru,1675,0.0,0
пример,ru,1676,0.0,0
пример,ru,1677,0.0,0
пример,ru,1678,0.0,0
пример,ru,1679,0.0,0
пример,ru,1680,0.0,0
пример,ru,1682,0.0,0
пример,ru,1614,0.0,0
пример,ru,1613,0.0,0
пример,ru,1612,0.0,0
esempio,it,1969,0.0002342735859575118,0
esempio,it,1970,0.00024533801035886427,0
esempio,it,1971,0.00023657896733197958,0
esempio,it,1972,0.0002513747748196238,0
esempio,it,1973,0.00026666224141536077,0
esempio,it,1974,0.0002782776374488094,0
esempio,it,1975,0.00026360437851735696,0
esempio,it,1976,0.00028222426536217426,0
esempio,it,1977,0.00028555602634128263,0
esempio,it,1978,0.0002819040098529513,0
esempio,it,1979,0.0002813257490288379,0
esempio,it,1980,0.00028544168041078066,0
esempio,it,1981,0.0002871090255212039,0
esempio,it,1982,0.0002784873834684731,0
esempio,it,1983,0.0002662381031655059,0
esempio,it,1984,0.0002810140142059936,0
esempio,it,1985,0.00028528374056691064,0
esempio,it,1986,0.00028241399667194855,0
esempio,it,1987,0.00028952574820095833,0
esempio,it,1968,0.00022050622249025764,0
esempio,it,1988,0.00029592875762318727,0
esempio,it,1967,0.0002455485167160987,0
esempio,it,1965,0.0002319739958664968,0
esempio,it,1946,0.0002111381920144595,0
esempio,it,1947,0.000221844332031651,0
esempio,it,1948,0.00020208397295706781,0
esempio,it,1949,0.00021098432495292307,0
esempio,it,1950,0.00021670954038199852,0
esempio,it,1951,0.00020998634772695368,0
esempio,it,1952,0.0002191702552256647,0
esempio,it,1953,0.0002212964190562161,0
esempio,it,1954,0.00021284490304651627,0
esempio,it,1955,0.0002068639185495158,0
esempio,it,1956,0.0002138497890769031,0
esempio,it,1957,0.00021109380884354323,0
esempio,it,1958,0.00027041596598209594,0
esempio,it,1959,0.00023255084292284067,0
esempio,it,1960,0.00023474055626593326,0
esempio,it,1961,0.00020679496662978636,0
esempio,it,1962,0.00023683658969275712,0
esempio,it,1963,0.00023420755968572848,0
esempio,it,1964,0.0002217489754627877,0
esempio,it,1966,0.00023705031777909724,0
esempio,it,1989,0.0002821405789745768,0
esempio,it,1990,0.0002867293260919723,0
esempio,it,1991,0.0002657358552937694,0
esempio,it,2016,0.00027808304434984166,0
esempio,it,2017,0.00027083619204404386,0
esempio,it,2018,0.00026391853555196576,0
esempio,it,2019,0.00027016727756290493,0
esempio,it,2020,0.0002912101200999717,0
esempio,it,2021,0.000281222728901076,0
esempio,it,2022,0.000272764965643546,0
пример,ru,1600,0.0,0
пример,ru,1601,0.0,0
пример,ru,1602,0.0,0
пример,ru,1603,0.0,0
пример,ru,1604,0.0,0
пример,ru,1605,0.0,0
пример,ru,1606,0.0,0
пример,ru,1607,0.0,0
пример,ru,1608,0.0,0
пример,ru,1609,0.0,0
пример,ru,1610,0.0,0
пример,ru,1611,0.0,0
esempio,it,2015,0.0002956478363103088,0
esempio,it,2014,0.0003013220557477325,0
esempio,it,2013,0.00030800451906998205,0
esempio,it,2012,0.0003153362231258505,0
esempio,it,1992,0.0002847772024912043,0
esempio,it,1993,0.00029434948803253036,0
esempio,it,1994,0.00028718029641294773,0
esempio,it,1995,0.0002976462125161561,0
esempio,it,1996,0.00030905237033840294,0
esempio,it,1997,0.0003046342030756932,0
esempio,it,1998,0.0002960606586257519,0
esempio,it,1999,0.0002984810109865066,0
esempio,it,2000,0.0003095926755349865,0
esempio,it,1944,0.00021992611050336563,0
esempio,it,2001,0.00033992251947201346,0
esempio,it,2003,0.00036731910080334274,0
esempio,it,2004,0.0003951909123998121,0
esempio,it,2005,0.0003856945345432905,0
esempio,it,2006,0.00039617999567109763,0
esempio,it,2007,0.0003898960678725416,0
esempio,it,2008,0.0003814399672705804,0
esempio,it,2009,0.000367521467012466,0
esempio,it,2010,0.0003398851653524382,0
esempio,it,2011,0.0003305442724013119,0
esempio,it,2002,0.0003642174309748114,0
пример,ru,1704,0.0,0
esempio,it,1759,0.00016440740172640744,0
esempio,it,1757,0.0001476275014979933,0
Beispiel,de,1930,9.593788731865338e-05,0
Beispiel,de,1931,9.683586472575278e-05,0
Beispiel,de,1932,9.418487906209805e-05,0
Beispiel,de,1933,9.606241044890496e-05,0
Beispiel,de,1934,0.00010641499163299706,0
Beispiel,de,1935,0.00010335721267784592,0
Beispiel,de,1936,9.346949118205217e-05,0
Beispiel,de,1937,0.00010316459363157726,0
Beispiel,de,1938,0.00010185443124077764,0
Beispiel,de,1939,0.00010345859681937242,0
Beispiel,de,1940,0.00010546687528645293,0
Beispiel,de,1941,0.00011072177259263682,0
Beispiel,de,1942,0.00010047205172192264,0
Beispiel,de,1943,0.00010261585277060448,0
Beispiel,de,1944,0.00011703416831565505,0
Beispiel,de,1945,0.00011061688003799475,0
Beispiel,de,1946,0.00018339409312773114,0
Beispiel,de,1947,0.00014372004693741225,0
Beispiel,de,1948,0.00013577507050399618,0
Beispiel,de,1929,9.343538441441979e-05,0
Beispiel,de,1949,0.00011082193389988504,0
Beispiel,de,1928,8.947766861777673e-05,0
Beispiel,de,1926,9.020623154754048e-05,0
Beispiel,de,1907,7.075762885122572e-05,0
Beispiel,de,1908,7.883173412862043e-05,0
Beispiel,de,1909,7.069912862101013e-05,0
Beispiel,de,1910,7.382733409788678e-05,0
Beispiel,de,1911,7.869287552375592e-05,0
Beispiel,de,1912,7.608603199282804e-05,0
Beispiel,de,1913,8.054654721778576e-05,0
Beispiel,de,1914,7.53829166935116e-05,0
Beispiel,de,1915,8.088903108810497e-05,0
Beispiel,de,1916,7.296122764677282e-05,0
Beispiel,de,1917,9.052589764380059e-05,0
Beispiel,de,1918,8.383146635293492e-05,0
Beispiel,de,1919,8.845297242254802e-05,0
Beispiel,de,1920,8.237195813531883e-05,0
Beispiel,de,1921,8.702578317754117e-05,0
Beispiel,de,1922,8.452632800137749e-05,0
Beispiel,de,1923,9.590023046146534e-05,0
Beispiel,de,1924,8.384038786202197e-05,0
Beispiel,de,1925,8.677702614900973e-05,0
Beispiel,de,1927,9.062481383059762e-05,0
Beispiel,de,1906,7.044652156174003e-05,0
Beispiel,de,1950,0.0001084877320397526,0
Beispiel,de,1952,0.0001331997443045907,0
Beispiel,de,1976,0.0001842157394191246,0
Beispiel,de,1977,0.00018883848331718855,0
Beispiel,de,1978,0.00018762299289609707,0
Beispiel,de,1979,0.0001669881292598041,0
Beispiel,de,1980,0.0001806818044656766,0
Beispiel,de,1981,0.00018750151988911057,0
Beispiel,de,1982,0.00018223591473320866,0
Beispiel,de,1983,0.00018399571752225619,0
Beispiel,de,1984,0.00019068230551105847,0
Beispiel,de,1985,0.00018449798930431083,0
Beispiel,de,1986,0.00019178306976419535,0
Beispiel,de,1987,0.00018877316106302722,0
Beispiel,de,1988,0.00019392273896745582,0
Beispiel,de,1989,0.00019884437454087411,0
Beispiel,de,1990,0.00019362347768692167,0
Beispiel,de,1991,0.00019954213006567745,0
Beispiel,de,1992,0.00019118056196110178,0
Beispiel,de,1993,0.0001874469324085748,0
Beispiel,de,1994,0.00019416259110527356,0
Beispiel,de,1975,0.0001827635745919043,0
Beispiel,de,1951,0.000131196863030425,0
Beispiel,de,1974,0.00017595116520396914,0
Beispiel,de,1972,0.0001763667407995717,0
Beispiel,de,1953,0.00013470469359400106,0
Beispiel,de,1954,0.00013859927660331284,0
Beispiel,de,1955,0.0001343787785176298,0
Beispiel,de,1956,0.00013461483059984403,0
Beispiel,de,1957,0.0001426943536597669,0
Beispiel,de,1958,0.00013957459275432127,0
Beispiel,de,1959,0.00014719165625187713,0
Beispiel,de,1960,0.0001481401996841214,0
Beispiel,de,1961,0.00013180250205202526,0
Beispiel,de,1962,0.00012254136090328327,0
Beispiel,de,1963,0.0001413889650812572,0
Beispiel,de,1964,0.00013826747880330004,0
Beispiel,de,1965,0.0001452006093387581,0
Beispiel,de,1966,0.0001437148937668553,0
Beispiel,de,1967,0.00013998434938822246,0
Beispiel,de,1968,0.00015721139182583999,0
Beispiel,de,1969,0.00015881907101511494,0
Beispiel,de,1970,0.00016478523463736572,0
Beispiel,de,1971,0.00016823704541479856,0
Beispiel,de,1973,0.00017722198616432205,0
Beispiel,de,1905,7.186420084648315e-05,0
Beispiel,de,1904,7.386164007811002e-05,0
Beispiel,de,1903,6.563672256998387e-05,0
Beispiel,de,1837,5.247089334103894e-05,0
Beispiel,de,1838,5.093114108234431e-05,0
Beispiel,de,1839,5.356016608515368e-05,0
Beispiel,de,1840,5.162158198812605e-05,0
Beispiel,de,1841,5.176461200884219e-05,0
Beispiel,de,1842,5.334926236422177e-05,0
Beispiel,de,1843,5.3840737193666666e-05,0
Beispiel,de,1844,5.2731450665532975e-05,0
Beispiel,de,1845,5.499238599693257e-05,0
Beispiel,de,1846,5.384421544363249e-05,0
Beispiel,de,1847,5.4978345572997966e-05,0
Beispiel,de,1848,5.333180468314325e-05,0
Beispiel,de,1849,4.895762600654052e-05,0
Beispiel,de,1850,5.235194798558496e-05,0
Beispiel,de,1851,5.0611911026177125e-05,0
Beispiel,de,1852,5.23632266435925e-05,0
Beispiel,de,1853,4.909705033973033e-05,0
Beispiel,de,1854,4.746181661435811e-05,0
Beispiel,de,1855,4.828525068356626e-05,0
Beispiel,de,1836,5.041059243615642e-05,0
Beispiel,de,1856,4.92788433037461e-05,0
Beispiel,de,1835,4.87620713371939e-05,0
Beispiel,de,1833,5.365237642507292e-05,0
Beispiel,de,1814,3.1765031791586296e-05,0
Beispiel,de,1815,3.340273254082149e-05,0
Beispiel,de,1816,3.1100547352114205e-05,0
Beispiel,de,1817,3.378826473787733e-05,0
Beispiel,de,1818,3.5747054936474676e-05,0
Beispiel,de,1819,3.7123766831737015e-05,0
Beispiel,de,1820,3.396275375244784e-05,0
Beispiel,de,1821,3.581102633942734e-05,0
Beispiel,de,1822,4.233841565892682e-05,0
Beispiel,de,1823,4.125326816151187e-05,0
Beispiel,de,1824,4.5335461148487965e-05,0
Beispiel,de,1825,4.190281480731528e-05,0
Beispiel,de,1826,4.186750958523611e-05,0
Beispiel,de,1827,4.495978737328876e-05,0
Beispiel,de,1828,4.67167228834775e-05,0
Beispiel,de,1829,4.9195423450498765e-05,0
Beispiel,de,1830,5.214450270352167e-05,0
Beispiel,de,1831,5.026879052105748e-05,0
Beispiel,de,1832,5.053335326232755e-05,0
Beispiel,de,1834,4.961434404826548e-05,0
Beispiel,de,1857,4.886210061116891e-05,0
Beispiel,de,1858,4.874528298015601e-05,0
Beispiel,de,1859,4.8358311021012845e-05,0
Beispiel,de,1884,4.5869989993452265e-05,0
Beispiel,de,1885,4.7219878839932505e-05,0
Beispiel,de,1886,4.7521630079205845e-05,0
Beispiel,de,1887,4.731120550752199e-05,0
Beispiel,de,1888,4.899051597095916e-05,0
Beispiel,de,1889,4.891081214983273e-05,0
Beispiel,de,1890,4.9686549455557616e-05,0
Beispiel,de,1891,5.013695047439981e-05,0
Beispiel,de,1892,5.0839819448533774e-05,0
Beispiel,de,1893,5.27308385587788e-05,0
Beispiel,de,1894,5.074987715103507e-05,0
Beispiel,de,1895,5.1510382642505625e-05,0
Beispiel,de,1896,5.4804465991376006e-05,0
Beispiel,de,1897,5.3947633971096476e-05,0
Beispiel,de,1898,5.074790392076145e-05,0
Beispiel,de,1899,5.8433936181545576e-05,0
Beispiel,de,1900,6.188323015976493e-05,0
Beispiel,de,1901,6.829232671723418e-05,0
Beispiel,de,1902,7.057698526885536e-05,0
Beispiel,de,1883,4.3194731545903586e-05,0
Beispiel,de,1882,4.5518143348299844e-05,0
Beispiel,de,1881,4.374935374579225e-05,0
Beispiel,de,1880,4.444069857134636e-05,0
Beispiel,de,1860,5.02765173737707e-05,0
Beispiel,de,1861,5.1143403193232295e-05,0
Beispiel,de,1862,4.858678768038249e-05,0
Beispiel,de,1863,4.889665484947292e-05,0
Beispiel,de,1864,4.4507867257792544e-05,0
Beispiel,de,1865,4.6055919557197456e-05,0
Beispiel,de,1866,4.4398564416070485e-05,0
Beispiel,de,1867,4.441935170429456e-05,0
Beispiel,de,1868,4.4866012579136694e-05,0
Beispiel,de,1995,0.00018384946714311567,0
Beispiel,de,1869,4.6407774601964213e-05,0
Beispiel,de,1871,4.440403055649966e-05,0
Beispiel,de,1872,4.527396755432678e-05,0
Beispiel,de,1873,4.342403446111476e-05,0
Beispiel,de,1874,4.6995638219637925e-05,0
Beispiel,de,1875,4.6418958906668806e-05,0
Beispiel,de,1876,4.360983515300232e-05,0
Beispiel,de,1877,4.5662153994263655e-05,0
Beispiel,de,1878,4.421217478023376e-05,0
Beispiel,de,1879,4.506942046711426e-05,0
Beispiel,de,1870,4.495663249515225e-05,0
esempio,it,1758,0.000154318661770958,0
Beispiel,de,1996,0.00020180979208817007,0
Beispiel,de,1998,0.00021108548587145393,0
esempio,it,1692,0.0001305633304422571,0
esempio,it,1693,0.00013703236299278387,0
esempio,it,1694,0.00011686952029776876,0
esempio,it,1695,0.0001464524792282873,0
esempio,it,1696,0.0002161123228603401,0
esempio,it,1697,0.00011622715055636945,0
esempio,it,1698,0.00010667254962015704,0
esempio,it,1699,0.0001850338204398838,0
esempio,it,1700,0.00015917813868782105,0
esempio,it,1701,0.00013385766924045583,0
esempio,it,1702,0.0001428383991424198,0
esempio,it,1703,9.176951284750601e-05,0
esempio,it,1704,0.00014333329102100834,0
esempio,it,1705,0.00013991214197517365,0
esempio,it,1706,0.0001378640814522214,0
esempio,it,1707,0.00012168374030352425,0
esempio,it,1708,0.00014667336665752373,0
esempio,it,1709,0.00013658704665431287,0
esempio,it,1710,0.0001633657997661686,0
esempio,it,1691,9.020836663609089e-05,0
esempio,it,1711,0.0001618472856534936,0
esempio,it,1690,0.00013820057417923692,0
esempio,it,1688,0.00010239819057744626,0
esempio,it,1669,8.086258439554683e-05,0
esempio,it,1670,0.00010452240428548976,0
esempio,it,1671,0.0001200213862802002,0
esempio,it,1672,8.399614818177525e-05,0
esempio,it,1673,0.00016563211032760705,0
esempio,it,1674,0.00010652218676021619,0
esempio,it,1675,0.00012096618765689016,0
esempio,it,1676,0.00011826802230885392,0
esempio,it,1677,8.242172906580691e-05,0
esempio,it,1678,0.00010772687717697238,0
esempio,it,1679,0.0001268035469257356,0
esempio,it,1680,9.901536481482509e-05,0
esempio,it,1681,0.00011645875520116533,0
esempio,it,1682,0.00010987103935100606,0
esempio,it,1683,0.00010638755894376573,0
esempio,it,1684,0.0001565453214595891,0
esempio,it,1685,0.000145399818903158,0
esempio,it,1686,0.00010356010739087651,0
esempio,it,1687,0.00015534571744524328,0
esempio,it,1689,0.0001232690431862693,0
esempio,it,1668,9.3712113603317e-05,0
esempio,it,1712,0.00013611554736492337,0
esempio,it,1714,0.00016632882267231253,0
esempio,it,1738,0.0001329122790725279,0
esempio,it,1739,0.0001779456561052939,0
esempio,it,1740,0.00014865606101466255,0
esempio,it,1741,0.00012285726390981466,0
esempio,it,1742,0.00015523964834507353,0
esempio,it,1743,0.00013892361836909117,0
esempio,it,1744,0.00014483854254621065,0
esempio,it,1745,0.00016329319359442707,0
esempio,it,1746,0.00010445874978870506,0
esempio,it,1747,0.00014698082652486733,0
esempio,it,1748,0.00021645187876373484,0
esempio,it,1749,0.00016610065856781375,0
esempio,it,1750,0.00016408296637671071,0
esempio,it,1751,0.00017757828275932752,0
esempio,it,1752,0.0001645626628876684,0
esempio,it,1753,0.00016768052255855537,0
esempio,it,1754,0.0001635992713531209,0
esempio,it,1755,0.00014171550439812108,0
esempio,it,1756,0.00017380934486510569,0
esempio,it,1737,0.0001665243674082717,0
esempio,it,1713,0.00014018308509733401,0
esempio,it,1736,0.00013003243569542633,0
esempio,it,1734,0.00013792976700699455,0
esempio,it,1715,0.00017128649324149592,0
esempio,it,1716,0.0002079770842708939,0
esempio,it,1717,0.0001776021394448435,0
esempio,it,1718,0.00026421767967121923,0
esempio,it,1719,0.000169659988394244,0
esempio,it,1720,0.00015537598478942982,0
esempio,it,1721,0.00012584155284400822,0
esempio,it,1722,0.00017777225523829543,0
esempio,it,1723,0.00014194000971912146,0
esempio,it,1724,0.00015342085799829874,0
esempio,it,1725,0.00015131556224901033,0
esempio,it,1726,0.00013429859754410245,0
esempio,it,1727,0.00016259927534179042,0
esempio,it,1728,0.0001419765791368377,0
esempio,it,1729,0.00015636711063393705,0
esempio,it,1730,0.00013628451765246297,0
esempio,it,1731,0.00020403561211423948,0
esempio,it,1732,0.00016688537687770122,0
esempio,it,1733,0.00013327449062217056,0
esempio,it,1735,0.00015331816776154028,0
esempio,it,1667,0.00011687556565220802,0
esempio,it,1666,8.546210085569328e-05,0
esempio,it,1665,5.447207308151292e-05,0
Beispiel,de,2022,0.00018738302731191592,0
esempio,it,1600,5.9109302640081296e-05,0
esempio,it,1601,2.923677735111596e-05,0
esempio,it,1602,2.4533461020936898e-05,0
esempio,it,1603,3.5151770653385483e-05,0
esempio,it,1604,4.227397897693663e-05,0
esempio,it,1605,2.4457567135982572e-05,0
esempio,it,1606,4.089829174347415e-05,0
esempio,it,1607,4.5658608925691624e-05,0
esempio,it,1608,2.745941364423743e-05,0
esempio,it,1609,5.911681355286191e-05,0
esempio,it,1610,3.194174325926724e-05,0
esempio,it,1611,8.339115161959398e-05,0
esempio,it,1612,2.6015202763574052e-05,0
esempio,it,1613,5.603769680639914e-05,0
esempio,it,1614,4.18768237580025e-05,0
esempio,it,1615,5.057271784636441e-05,0
esempio,it,1616,3.287358768488957e-05,0
esempio,it,1617,3.765128091615111e-05,0
Beispiel,de,2021,0.0001886728477042965,0
esempio,it,1618,3.332218125251529e-05,0
Beispiel,de,2020,0.0002109459517655593,0
Beispiel,de,2018,0.0002171531701198326,0
Beispiel,de,1999,0.00020444886854686928,0
Beispiel,de,2000,0.00022521876835512877,0
Beispiel,de,2001,0.00022677384097868902,0
Beispiel,de,2002,0.00022823414451078605,0
Beispiel,de,2003,0.00023585288410421512,0
Beispiel,de,2004,0.00025831891534267015,0
Beispiel,de,2005,0.0002762154959766727,0
Beispiel,de,2006,0.0002815409337078023,0
Beispiel,de,2007,0.00030873002483272627,0
Beispiel,de,2008,0.0003027078616422152,0
Beispiel,de,2009,0.0002887913853549806,0
Beispiel,de,2010,0.00029037026980915925,0
Beispiel,de,2011,0.00027897775033070005,0
Beispiel,de,2012,0.0002618298184771106,0
Beispiel,de,2013,0.00030432216473419427,0
Beispiel,de,2014,0.00024969445254391376,0
Beispiel,de,2015,0.00023347993472733197,0
Beispiel,de,2016,0.00023455356790624826,0
Beispiel,de,2017,0.0002224973829929311,0
Beispiel,de,2019,0.0002185819751245599,0
esempio,it,1619,4.2572145739327993e-05,0
esempio,it,1620,5.176938888951099e-05,0
esempio,it,1621,5.682926456529458e-05,0
esempio,it,1646,9.39040662615298e-05,0
esempio,it,1647,8.147898380173046e-05,0
esempio,it,1648,7.378997005957899e-05,0
esempio,it,1649,0.0001183044032586622,0
esempio,it,1650,7.450211704451704e-05,0
esempio,it,1651,0.00010704651653625774,0
esempio,it,1652,9.485242486562129e-05,0
esempio,it,1653,8.960831678450631e-05,0
esempio,it,1654,9.110782593779732e-05,0
esempio,it,1655,0.00010461008621831525,0
esempio,it,1656,0.00013534206185283892,0
esempio,it,1657,9.135535438886677e-05,0
esempio,it,1658,9.377553795353322e-05,0
esempio,it,1659,8.503642569479553e-05,0
esempio,it,1660,8.834937904111939e-05,0
esempio,it,1661,7.98636913827977e-05,0
esempio,it,1662,9.16850261774016e-05,0
esempio,it,1663,0.00010768430206553603,0
esempio,it,1664,9.815238159660566e-05,0
esempio,it,1645,9.844900701949655e-05,0
esempio,it,1644,9.336838658668967e-05,0
esempio,it,1643,0.00013794445169779124,0
esempio,it,1642,9.959724988561902e-05,0
esempio,it,1622,5.2173974523839206e-05,0
esempio,it,1623,4.9291301394305265e-05,0
esempio,it,1624,6.980330423544956e-05,0
esempio,it,1625,6.82498030570855e-05,0
esempio,it,1626,7.794642549185937e-05,0
esempio,it,1627,9.076233265403744e-05,0
esempio,it,1628,5.806599978086524e-05,0
esempio,it,1629,6.727577061838019e-05,0
esempio,it,1630,8.414183506033623e-05,0
Beispiel,de,1997,0.0002118270170399228,0
esempio,it,1631,0.00010829250595634221,0
esempio,it,1633,8.009239450501582e-05,0
esempio,it,1634,7.090779141094572e-05,0
esempio,it,1635,0.00010438044463967344,0
esempio,it,1636,9.870281397894587e-05,0
esempio,it,1637,7.366934425334648e-05,0
esempio,it,1638,5.721745391440436e-05,0
esempio,it,1639,8.511645185649286e-05,0
esempio,it,1640,6.494605967866107e-05,0
esempio,it,1641,8.618209761834805e-05,0
esempio,it,1632,0.00012468304719703838,0
пример,ru,1705,0.0,0
пример,ru,1706,0.0,0
пример,ru,1707,0.0,0
ejemplo,es,1773,5.94483253735234e-07,0
ejemplo,es,1774,1.5239024264701584e-07,0
ejemplo,es,1775,7.87378553468443e-08,0
ejemplo,es,1776,3.6534152201284087e-06,0
ejemplo,es,1777,1.2157926008171671e-06,0
ejemplo,es,1778,0.0,0
ejemplo,es,1779,1.8514998600949184e-07,0
ejemplo,es,1780,5.368311235542933e-07,0
ejemplo,es,1781,2.5576752094025323e-06,0
ejemplo,es,1782,3.833263548358445e-06,0
ejemplo,es,1783,4.7127457492024405e-07,0
ejemplo,es,1784,1.1450644166188795e-07,0
ejemplo,es,1785,7.060057072294512e-08,0
ejemplo,es,1786,1.3873645748674335e-05,0
ejemplo,es,1787,5.240933774075529e-06,0
ejemplo,es,1788,5.414432507677702e-06,0
ejemplo,es,1789,2.173082407352922e-07,0
ejemplo,es,1790,0.0,0
ejemplo,es,1791,5.268836815730538e-07,0
ejemplo,es,1772,0.0,0
ejemplo,es,1792,1.4932054170913034e-07,0
ejemplo,es,1771,2.1668299154953274e-07,0
ejemplo,es,1769,0.0,0
ejemplo,es,1750,3.6233430478205264e-08,0
ejemplo,es,1751,0.0,0
ejemplo,es,1752,3.3826140111159475e-08,0
ejemplo,es,1753,3.307999989488053e-06,0
ejemplo,es,1754,4.4096944407101546e-07,0
ejemplo,es,1755,2.8890696057715104e-08,0
ejemplo,es,1756,3.2122184165928047e-06,0
ejemplo,es,1757,2.543889081607631e-07,0
ejemplo,es,1758,0.0,0
ejemplo,es,1759,0.0,0
ejemplo,es,1760,2.438468698073848e-07,0
ejemplo,es,1761,1.7144105868283077e-07,0
ejemplo,es,1762,2.1485059278347762e-06,0
ejemplo,es,1763,2.383803575867205e-06,0
ejemplo,es,1764,2.175301915485761e-06,0
ejemplo,es,1765,3.637486116758737e-06,0
ejemplo,es,1766,2.5297983086147724e-06,0
ejemplo,es,1767,1.3933847640146269e-06,0
ejemplo,es,1768,1.8228507769890712e-06,0
ejemplo,es,1770,0.0,0
ejemplo,es,1749,0.0,0
ejemplo,es,1793,0.0,0
ejemplo,es,1795,2.4785041574659772e-08,0
ejemplo,es,1819,6.437415391502554e-05,0
ejemplo,es,1820,8.511052885751269e-05,0
ejemplo,es,1821,0.00014158312222889435,0
ejemplo,es,1822,0.00011291172086203005,0
ejemplo,es,1823,0.00010652739683791879,0
ejemplo,es,1824,0.00011572983873975318,0
ejemplo,es,1825,8.9711291735739e-05,0
ejemplo,es,1826,0.00010127515446356483,0
ejemplo,es,1827,9.524909467018006e-05,0
ejemplo,es,1828,8.142816705003497e-05,0
ejemplo,es,1829,7.624728630162281e-05,0
ejemplo,es,1830,9.317860498114783e-05,0
ejemplo,es,1831,0.00010947096632207831,0
ejemplo,es,1832,0.00010887248265589733,0
ejemplo,es,1833,0.00012061845177413488,0
ejemplo,es,1834,0.00014665154375848033,0
ejemplo,es,1835,0.00019054617598612822,0
ejemplo,es,1836,0.00011174036458783121,0
ejemplo,es,1837,0.00013809526808472583,0
ejemplo,es,1818,5.837877205294717e-05,0
ejemplo,es,1794,3.492583040554109e-07,0
ejemplo,es,1817,2.20278130314e-05,0
ejemplo,es,1815,3.120888024454871e-05,0
ejemplo,es,1796,6.759479731499596e-08,0
ejemplo,es,1797,5.506903448804223e-07,0
ejemplo,es,1798,1.659416604127273e-07,0
ejemplo,es,1799,1.2651107681449503e-06,0
ejemplo,es,1800,2.3895022749798045e-05,0
ejemplo,es,1801,1.7912277598952642e-06,0
ejemplo,es,1802,2.9922247080094166e-07,0
ejemplo,es,1803,9.77128479462408e-07,0
ejemplo,es,1804,1.1489887583593372e-06,0
ejemplo,es,1805,7.932661816312248e-08,0
ejemplo,es,1806,4.044874913233798e-06,0
ejemplo,es,1807,7.124576995920506e-06,0
ejemplo,es,1808,5.522823173009783e-06,0
ejemplo,es,1809,8.559324243151423e-06,0
ejemplo,es,1810,5.83091636485733e-06,0
ejemplo,es,1811,1.8599055238155415e-06,0
ejemplo,es,1812,1.711257422698509e-05,0
ejemplo,es,1813,3.1938707820700074e-06,0
ejemplo,es,1814,3.4091431473370903e-06,0
ejemplo,es,1816,1.609622992759796e-05,0
ejemplo,es,1748,1.213452918591429e-06,0
ejemplo,es,1747,6.025321113156679e-07,0
ejemplo,es,1746,1.5822323007341765e-07,0
ejemplo,es,1680,3.9838745635734085e-08,0
ejemplo,es,1681,4.8383662942796946e-06,0
ejemplo,es,1682,1.1558628330021747e-06,0
ejemplo,es,1683,3.56837472281768e-06,0
ejemplo,es,1684,0.0,0
ejemplo,es,1685,0.0,0
ejemplo,es,1686,0.0,0
ejemplo,es,1687,0.0,0
ejemplo,es,1688,0.0,0
ejemplo,es,1689,2.7260775397053294e-06,0
ejemplo,es,1690,0.0,0
ejemplo,es,1691,1.0107351045007817e-06,0
ejemplo,es,1692,0.0,0
ejemplo,es,1693,0.0,0
ejemplo,es,1694,0.0,0
ejemplo,es,1695,0.0,0
ejemplo,es,1696,1.2344025890342891e-06,0
ejemplo,es,1697,1.745360464155965e-06,0
ejemplo,es,1698,3.6486667909230164e-08,0
ejemplo,es,1679,0.0,0
ejemplo,es,1699,2.1058208687918523e-07,0
ejemplo,es,1678,0.0,0
ejemplo,es,1676,0.0,0
ejemplo,es,1657,0.0,0
ejemplo,es,1658,2.433961867609469e-07,0
ejemplo,es,1659,0.0,0
ejemplo,es,1660,3.807643224718049e-06,0
ejemplo,es,1661,1.898244192943821e-07,0
ejemplo,es,1662,0.0,0
ejemplo,es,1663,0.0,0
ejemplo,es,1664,3.799436143481216e-08,0
ejemplo,es,1665,1.3841670636338677e-06,0
ejemplo,es,1666,6.716112295634957e-06,0
ejemplo,es,1667,0.0,0
ejemplo,es,1668,0.0,0
ejemplo,es,1669,5.853086513241124e-07,0
ejemplo,es,1670,0.0,0
ejemplo,es,1671,3.470088643098279e-06,0
ejemplo,es,1672,8.783089100461439e-08,0
ejemplo,es,1673,0.0,0
ejemplo,es,1674,0.0,0
ejemplo,es,1675,9.432002912035387e-08,0
ejemplo,es,1677,2.839362878148677e-07,0
ejemplo,es,1700,5.60530175164331e-07,0
ejemplo,es,1701,5.396642421828801e-08,0
ejemplo,es,1702,0.0,0
ejemplo,es,1727,0.0,0
ejemplo,es,1728,0.0,0
ejemplo,es,1729,0.0,0
ejemplo,es,1730,0.0,0
ejemplo,es,1731,9.205164985814918e-08,0
ejemplo,es,1732,1.8752521562248603e-06,0
ejemplo,es,1733,3.3558158349933365e-06,0
ejemplo,es,1734,1.1736486058566697e-06,0
ejemplo,es,1735,1.103207239339099e-06,0
ejemplo,es,1736,0.0,0
ejemplo,es,1737,3.5148056589662247e-06,0
ejemplo,es,1738,1.1614470452059322e-06,0
ejemplo,es,1739,0.0,0
ejemplo,es,1740,0.0,0
ejemplo,es,1741,0.0,0
ejemplo,es,1742,0.0,0
ejemplo,es,1743,5.476147180161206e-08,0
ejemplo,es,1744,0.0,0
ejemplo,es,1745,4.397050830107219e-06,0
ejemplo,es,1726,0.0,0
ejemplo,es,1725,0.0,0
ejemplo,es,1724,0.0,0
ejemplo,es,1723,2.5760515143247176e-07,0
ejemplo,es,1703,0.0,0
ejemplo,es,1704,0.0,0
ejemplo,es,1705,0.0,0
ejemplo,es,1706,0.0,0
ejemplo,es,1707,0.0,0
ejemplo,es,1708,0.0,0
ejemplo,es,1709,0.0,0
ejemplo,es,1710,0.0,0
ejemplo,es,1711,1.4996111303844373e-06,0
ejemplo,es,1838,0.00011158369264308021,0
ejemplo,es,1712,0.0,0
ejemplo,es,1714,0.0,0
ejemplo,es,1715,0.0,0
ejemplo,es,1716,0.0,0
ejemplo,es,1717,0.0,0
ejemplo,es,1718,0.0,0
ejemplo,es,1719,0.0,0
ejemplo,es,1720,0.0,0
ejemplo,es,1721,0.0,0
ejemplo,es,1722,0.0,0
ejemplo,es,1713,0.0,0
ejemplo,es,1656,0.0,0
ejemplo,es,1839,0.00017585404441433639,0
ejemplo,es,1841,0.00015982469966502322,0
ejemplo,es,1958,0.00016158847705582957,0
ejemplo,es,1959,0.00016800643999204112,0
ejemplo,es,1960,0.0001714258349920783,0
ejemplo,es,1961,0.00018085482815877185,0
ejemplo,es,1962,0.00018179089329350973,0
ejemplo,es,1963,0.00018159658634431253,0
ejemplo,es,1964,0.00015956987368781483,0
ejemplo,es,1965,0.00018493490651239064,0
ejemplo,es,1966,0.00018206652856544991,0
ejemplo,es,1967,0.00018027385056029743,0
ejemplo,es,1968,0.00018295770405529765,0
ejemplo,es,1969,0.00018374767796558444,0
ejemplo,es,1970,0.00019455515109711996,0
ejemplo,es,1971,0.00018984938476163116,0
ejemplo,es,1972,0.00019650103558888077,0
ejemplo,es,1973,0.0002101696096588057,0
ejemplo,es,1974,0.00021275736878578755,0
ejemplo,es,1975,0.00022718331899795885,0
ejemplo,es,1976,0.00023640602876184857,0
ejemplo,es,1957,0.00015921243078764746,0
ejemplo,es,1977,0.0002466807700885476,0
ejemplo,es,1956,0.0001545869201891037,0
ejemplo,es,1954,0.00015258229205983298,0
ejemplo,es,1935,0.00014216081111295686,0
ejemplo,es,1936,0.00013718100620963014,0
ejemplo,es,1937,0.00013890093322288521,0
ejemplo,es,1938,0.00014391742251973483,0
ejemplo,es,1939,0.00014101879133932016,0
ejemplo,es,1940,0.0001503713791635164,0
ejemplo,es,1941,0.0001541812088134975,0
ejemplo,es,1942,0.0001379123837692564,0
ejemplo,es,1943,0.00014576895130558043,0
ejemplo,es,1944,0.00015144140269285344,0
ejemplo,es,1945,0.0001544439554663768,0
ejemplo,es,1946,0.0001520339360467915,0
ejemplo,es,1947,0.00014653914945483848,0
ejemplo,es,1948,0.00015080007409695728,0
ejemplo,es,1949,0.00015201608550796664,0
ejemplo,es,1950,0.0001614678498071953,0
ejemplo,es,1951,0.0001377675574369963,0
ejemplo,es,1952,0.0001475618474842122,0
ejemplo,es,1953,0.00015068746938595723,0
ejemplo,es,1955,0.0001536808601372286,0
ejemplo,es,1934,0.00013350927827104897,0
ejemplo,es,1978,0.00023164810613707232,0
ejemplo,es,1980,0.0002331069823680587,0
ejemplo,es,2004,0.0003457616444393352,0
ejemplo,es,2005,0.0003375083060745965,0
ejemplo,es,2006,0.00034461650839370805,0
ejemplo,es,2007,0.0003561171172049571,0
ejemplo,es,2008,0.00035741139543610245,0
ejemplo,es,2009,0.0003627571257248663,0
ejemplo,es,2010,0.0003545785116338962,0
ejemplo,es,2011,0.0003469806932883124,0
ejemplo,es,2012,0.0003369476657806847,0
ejemplo,es,2013,0.0003332568169831518,0
ejemplo,es,2014,0.00034312522875767915,0
ejemplo,es,2015,0.0003314864863893652,0
ejemplo,es,2016,0.0003208590813968959,0
ejemplo,es,2017,0.00032381811056747534,0
ejemplo,es,2018,0.0003189010216272936,0
ejemplo,es,2019,0.0003280015538008607,0
ejemplo,es,2020,0.0003375993526045784,0
ejemplo,es,2021,0.0003251135756523471,0
ejemplo,es,2022,0.0003138719848720939,0
ejemplo,es,2003,0.0003344784341836604,0
ejemplo,es,1979,0.00024560832480347017,0
ejemplo,es,2002,0.00032799823202367406,0
ejemplo,es,2000,0.00031268236921278003,0
ejemplo,es,1981,0.00022779245125548186,0
ejemplo,es,1982,0.00023198109289646052,0
ejemplo,es,1983,0.0002345520934197154,0
ejemplo,es,1984,0.00021916540765687387,0
ejemplo,es,1985,0.00024295061565693388,0
ejemplo,es,1986,0.0002597495054033061,0
ejemplo,es,1987,0.0002615421936980056,0
ejemplo,es,1988,0.00025229969332940527,0
ejemplo,es,1989,0.0002653520581826774,0
ejemplo,es,1990,0.0002702028460161432,0
ejemplo,es,1991,0.00024465506065546316,0
ejemplo,es,1992,0.0002715790315050981,0
ejemplo,es,1993,0.00026954980034199494,0
ejemplo,es,1994,0.0002798648649786628,0
ejemplo,es,1995,0.0002808244204646204,0
ejemplo,es,1996,0.0002849618410891708,0
ejemplo,es,1997,0.0002857033679276588,0
ejemplo,es,1998,0.0002990747549347361,0
ejemplo,es,1999,0.00029254193226307956,0
ejemplo,es,2001,0.00031078437778897516,0
ejemplo,es,1933,0.000133829099581817,0
ejemplo,es,1932,0.00012940047975562585,0
ejemplo,es,1931,0.0001370964438365263,0
ejemplo,es,1865,0.00012426858851188882,0
ejemplo,es,1866,0.00012792540110240225,0
ejemplo,es,1867,0.00014388206369631007,0
ejemplo,es,1868,0.00013180090883224693,0
ejemplo,es,1869,0.00013023726410210656,0
ejemplo,es,1870,0.00014698955297376415,0
ejemplo,es,1871,0.0001337008321797839,0
ejemplo,es,1872,0.00013101967533657444,0
ejemplo,es,1873,0.00013103546814363654,0
ejemplo,es,1874,0.00014439577222447042,0
ejemplo,es,1875,0.00013774648334674566,0
ejemplo,es,1876,0.000129714094754263,0
ejemplo,es,1877,0.00013422241594573947,0
ejemplo,es,1878,0.00013294907648742083,0
ejemplo,es,1879,0.00013229179683094117,0
ejemplo,es,1880,0.0001210683855958905,0
ejemplo,es,1881,0.00012145909977334668,0
ejemplo,es,1882,0.00011748211721851476,0
ejemplo,es,1883,0.00013051312492962097,0
ejemplo,es,1864,0.00013607185633190966,0
ejemplo,es,1884,0.00013491765133721856,0
ejemplo,es,1863,0.00013246732783045445,0
ejemplo,es,1861,0.0001251974885163598,0
ejemplo,es,1842,0.00014777515389141627,0
ejemplo,es,1843,0.00015037065054457344,0
ejemplo,es,1844,0.00015831718746994738,0
ejemplo,es,1845,0.0001325221671777399,0
ejemplo,es,1846,0.00011362959685357055,0
ejemplo,es,1847,0.00011829612765268394,0
ejemplo,es,1848,0.00011443114851772407,0
ejemplo,es,1849,8.125124259095173e-05,0
ejemplo,es,1850,9.520278956642869e-05,0
ejemplo,es,1851,0.00014314384657154733,0
ejemplo,es,1852,0.00014394248839266766,0
ejemplo,es,1853,0.00014115479649490226,0
ejemplo,es,1854,0.00013574540071203955,0
ejemplo,es,1855,0.00013927358168075443,0
ejemplo,es,1856,0.00015467019511561375,0
ejemplo,es,1857,0.00012585973627210478,0
ejemplo,es,1858,0.0001184613777809318,0
ejemplo,es,1859,0.00013344391493319563,0
ejemplo,es,1860,0.0001250102978929135,0
ejemplo,es,1862,0.00012002745347672317,0
ejemplo,es,1885,0.00012835994928650507,0
ejemplo,es,1886,0.00012608952295067866,0
ejemplo,es,1887,0.00012178335850876465,0
ejemplo,es,1912,0.00012170859571369874,0
ejemplo,es,1913,0.00012481776738582084,0
ejemplo,es,1914,0.00012418217880849625,0
ejemplo,es,1915,0.00012672442584515942,0
ejemplo,es,1916,0.00012828790535390766,0
ejemplo,es,1917,0.00013375729889730792,0
ejemplo,es,1918,0.00012481208750614314,0
ejemplo,es,1919,0.00013397277234616922,0
ejemplo,es,1920,0.00013508831976527524,0
ejemplo,es,1921,0.00013811708618050034,0
ejemplo,es,1922,0.0001340137520173812,0
ejemplo,es,1923,0.00012115687169966805,0
ejemplo,es,1924,0.00012490703518630575,0
ejemplo,es,1925,0.0001260820475863511,0
ejemplo,es,1926,0.00012438270778147853,0
ejemplo,es,1927,0.00013403200466655107,0
ejemplo,es,1928,0.00014080992923481972,0
ejemplo,es,1929,0.00013707604898627324,0
ejemplo,es,1930,0.00012504685128078563,0
ejemplo,es,1911,0.00014451161966877457,0
ejemplo,es,1910,0.00012277806968086225,0
ejemplo,es,1909,0.0001192890997243623,0
ejemplo,es,1908,0.00011807620376202976,0
ejemplo,es,1888,0.00012057274935273199,0
ejemplo,es,1889,0.00011676369726387748,0
ejemplo,es,1890,0.00011832736134920196,0
ejemplo,es,1891,0.00012072099495652466,0
ejemplo,es,1892,0.00012149976265618534,0
ejemplo,es,1893,0.000125173255497657,0
ejemplo,es,1894,0.00011677341268523378,0
ejemplo,es,1895,0.00011782493163536856,0
ejemplo,es,1896,0.00011305824722285251,0
ejemplo,es,1840,0.00013571223482244932,0
ejemplo,es,1897,0.00011354759419646143,0
ejemplo,es,1899,0.00011154828524695404,0
ejemplo,es,1900,0.00013526822294807062,0
ejemplo,es,1901,0.00011955793149809324,0
ejemplo,es,1902,0.00011485700085245298,0
ejemplo,es,1903,0.00011758107274317808,0
ejemplo,es,1904,0.00011805281507015764,0
ejemplo,es,1905,0.00012187173240363336,0
ejemplo,es,1906,0.00012423813018358487,0
ejemplo,es,1907,0.000131922840154175,0
ejemplo,es,1898,0.00011326613503115368,0
ejemplo,es,1655,6.604047122493739e-07,0
ejemplo,es,1654,0.0,0
ejemplo,es,1653,0.0,0
пример,ru,1824,1.1343031047772456e-07,0
пример,ru,1825,1.255786088449895e-07,0
пример,ru,1826,3.7541170172517013e-07,0
пример,ru,1827,0.0,0
пример,ru,1828,1.5002200370872742e-07,0
пример,ru,1829,1.0141179132006073e-06,0
пример,ru,1830,1.2373158542189344e-07,0
пример,ru,1831,1.4811958237714862e-07,0
пример,ru,1832,1.0495494962015073e-07,0
пример,ru,1833,1.3064932602446788e-07,0
пример,ru,1834,5.093628985264331e-08,0
пример,ru,1835,3.232007248499258e-07,0
пример,ru,1836,2.1768607894046e-07,0
пример,ru,1837,7.082451958240199e-08,0
пример,ru,1838,2.7185717321742686e-07,0
пример,ru,1839,3.0813597362566725e-07,0
пример,ru,1840,2.001160517295375e-07,0
пример,ru,1841,5.287297639711142e-07,0
пример,ru,1842,5.7342070647337096e-08,0
пример,ru,1823,1.163927834113565e-07,0
пример,ru,1843,5.994816092425026e-07,0
пример,ru,1822,4.012224152916133e-08,0
пример,ru,1820,1.0850967413489343e-07,0
пример,ru,1801,0.0,0
пример,ru,1802,5.990145410805781e-07,0
пример,ru,1803,8.305503911287815e-07,0
пример,ru,1804,0.0,0
пример,ru,1805,0.0,0
пример,ru,1806,0.0,0
пример,ru,1807,3.0717671961610904e-07,0
пример,ru,1808,0.0,0
пример,ru,1809,0.0,0
пример,ru,1810,0.0,0
пример,ru,1811,5.218968794906687e-07,0
пример,ru,1812,1.192709362385358e-07,0
пример,ru,1813,1.6729791241232306e-07,0
пример,ru,1814,1.475201983680563e-06,0
пример,ru,1815,6.47165379064063e-08,0
пример,ru,1816,2.478640041658764e-06,0
пример,ru,1817,8.651654468394554e-07,0
пример,ru,1818,1.0230342439854212e-07,0
пример,ru,1819,4.323979396758659e-08,0
пример,ru,1821,0.0,0
пример,ru,1800,0.0,0
пример,ru,1844,2.721357681423342e-07,0
пример,ru,1846,2.3186476028058678e-07,0
пример,ru,1870,2.015607165617439e-07,0
пример,ru,1871,9.50425381063269e-07,0
пример,ru,1872,1.1256199172748893e-07,0
пример,ru,1873,2.5670996706139704e-07,0
пример,ru,1874,4.6404521825138545e-07,0
пример,ru,1875,2.8038726895829313e-07,0
пример,ru,1876,2.1414251705209608e-07,0
пример,ru,1877,6.037792772417561e-07,0
пример,ru,1878,1.7974390864594625e-07,0
пример,ru,1879,1.584717495006771e-07,0
пример,ru,1880,1.6506424316276025e-07,0
пример,ru,1881,1.41406185871773e-07,0
пример,ru,1882,1.2224066514576748e-07,0
пример,ru,1883,1.3693296363470608e-07,0
пример,ru,1884,1.39506064478212e-07,0
пример,ru,1885,1.6652955991958152e-07,0
пример,ru,1886,2.6806609554341776e-07,0
пример,ru,1887,1.7713561994980864e-07,0
пример,ru,1888,1.7243174088577007e-07,0
пример,ru,1869,5.455721705516225e-07,0
пример,ru,1845,4.5349789701276677e-07,0
пример,ru,1868,4.021665489517545e-07,0
пример,ru,1866,2.556635525508e-07,0
пример,ru,1847,2.5046124818572935e-07,0
пример,ru,1848,3.6190396457413954e-07,0
пример,ru,1849,5.575590122930407e-08,0
пример,ru,1850,1.430227047904964e-07,0
пример,ru,1851,4.921328873308539e-07,0
пример,ru,1852,2.729906327658682e-07,0
пример,ru,1853,4.3234223312538234e-08,0
пример,ru,1854,1.778205529490151e-07,0
пример,ru,1855,5.566148324476217e-07,0
пример,ru,1856,1.8897078923885147e-07,0
пример,ru,1857,1.268297462608814e-07,0
пример,ru,1858,5.514415306606679e-07,0
пример,ru,1859,3.4084205680073865e-07,0
пример,ru,1860,1.9068551182499505e-07,0
пример,ru,1861,2.7860307483251745e-07,0
пример,ru,1862,2.1226023072529188e-07,0
пример,ru,1863,5.395857662904291e-07,0
пример,ru,1864,9.786083410290303e-08,0
пример,ru,1865,1.0165172881215767e-07,0
пример,ru,1867,4.062200567034324e-07,0
пример,ru,1799,0.0,0
пример,ru,1798,1.286761630581168e-07,0
пример,ru,1797,1.6165812155577441e-06,0
пример,ru,1731,0.0,0
пример,ru,1732,0.0,0
пример,ru,1733,0.0,0
пример,ru,1734,0.0,0
пример,ru,1735,0.0,0
пример,ru,1736,0.0,0
пример,ru,1737,0.0,0
пример,ru,1738,0.0,0
пример,ru,1739,0.0,0
пример,ru,1740,0.0,0
пример,ru,1741,0.0,0
пример,ru,1742,0.0,0
пример,ru,1743,0.0,0
пример,ru,1744,0.0,0
пример,ru,1745,0.0,0
пример,ru,1746,0.0,0
пример,ru,1747,0.0,0
пример,ru,1748,0.0,0
пример,ru,1749,0.0,0
пример,ru,1730,0.0,0
пример,ru,1750,1.327959580521565e-06,0
пример,ru,1729,0.0,0
пример,ru,1727,4.164653364568949e-05,0
пример,ru,1708,0.0,0
пример,ru,1709,0.00014869704318698496,0
пример,ru,1710,0.0,0
пример,ru,1711,0.0,0
пример,ru,1712,0.0,0
пример,ru,1713,0.0,0
пример,ru,1714,0.0,0
пример,ru,1715,0.0,0
пример,ru,1716,0.0,0
пример,ru,1717,0.0,0
пример,ru,1718,0.0,0
пример,ru,1719,0.0,0
пример,ru,1720,0.0,0
пример,ru,1721,0.0,0
пример,ru,1722,0.0,0
пример,ru,1723,0.0,0
пример,ru,1724,0.0,0
пример,ru,1725,0.0,0
пример,ru,1726,0.0,0
пример,ru,1728,0.0,0
пример,ru,1751,0.0,0
пример,ru,1752,0.0,0
пример,ru,1753,0.0,0
пример,ru,1778,0.0,0
пример,ru,1779,0.0,0
пример,ru,1780,0.0,0
пример,ru,1781,0.0,0
пример,ru,1782,0.0,0
пример,ru,1783,3.952487190872489e-07,0
пример,ru,1784,0.0,0
пример,ru,1785,0.0,0
пример,ru,1786,5.2819004281445814e-08,0
пример,ru,1787,0.0,0
пример,ru,1788,0.0,0
пример,ru,1789,5.0552228003653e-07,0
пример,ru,1790,0.0,0
пример,ru,1791,2.7517979219737754e-06,0
пример,ru,1792,1.7693739096102945e-07,0
пример,ru,1793,3.4602801690652996e-07,0
пример,ru,1794,0.0,0
пример,ru,1795,1.0253985038843894e-07,0
пример,ru,1796,0.0,0
пример,ru,1777,0.0,0
пример,ru,1776,0.0,0
пример,ru,1775,0.0,0
пример,ru,1774,0.0,0
пример,ru,1754,0.0,0
пример,ru,1755,0.0,0
пример,ru,1756,0.0,0
пример,ru,1757,0.0,0
пример,ru,1758,0.0,0
пример,ru,1759,6.166562798171071e-07,0
пример,ru,1760,0.0,0
пример,ru,1761,0.0,0
пример,ru,1762,0.0,0
пример,ru,1889,1.1480580752731839e-07,0
пример,ru,1763,0.0,0
пример,ru,1765,4.1602979194976797e-07,0
пример,ru,1766,0.0,0
пример,ru,1767,0.0,0
пример,ru,1768,0.0,0
пример,ru,1769,0.0,0
пример,ru,1770,8.638241411063063e-07,0
пример,ru,1771,5.593714149654261e-07,0
пример,ru,1772,0.0,0
пример,ru,1773,0.0,0
пример,ru,1764,0.0,0
пример,ru,1890,3.826253669458879e-08,0
пример,ru,1891,2.075037102144961e-07,0
пример,ru,1892,2.2816635691924603e-07,0
пример,ru,2009,5.5242147112721796e-05,0
пример,ru,2010,5.877902430073689e-05,0
пример,ru,2011,5.8379877543757175e-05,0
пример,ru,2012,6.0973826293775346e-05,0
пример,ru,2013,5.4998104378256585e-05,0
пример,ru,2014,4.9635788446245055e-05,0
пример,ru,2015,6.361237584906476e-05,0
пример,ru,2016,6.19596800683353e-05,0
пример,ru,2017,5.833941054333991e-05,0
пример,ru,2018,5.368092521962353e-05,0
пример,ru,2019,5.555910320947932e-05,0
пример,ru,2020,5.5205296007443394e-05,0
пример,ru,2021,5.2391151523001334e-05,0
пример,ru,2022,5.794469931841295e-05,0
ejemplo,es,1600,4.542074805158336e-08,0
ejemplo,es,1601,2.2762586127100803e-07,0
ejemplo,es,1602,0.0,0
ejemplo,es,1603,4.265428188432452e-08,0
ejemplo,es,1604,0.0,0
пример,ru,2008,5.2878555493407475e-05,0
ejemplo,es,1605,7.311649881103222e-07,0
пример,ru,2007,5.354182373518146e-05,0
пример,ru,2005,5.206952025105238e-05,0
пример,ru,1986,6.07238437133617e-05,0
пример,ru,1987,6.389845213927714e-05,0
пример,ru,1988,6.638268425573912e-05,0
пример,ru,1989,5.173934740038133e-05,0
пример,ru,1990,4.8210862914288555e-05,0
пример,ru,1991,4.4829334636897755e-05,0
пример,ru,1992,4.575123535388581e-05,0
пример,ru,1993,4.45045586624504e-05,0
пример,ru,1994,4.297109960216261e-05,0
пример,ru,1995,4.657092617910141e-05,0
пример,ru,1996,4.9127939320214864e-05,0
пример,ru,1997,4.831715103592593e-05,0
пример,ru,1998,5.0217391049045546e-05,0
пример,ru,1999,4.89077650058789e-05,0
пример,ru,2000,4.748148512589978e-05,0
пример,ru,2001,5.0477471880805425e-05,0
пример,ru,2002,5.035988621238108e-05,0
пример,ru,2003,4.949912086144037e-05,0
пример,ru,2004,5.373611708137105e-05,0
пример,ru,2006,5.414222306399097e-05,0
ejemplo,es,1606,0.0,0
ejemplo,es,1607,4.066544363467983e-07,0
ejemplo,es,1608,0.0,0
ejemplo,es,1633,3.848292351449345e-07,0
ejemplo,es,1634,3.8694029314001455e-08,0
ejemplo,es,1635,4.0885217345021374e-07,0
ejemplo,es,1636,3.8499314314321964e-07,0
ejemplo,es,1637,0.0,0
ejemplo,es,1638,5.985572443023557e-06,0
ejemplo,es,1639,1.4887874044688942e-07,0
ejemplo,es,1640,3.0611226975452155e-07,0
ejemplo,es,1641,1.1658027254668468e-06,0
ejemplo,es,1642,0.0,0
ejemplo,es,1643,0.0,0
ejemplo,es,1644,1.8925059919183695e-07,0
ejemplo,es,1645,2.740534910117276e-06,0
ejemplo,es,1646,0.0,0
ejemplo,es,1647,0.0,0
ejemplo,es,1648,1.9680694549606415e-06,0
ejemplo,es,1649,0.0,0
ejemplo,es,1650,4.325812312799826e-07,0
ejemplo,es,1652,0.0,0
ejemplo,es,1632,0.0,0
ejemplo,es,1631,5.945547627561609e-07,0
ejemplo,es,1630,5.348687750483805e-07,0
ejemplo,es,1629,0.0,0
ejemplo,es,1609,1.2926575490013192e-06,0
ejemplo,es,1610,1.466707821862201e-08,0
ejemplo,es,1611,0.0,0
ejemplo,es,1612,7.460183581997626e-08,0
ejemplo,es,1613,0.0,0
ejemplo,es,1614,0.0,0
ejemplo,es,1615,2.110103878294467e-07,0
ejemplo,es,1616,0.0,0
ejemplo,es,1617,5.192843559598259e-07,0
пример,ru,1985,5.044895892086787e-05,0
ejemplo,es,1618,0.0,0
ejemplo,es,1620,0.0,0
ejemplo,es,1621,0.0,0
ejemplo,es,1622,1.9325751665633106e-08,0
ejemplo,es,1623,0.0,0
ejemplo,es,1624,2.4463432168886357e-07,0
ejemplo,es,1625,0.0,0
ejemplo,es,1626,3.325941975163005e-07,0
ejemplo,es,1627,5.116955890116515e-07,0
ejemplo,es,1628,0.0,0
ejemplo,es,1619,0.0,0
Beispiel,de,1813,2.5256262340178637e-05,0
пример,ru,1984,4.920691236875996e-05,0
пример,ru,1982,5.240375988996293e-05,0
пример,ru,1916,2.8067804391795903e-07,0
пример,ru,1917,1.1002987818642396e-06,0
пример,ru,1918,3.728520539425517e-06,0
пример,ru,1919,1.8202274759460124e-05,0
пример,ru,1920,3.125540529680393e-05,0
пример,ru,1921,2.6096267593089806e-05,0
пример,ru,1922,2.7471950069468676e-05,0
пример,ru,1923,3.949364824507029e-05,0
пример,ru,1924,3.881959150220382e-05,0
пример,ru,1925,4.079830011960439e-05,0
пример,ru,1926,3.8811243257441674e-05,0
пример,ru,1927,3.187213101973896e-05,0
пример,ru,1928,3.47224457897255e-05,0
пример,ru,1929,3.556225880529951e-05,0
пример,ru,1930,3.9748588690713405e-05,0
пример,ru,1931,4.0108802693339385e-05,0
пример,ru,1932,4.316725679132105e-05,0
пример,ru,1933,4.07613625554859e-05,0
пример,ru,1934,4.909116228191124e-05,0
пример,ru,1915,3.3357174444859083e-07,0
пример,ru,1935,4.705164616325419e-05,0
пример,ru,1914,2.633838178667247e-07,0
пример,ru,1912,9.194212395868817e-07,0
пример,ru,1893,3.7540988984119394e-08,0
пример,ru,1894,3.461779796154474e-08,0
пример,ru,1895,1.1390280363343663e-07,0
пример,ru,1896,5.959597282334528e-08,0
пример,ru,1897,9.966226599544825e-08,0
пример,ru,1898,3.760470690394868e-08,0
пример,ru,1899,6.721860068559238e-08,0
пример,ru,1900,4.3570845775775524e-07,0
пример,ru,1901,8.846097454551227e-08,0
пример,ru,1902,1.0154795471173372e-07,0
пример,ru,1903,1.2694822260073124e-07,0
пример,ru,1904,2.0189483285193432e-07,0
пример,ru,1905,2.3388724246231618e-07,0
пример,ru,1906,2.3225388190439844e-07,0
пример,ru,1907,1.26037442704785e-07,0
пример,ru,1908,7.502751486754278e-08,0
пример,ru,1909,2.237666407722827e-07,0
пример,ru,1910,1.0611796312787192e-06,0
пример,ru,1911,4.0988759408833175e-07,0
пример,ru,1913,2.7492007492746495e-07,0
пример,ru,1936,5.940358635436738e-05,0
пример,ru,1937,4.330300651389507e-05,0
пример,ru,1938,4.206770402248594e-05,0
пример,ru,1963,5.58405839701237e-05,0
пример,ru,1964,4.613076410886485e-05,0
пример,ru,1965,5.717382087994105e-05,0
пример,ru,1966,5.4438304516679636e-05,0
пример,ru,1967,5.3624973065269366e-05,0
пример,ru,1968,5.231853185816426e-05,0
пример,ru,1969,4.631417518313752e-05,0
пример,ru,1970,4.864743714327879e-05,0
пример,ru,1971,4.8051397355419745e-05,0
пример,ru,1972,4.9794306531403265e-05,0
пример,ru,1973,6.448813563775246e-05,0
пример,ru,1974,5.039371593684727e-05,0
пример,ru,1975,5.463819043649565e-05,0
пример,ru,1976,5.671767896453517e-05,0
пример,ru,1977,5.690818140768883e-05,0
пример,ru,1978,5.074720347247874e-05,0
пример,ru,1979,5.036972944705287e-05,0
пример,ru,1980,4.89135079890235e-05,0
пример,ru,1981,5.114444022913389e-05,0
пример,ru,1962,5.482936345219125e-05,0
пример,ru,1961,5.4411602930848346e-05,0
пример,ru,1960,4.9769738372396066e-05,0
пример,ru,1959,4.98314391732535e-05,0
пример,ru,1939,4.184039329402367e-05,0
пример,ru,1940,4.5759858849692137e-05,0
пример,ru,1941,4.896090509021178e-05,0
пример,ru,1942,4.1803451765076716e-05,0
пример,ru,1943,4.506010554905515e-05,0
пример,ru,1944,4.160256541041463e-05,0
пример,ru,1945,4.560535845854474e-05,0
пример,ru,1946,4.504726653919988e-05,0
пример,ru,1947,4.617894096270447e-05,0
пример,ru,1983,5.070250815197852e-05,0
пример,ru,1948,5.3589244899177046e-05,0
пример,ru,1950,5.216132659313644e-05,0
пример,ru,1951,5.547256685645152e-05,0
пример,ru,1952,4.989346562189745e-05,0
пример,ru,1953,5.271515822613537e-05,0
пример,ru,1954,5.256287627264378e-05,0
пример,ru,1955,4.878339771607898e-05,0
пример,ru,1956,4.904985618736646e-05,0
пример,ru,1957,4.4163536145447324e-05,0
пример,ru,1958,4.748863623493804e-05,0
пример,ru,1949,4.201339072551491e-05,0
Beispiel,de,1812,2.422947677516163e-05,0
ejemplo,es,1651,0.0,0
Beispiel,de,1810,2.950601050955015e-05,0
例子,zh,1665,0.0,0
例子,zh,1666,1.86851400485466e-06,0
例子,zh,1667,0.0,0
例子,zh,1668,0.0,0
例子,zh,1669,0.0,0
例子,zh,1670,5.418098680820549e-07,0
例子,zh,1671,0.0,0
例子,zh,1672,4.3675132133103034e-07,0
例子,zh,1673,0.0,0
例子,zh,1674,2.349568785575684e-05,0
例子,zh,1675,0.0,0
例子,zh,1676,0.0,0
例子,zh,1677,0.0,0
例子,zh,1678,0.0,0
例子,zh,1679,1.810190610740392e-06,0
例子,zh,1680,4.835865183849819e-07,0
例子,zh,1681,0.0,0
例子,zh,1682,0.0,0
例子,zh,1683,0.0,0
例子,zh,1664,3.415977289478178e-06,0
例子,zh,1684,0.0,0
例子,zh,1663,0.0,0
例子,zh,1661,3.07556047118851e-06,0
例子,zh,1642,5.455079303828825e-07,0
例子,zh,1643,0.0,0
例子,zh,1644,4.1883325252456416e-07,0
例子,zh,1645,0.0,0
例子,zh,1646,0.0,0
例子,zh,1647,1.8850674905479536e-06,0
例子,zh,1648,0.0,0
例子,zh,1649,0.0,0
例子,zh,1650,0.0,0
例子,zh,1651,0.0,0
例子,zh,1652,0.0,0
例子,zh,1653,0.0,0
例子,zh,1654,0.0,0
例子,zh,1655,2.3638538095838157e-06,0
例子,zh,1656,0.0,0
例子,zh,1657,8.460509093310975e-07,0
例子,zh,1658,2.3961392798810266e-06,0
例子,zh,1659,0.0,0
例子,zh,1660,0.0,0
例子,zh,1662,2.4875064355001086e-06,0
例子,zh,1641,1.1468021057225997e-06,0
例子,zh,1685,4.496944256970892e-06,0
例子,zh,1687,0.0,0
例子,zh,1711,1.842862388912181e-06,0
例子,zh,1712,0.0,0
例子,zh,1713,1.5506219597227755e-06,0
例子,zh,1714,0.0,0
例子,zh,1715,3.5577173207457236e-07,0
例子,zh,1716,1.6448318547190866e-06,0
例子,zh,1717,0.0,0
例子,zh,1718,0.0,0
例子,zh,1719,2.1278724489093293e-06,0
例子,zh,1720,3.2670600376150105e-06,0
例子,zh,1721,3.4049966757265793e-07,0
例子,zh,1722,2.0568409127008636e-06,0
例子,zh,1723,5.790716386400163e-07,0
例子,zh,1724,2.8414140373911323e-08,0
例子,zh,1725,0.0,0
例子,zh,1726,2.9105456178513123e-07,0
例子,zh,1727,9.103685556510754e-07,0
例子,zh,1728,0.0,0
例子,zh,1729,0.0,0
例子,zh,1710,7.468862577297841e-07,0
例子,zh,1686,0.0,0
例子,zh,1709,1.8684603446672554e-06,0
例子,zh,1707,0.0,0
例子,zh,1688,0.0,0
例子,zh,1689,0.0,0
例子,zh,1690,0.0,0
例子,zh,1691,0.0,0
例子,zh,1692,6.481973741756519e-06,0
例子,zh,1693,8.413889531766472e-07,0
例子,zh,1694,0.0,0
例子,zh,1695,1.0716919405240333e-06,0
例子,zh,1696,4.748660558107076e-07,0
例子,zh,1697,8.545208061150333e-07,0
例子,zh,1698,0.0,0
例子,zh,1699,2.064556611003354e-06,0
例子,zh,1700,2.4135833882610314e-06,0
例子,zh,1701,0.0,0
例子,zh,1702,0.0,0
例子,zh,1703,0.0,0
例子,zh,1704,2.5728966193128144e-06,0
例子,zh,1705,1.8333049638386e-06,0
例子,zh,1706,9.325426617579069e-07,0
例子,zh,1708,3.2677763783794944e-07,0
例子,zh,1640,0.0,0
例子,zh,1639,0.0,0
例子,zh,1638,7.028414756860002e-07,0
example,en,1995,0.00027419626969682476,0
example,en,1996,0.00028351544105778906,0
example,en,1997,0.0002904360403632733,0
example,en,1998,0.0002974181024857636,0
example,en,1999,0.00029865454063184027,0
example,en,2000,0.00030553134872084164,0
example,en,2001,0.00030862304298368004,0
example,en,2002,0.0003334708280317948,0
example,en,2003,0.00033846393308777784,0
example,en,2004,0.0003465892039869259,0
example,en,2005,0.00035188413605722474,0
example,en,2006,0.00036144956599117387,0
example,en,2007,0.0003672318624244053,0
example,en,2008,0.0003719046957123273,0
example,en,2009,0.000378320609119992,0
example,en,2010,0.0003772913394033406,0
example,en,2011,0.0003801092453357205,0
example,en,2012,0.0003908365014669152,0
example,en,2013,0.00040329220388104353,0
example,en,1994,0.0002642130896796102,0
example,en,2014,0.00036002107178567666,0
example,en,1993,0.0002560522277526983,0
example,en,1991,0.00025724070819604233,0
example,en,1972,0.00019381215285100423,0
example,en,1973,0.00019488403275069732,0
example,en,1974,0.00020288167087317843,0
example,en,1975,0.00020199981695689234,0
example,en,1976,0.00020319640520938265,0
example,en,1977,0.00021313727126610546,0
example,en,1978,0.00021107541618797798,0
example,en,1979,0.00020891813255428937,0
example,en,1980,0.00022328274348127133,0
example,en,1981,0.00021854932577670613,0
example,en,1982,0.0002222853303155796,0
example,en,1983,0.0002267377299804696,0
example,en,1984,0.00023034533160157245,0
example,en,1985,0.0002368413118253032,0
example,en,1986,0.0002449516959516229,0
example,en,1987,0.0002493614325881216,0
example,en,1988,0.0002511083764601754,0
example,en,1989,0.00023992210870991265,0
example,en,1990,0.0002543560723344135,0
example,en,1992,0.0002623475934495287,0
example,en,2015,0.0003708889725265105,0
example,en,2016,0.00039411339001027557,0
example,en,2017,0.0003753761442071568,0
例子,zh,1619,0.0,0
例子,zh,1620,0.0,0
例子,zh,1621,1.9259862256149063e-06,0
例子,zh,1622,0.0,0
例子,zh,1623,1.8911277948063798e-05,0
例子,zh,1624,0.0,0
例子,zh,1625,0.0,0
例子,zh,1626,1.8031565787168802e-06,0
例子,zh,1627,0.0,0
例子,zh,1628,0.0,0
例子,zh,1629,0.0,0
例子,zh,1630,5.033448928770667e-07,0
例子,zh,1631,0.0,0
例子,zh,1632,1.5214748145808699e-06,0
例子,zh,1633,0.0,0
例子,zh,1634,6.7968630901305e-07,0
例子,zh,1635,2.7768660402216483e-06,0
例子,zh,1636,7.085033075782121e-07,0
例子,zh,1637,1.6401306766056223e-06,0
例子,zh,1618,5.71115265302069e-07,0
例子,zh,1617,0.0,0
例子,zh,1616,0.0,0
例子,zh,1615,0.0,0
example,en,2018,0.0003729023217699176,0
example,en,2019,0.000350015643066838,0
example,en,2020,0.00031298604576909805,0
example,en,2021,0.00034479061200717864,0
example,en,2022,0.000311507312089572,0
例子,zh,1600,0.0,0
例子,zh,1601,0.0,0
例子,zh,1602,0.0,0
例子,zh,1603,5.93679146732029e-07,0
例子,zh,1730,3.934978394681821e-06,0
例子,zh,1604,2.0242239315848565e-06,0
例子,zh,1606,0.0,0
例子,zh,1607,0.0,0
例子,zh,1608,0.0,0
例子,zh,1609,0.0,0
例子,zh,1610,0.0,0
例子,zh,1611,0.0,0
例子,zh,1612,5.740890628658235e-06,0
例子,zh,1613,0.0,0
例子,zh,1614,0.0,0
例子,zh,1605,0.0,0
example,en,1971,0.00019122507730098826,0
例子,zh,1731,0.0,0
例子,zh,1733,0.0,0
例子,zh,1850,1.3494321819962352e-06,0
例子,zh,1851,1.7118420601036632e-06,0
例子,zh,1852,9.211514111484576e-07,0
例子,zh,1853,1.1634432439677767e-06,0
例子,zh,1854,0.0,0
例子,zh,1855,6.101641929490143e-07,0
例子,zh,1856,1.9650367448775796e-06,0
例子,zh,1857,1.4852275853627361e-07,0
例子,zh,1858,2.2472022465080954e-06,0
例子,zh,1859,1.5493291130042053e-06,0
例子,zh,1860,1.0354345931773423e-06,0
例子,zh,1861,1.2627331216208404e-06,0
例子,zh,1862,7.584520176351361e-07,0
例子,zh,1863,7.366624004134792e-07,0
例子,zh,1864,7.766493581584655e-07,0
例子,zh,1865,1.7212171314895386e-06,0
例子,zh,1866,1.1527934020705288e-06,0
例子,zh,1867,7.626255182913155e-07,0
例子,zh,1868,1.198702307192434e-06,0
例子,zh,1849,1.6776699567344622e-06,0
例子,zh,1869,4.913663929073664e-07,0
例子,zh,1848,1.0066179356726934e-06,0
例子,zh,1846,7.134166253308649e-07,0
例子,zh,1827,4.6883269533282146e-07,0
例子,zh,1828,8.507757911502267e-07,0
例子,zh,1829,6.047629881322791e-07,0
例子,zh,1830,8.365052508452209e-07,0
例子,zh,1831,4.123223789065378e-07,0
例子,zh,1832,1.4503515330943628e-06,0
例子,zh,1833,3.2200949817706714e-07,0
例子,zh,1834,4.951994924340397e-06,0
例子,zh,1835,1.7865401105154888e-06,0
例子,zh,1836,1.4660421356893494e-06,0
例子,zh,1837,6.106379828452191e-07,0
例子,zh,1838,3.9401399476446386e-07,0
例子,zh,1839,1.8903978116213693e-07,0
例子,zh,1840,1.6560200037929462e-06,0
例子,zh,1841,2.6831901323021157e-07,0
例子,zh,1842,6.672741506008606e-07,0
例子,zh,1843,4.778653419634793e-07,0
例子,zh,1844,1.0962125998048577e-06,0
例子,zh,1845,1.8484581687516766e-07,0
例子,zh,1847,7.671433763789537e-07,0
例子,zh,1826,1.914802851388231e-06,0
例子,zh,1870,8.064438929977769e-07,0
例子,zh,1872,7.688529422011925e-07,0
例子,zh,1896,4.7663959890087426e-07,0
例子,zh,1897,6.924091167093138e-07,0
例子,zh,1898,7.140648676795536e-07,0
例子,zh,1899,1.1823414070022409e-06,0
例子,zh,1900,1.6372125173802488e-05,0
例子,zh,1901,5.302998147271865e-07,0
例子,zh,1902,2.569977652910893e-07,0
例子,zh,1903,6.575756401616673e-07,0
例子,zh,1904,8.943502507463563e-07,0
例子,zh,1905,2.1811089823131624e-07,0
例子,zh,1906,6.768867706341553e-07,0
例子,zh,1907,3.23090546316962e-07,0
例子,zh,1908,1.169741949524905e-06,0
例子,zh,1909,7.858315598241461e-07,0
例子,zh,1910,1.2562406936922343e-06,0
例子,zh,1911,1.5842050515857409e-06,0
例子,zh,1912,1.8529566432334832e-06,0
例子,zh,1913,7.97307109223766e-07,0
例子,zh,1914,6.568442358911852e-07,0
例子,zh,1895,1.060655563378532e-06,0
例子,zh,1871,1.1027591426682193e-06,0
例子,zh,1894,5.224801498115994e-07,0
例子,zh,1892,7.171297511376906e-07,0
例子,zh,1873,7.725695922999876e-07,0
例子,zh,1874,5.787495069853321e-07,0
例子,zh,1875,8.431791229668306e-07,0
例子,zh,1876,8.942557769842097e-07,0
例子,zh,1877,8.89346495114296e-07,0
例子,zh,1878,5.612027962342836e-07,0
例子,zh,1879,5.449888362818456e-07,0
例子,zh,1880,7.892029429967806e-07,0
例子,zh,1881,8.402535627283214e-07,0
例子,zh,1882,7.762569680380693e-07,0
例子,zh,1883,8.21947196527617e-07,0
例子,zh,1884,6.291696763582877e-07,0
例子,zh,1885,1.065749302142649e-06,0
例子,zh,1886,8.202212598007463e-07,0
例子,zh,1887,9.650713082010043e-07,0
例子,zh,1888,1.2611053534783423e-06,0
例子,zh,1889,5.388616273194202e-07,0
例子,zh,1890,7.095526939338015e-07,0
例子,zh,1891,9.161660727841081e-07,0
例子,zh,1893,1.979874696189654e-06,0
例子,zh,1825,1.1767469914047979e-06,0
例子,zh,1824,1.7387151274306234e-06,0
例子,zh,1823,5.432111152003927e-07,0
例子,zh,1757,1.4104133470027591e-06,0
例子,zh,1758,0.0,0
例子,zh,1759,7.198729576884944e-07,0
例子,zh,1760,1.612315486454463e-06,0
例子,zh,1761,1.0115618351846933e-06,0
例子,zh,1762,2.742273863987066e-06,0
例子,zh,1763,1.2719450523945852e-06,0
例子,zh,1764,4.5407739435177064e-07,0
例子,zh,1765,0.0,0
例子,zh,1766,0.0,0
例子,zh,1767,0.0,0
例子,zh,1768,0.0,0
例子,zh,1769,0.0,0
例子,zh,1770,1.5825982018213836e-06,0
例子,zh,1771,0.0,0
例子,zh,1772,0.0,0
例子,zh,1773,0.0,0
例子,zh,1774,2.7289820536680054e-06,0
例子,zh,1775,1.5980797343218e-06,0
例子,zh,1756,0.0,0
例子,zh,1776,2.0830989342357498e-06,0
例子,zh,1755,1.3732377510677907e-06,0
例子,zh,1753,2.701616210742941e-07,0
例子,zh,1734,0.0,0
例子,zh,1735,2.5824951421782316e-07,0
例子,zh,1736,3.1215341778079164e-07,0
例子,zh,1737,9.878667697194032e-07,0
例子,zh,1738,0.0,0
例子,zh,1739,6.93695028530783e-07,0
例子,zh,1740,1.1625271554294159e-06,0
例子,zh,1741,1.7794972109186347e-06,0
例子,zh,1742,0.0,0
例子,zh,1743,0.0,0
例子,zh,1744,1.5408724038934452e-06,0
例子,zh,1745,5.85803547892283e-07,0
例子,zh,1746,9.687640840638778e-07,0
例子,zh,1747,1.464679939999769e-06,0
例子,zh,1748,0.0,0
例子,zh,1749,6.516891062346986e-07,0
例子,zh,1750,3.714115734965162e-07,0
例子,zh,1751,1.2322069551373716e-06,0
例子,zh,1752,8.411221301685146e-07,0
例子,zh,1754,0.0,0
例子,zh,1777,0.0,0
例子,zh,1778,0.0,0
例子,zh,1779,0.0,0
例子,zh,1804,1.0231838132312987e-06,0
例子,zh,1805,1.754711547619081e-06,0
例子,zh,1806,0.0,0
例子,zh,1807,3.678554776342935e-07,0
例子,zh,1808,1.0493973832126358e-06,0
例子,zh,1809,2.1084526906633982e-06,0
例子,zh,1810,6.358121709126863e-07,0
例子,zh,1811,9.739532060848433e-07,0
例子,zh,1812,4.386594127936405e-07,0
例子,zh,1813,2.3580801098432858e-06,0
例子,zh,1814,0.0,0
例子,zh,1815,6.216179144757916e-07,0
例子,zh,1816,8.769294481680845e-07,0
例子,zh,1817,1.18841603580222e-06,0
例子,zh,1818,1.6017639836718445e-06,0
例子,zh,1819,1.2375883670756593e-05,0
例子,zh,1820,1.934178044393775e-06,0
例子,zh,1821,3.806262611760758e-07,0
例子,zh,1822,3.856181365335942e-07,0
例子,zh,1803,6.334294653242978e-07,0
例子,zh,1802,0.0,0
例子,zh,1801,4.3070727429039835e-07,0
例子,zh,1800,3.7087347664055414e-06,0
例子,zh,1780,7.968068871377909e-07,0
例子,zh,1781,0.0,0
例子,zh,1782,0.0,0
例子,zh,1783,3.127401214442216e-06,0
例子,zh,1784,1.7616737295611529e-06,0
例子,zh,1785,3.013049081346253e-07,0
例子,zh,1786,0.0,0
例子,zh,1787,0.0,0
例子,zh,1788,7.273013125086436e-07,0
例子,zh,1732,3.3124263154604705e-07,0
例子,zh,1789,2.8882409424113575e-06,0
例子,zh,1791,5.978394028716139e-07,0
例子,zh,1792,2.3941497602208983e-06,0
例子,zh,1793,1.4085707107369672e-06,0
例子,zh,1794,2.2077077233007003e-07,0
例子,zh,1795,1.4289255432231585e-06,0
例子,zh,1796,1.278126774195698e-06,0
例子,zh,1797,6.990056817812729e-07,0
例子,zh,1798,2.318585529792472e-06,0
例子,zh,1799,1.2351041789315786e-07,0
例子,zh,1790,4.3343857214495074e-07,0
example,en,1970,0.0001894324291464855,0
example,en,1969,0.00018690284571169086,0
example,en,1968,0.00018144910957517552,0
example,en,1716,0.00011022021863027476,0
example,en,1717,0.00012113577929540043,0
example,en,1718,0.00012086402625755,0
example,en,1719,0.00011341142982956853,0
example,en,1720,0.00010918746124843892,0
example,en,1721,0.00013206790026742965,0
example,en,1722,0.00010283050514203751,0
example,en,1723,0.00011020271040251828,0
example,en,1724,0.00010331947618169579,0
example,en,1725,8.397331430387567e-05,0
example,en,1726,0.00010008150351836775,0
example,en,1727,0.00010255300526296196,0
example,en,1728,0.00012602631250047125,0
example,en,1729,0.00012394007808325114,0
example,en,1730,0.00010596553693176247,0
example,en,1731,0.00010354253663535928,0
example,en,1732,9.072764964912494e-05,0
example,en,1733,8.731498155611916e-05,0
example,en,1734,0.00012617636912182206,0
example,en,1715,9.261097625312686e-05,0
example,en,1735,0.00011257563460276288,0
example,en,1714,9.896083531657496e-05,0
example,en,1712,0.00010351617052606343,0
example,en,1693,0.00010828055533806946,0
example,en,1694,0.00013769590475476434,0
example,en,1695,0.00012611153579200618,0
example,en,1696,0.00014887397801999214,0
example,en,1697,0.00010416780060040765,0
example,en,1698,0.00012336041254457086,0
example,en,1699,0.00011116992749293786,0
example,en,1700,0.00012575630876199284,0
example,en,1701,0.00012344532115093898,0
example,en,1702,0.00012095944111933932,0
example,en,1703,0.00010101716631716329,0
example,en,1704,0.00011437719092555199,0
example,en,1705,0.0001003144263336253,0
example,en,1706,0.00010751785032425687,0
example,en,1707,0.00010717780094182672,0
example,en,1708,0.00011615399361630807,0
example,en,1709,0.0001025786915800353,0
example,en,1710,0.0001138609693498438,0
example,en,1711,0.00010553452164430155,0
example,en,1713,0.00012465049303500564,0
example,en,1692,0.00011379097088592971,0
example,en,1736,0.00010047038040283951,0
example,en,1738,0.00011025470607251009,0
example,en,1762,0.00010170839459533454,0
example,en,1763,8.542595439031686e-05,0
example,en,1764,8.690074658090907e-05,0
example,en,1765,9.566474000166636e-05,0
example,en,1766,9.200385375152109e-05,0
example,en,1767,0.00010242440066576819,0
example,en,1768,8.739966847315372e-05,0
example,en,1769,0.00010329221208849049,0
example,en,1770,0.00011010250364051899,0
example,en,1771,0.00010543145344854565,0
example,en,1772,0.00011826943770820719,0
example,en,1773,9.469272390560945e-05,0
example,en,1774,0.00010142554583580932,0
example,en,1775,0.00010030524003923347,0
example,en,1776,9.547735983339578e-05,0
example,en,1777,0.00010357751489209477,0
example,en,1778,8.250394231756886e-05,0
example,en,1779,0.00010115567147295224,0
example,en,1780,8.402816786201583e-05,0
example,en,1761,0.00010035506850591958,0
example,en,1737,0.0001100313936603925,0
example,en,1760,0.000110860791661338,0
example,en,1758,0.00011230368579617789,0
example,en,1739,0.00010281721779392683,0
example,en,1740,0.00011858052130264696,0
example,en,1741,8.811730708657706e-05,0
example,en,1742,9.104858582276165e-05,0
example,en,1743,8.893213680494227e-05,0
example,en,1744,8.348254596057814e-05,0
example,en,1745,9.431418119199009e-05,0
example,en,1746,9.526708572593634e-05,0
example,en,1747,9.172705404125736e-05,0
example,en,1748,0.00011833707833197593,0
example,en,1749,0.00011649525185930543,0
example,en,1750,0.00012976062340452899,0
example,en,1751,0.00012436791075742804,0
example,en,1752,0.00010560907592527258,0
example,en,1753,0.00010265188257108093,0
example,en,1754,0.00011254210858169245,0
example,en,1755,0.00010389937051513698,0
example,en,1756,9.098893133341335e-05,0
example,en,1757,9.054546808329178e-05,0
example,en,1759,9.240653480446781e-05,0
example,en,1691,8.328113815991856e-05,0
example,en,1690,0.0001109237055061385,0
example,en,1689,0.0001471058276365511,0
example,en,1623,0.00012240672950269982,0
example,en,1624,0.0001354727371278841,0
example,en,1625,7.359008804996847e-05,0
example,en,1626,9.257896272174548e-05,0
example,en,1627,0.000119387885206379,0
example,en,1628,8.099993192445254e-05,0
example,en,1629,0.000150216545080184,0
example,en,1630,0.00011428602169516466,0
example,en,1631,0.00012891759014976856,0
example,en,1632,0.00015453109965335443,0
example,en,1633,0.0001426402368451818,0
example,en,1634,0.00016591832440582266,0
example,en,1635,0.00013192918243021268,0
example,en,1636,0.0001600168802724511,0
example,en,1637,0.00011398849801480537,0
example,en,1638,0.0001040656943587237,0
example,en,1639,0.0001225313488220081,0
example,en,1640,8.582804207435402e-05,0
example,en,1641,0.00011287249708402669,0
example,en,1622,0.00018187989189755172,0
example,en,1642,9.736098036228213e-05,0
example,en,1621,0.00011721712895962355,0
example,en,1619,8.969392825974865e-05,0
Beispiel,de,1811,2.682974005097094e-05,0
example,en,1601,9.90491607808508e-05,0
example,en,1602,0.00016196672186197247,0
example,en,1603,0.00012755583971113538,0
example,en,1604,0.00020991223841804185,0
example,en,1605,0.0001683394057181431,0
example,en,1606,0.0002051985237159215,0
example,en,1607,0.00018721327705861768,0
example,en,1608,0.0001241257677975227,0
example,en,1609,0.0001722950243561172,0
example,en,1610,0.0001327793888776796,0
example,en,1611,0.0001298569986794007,0
example,en,1612,0.00014559188629448272,0
example,en,1613,0.00015601580571455997,0
example,en,1614,0.00015623350509486045,0
example,en,1615,0.0001321055185599107,0
example,en,1616,0.00017728916199644118,0
example,en,1617,0.0001452653909552737,0
example,en,1618,0.0002524227853513139,0
example,en,1620,0.00015688431155069793,0
example,en,1643,8.849335790728219e-05,0
example,en,1644,7.423968781949952e-05,0
example,en,1645,8.989963006911239e-05,0
example,en,1670,0.00011487923984532245,0
example,en,1671,0.00010527401173021644,0
example,en,1672,0.00011976161476923153,0
example,en,1673,0.0001410250898175036,0
example,en,1674,0.0001330719814944814,0
example,en,1675,8.960289778769948e-05,0
example,en,1676,0.00011807243936345913,0
example,en,1677,0.00011923663987545297,0
example,en,1678,0.00012651986162381945,0
example,en,1679,0.00010484170047675434,0
example,en,1680,8.621036955958061e-05,0
example,en,1681,9.131612262081035e-05,0
example,en,1682,9.402715295436792e-05,0
example,en,1683,0.00011587347034947015,0
example,en,1684,0.00011040042056720267,0
example,en,1685,0.00013657968327152048,0
example,en,1686,0.00011988721553279902,0
example,en,1687,0.00011321080319248722,0
example,en,1688,9.704720071113115e-05,0
example,en,1669,0.00011117646045022411,0
example,en,1668,0.00012371916886877443,0
example,en,1667,0.00015558372834334477,0
example,en,1666,9.363964454678353e-05,0
example,en,1646,7.852127419027966e-05,0
example,en,1647,8.057536680894373e-05,0
example,en,1648,0.000173248874489218,0
example,en,1649,0.0001832965099310968,0
example,en,1650,0.00010912075032365465,0
example,en,1651,0.00014489415661955718,0
example,en,1652,9.809510402192245e-05,0
example,en,1653,0.00011790288726842846,0
example,en,1654,0.00010486329082581847,0
example,en,1781,9.921000196300156e-05,0
example,en,1655,9.481425740887062e-05,0
example,en,1657,0.00011514029603176823,0
example,en,1658,0.00010252442527303174,0
example,en,1659,0.0001477581139752715,0
example,en,1660,9.888957902148832e-05,0
example,en,1661,0.00010061188081778027,0
example,en,1662,0.00011959494163704676,0
example,en,1663,0.00011415665721870027,0
example,en,1664,0.00011114268727396848,0
example,en,1665,0.00011506252207027501,0
example,en,1656,0.00010422380177743662,0
example,en,1782,8.985231147562445e-05,0
example,en,1783,8.77204110913965e-05,0
example,en,1784,8.065267570600554e-05,0
example,en,1902,6.105557901162073e-05,0
example,en,1903,6.004509486956522e-05,0
example,en,1904,6.087034819302062e-05,0
example,en,1905,6.159114145415368e-05,0
example,en,1906,6.156564605877546e-05,0
example,en,1907,6.142658790088407e-05,0
example,en,1908,6.163730303004877e-05,0
example,en,1909,6.17376673261727e-05,0
example,en,1910,6.696109137377393e-05,0
example,en,1911,6.612053176731358e-05,0
example,en,1912,6.324343003472066e-05,0
example,en,1913,6.379916752333181e-05,0
example,en,1914,6.191247160808322e-05,0
example,en,1915,6.222158168323055e-05,0
example,en,1916,6.359033962849425e-05,0
example,en,1917,6.543637499778487e-05,0
example,en,1918,6.815413939875725e-05,0
example,en,1919,6.856376857058977e-05,0
example,en,1920,7.322621637127075e-05,0
example,en,1901,6.006346931025641e-05,0
example,en,1921,7.227920612723482e-05,0
example,en,1900,6.174769287392579e-05,0
example,en,1898,6.068369869022261e-05,0
example,en,1879,6.580312228202101e-05,0
example,en,1880,6.564200944142451e-05,0
example,en,1881,6.0290147424701956e-05,0
example,en,1882,6.113596825929601e-05,0
example,en,1883,6.224759592066142e-05,0
example,en,1884,6.170971721972118e-05,0
example,en,1885,6.142409330717191e-05,0
example,en,1886,6.217355028959037e-05,0
example,en,1887,5.873590279320551e-05,0
example,en,1888,5.9609497282120394e-05,0
example,en,1889,6.224571541224577e-05,0
example,en,1890,6.470243867499892e-05,0
example,en,1891,6.085113202032588e-05,0
example,en,1892,6.11385605782111e-05,0
example,en,1893,6.295306403547585e-05,0
example,en,1894,6.229780805105944e-05,0
example,en,1895,5.852738442994887e-05,0
example,en,1896,5.933628292320581e-05,0
example,en,1897,6.020229459843818e-05,0
example,en,1899,6.118099994345538e-05,0
example,en,1922,7.490837441617021e-05,0
example,en,1923,7.7657935265249e-05,0
example,en,1924,7.96919840077015e-05,0
example,en,1949,0.00012194308881451066,0
example,en,1950,0.00012465991966373324,0
example,en,1951,0.00012647833030482447,0
example,en,1952,0.0001271041632303696,0
example,en,1953,0.00013017208616204062,0
example,en,1954,0.00013878670838840534,0
example,en,1955,0.00014170014249694635,0
example,en,1956,0.00014038668493220052,0
example,en,1957,0.00014506635193153872,0
example,en,1958,0.00015381228342212228,0
example,en,1959,0.00015900736479675798,0
example,en,1960,0.00016093346443557532,0
example,en,1961,0.00016546839947770287,0
example,en,1962,0.00016560861517364578,0
example,en,1963,0.00016693678374225807,0
example,en,1964,0.000175359186052243,0
example,en,1965,0.00017363571448625326,0
example,en,1966,0.0001792383900465211,0
example,en,1967,0.000178597380844997,0
example,en,1948,0.00011833758781064352,0
example,en,1947,0.00012277954957634618,0
example,en,1946,0.00011416176267357858,0
example,en,1945,0.0001123691292479051,0
example,en,1925,8.074590958703776e-05,0
example,en,1926,8.232365703396416e-05,0
example,en,1927,8.246114655889591e-05,0
example,en,1928,8.361864240669092e-05,0
example,en,1929,8.334563696706099e-05,0
example,en,1930,8.158385996903661e-05,0
example,en,1931,8.427241618846892e-05,0
example,en,1932,8.944060233097295e-05,0
example,en,1933,8.638445751785184e-05,0
example,en,1878,6.465277773592959e-05,0
example,en,1934,9.01230546332954e-05,0
example,en,1936,8.429203198507401e-05,0
example,en,1937,9.380204830822247e-05,0
example,en,1938,9.750320962548242e-05,0
example,en,1939,9.852704434346049e-05,0
example,en,1940,0.00010120340641525671,0
example,en,1941,0.00010388501602801026,0
example,en,1942,0.00010921924652718129,0
example,en,1943,0.00010932990489453953,0
example,en,1944,0.00011151495693778601,0
example,en,1935,9.295425377331412e-05,0
例子,zh,1915,1.2327207059570355e-06,0
example,en,1877,6.469929832064736e-05,0
example,en,1875,6.869516198548808e-05,0
example,en,1809,9.540021187603998e-05,0
example,en,1810,9.183612812468933e-05,0
example,en,1811,8.333631135437614e-05,0
example,en,1812,8.736427383659873e-05,0
example,en,1813,8.87134925733335e-05,0
example,en,1814,9.383172005072993e-05,0
example,en,1815,9.402200362274016e-05,0
example,en,1816,8.635682934254874e-05,0
example,en,1817,9.750412255016272e-05,0
example,en,1818,9.997386143978382e-05,0
example,en,1819,8.759964326099379e-05,0
example,en,1820,9.201411786885494e-05,0
example,en,1821,9.237181620846968e-05,0
example,en,1822,9.306829110566905e-05,0
example,en,1823,8.950413290575998e-05,0
example,en,1824,8.419387539537748e-05,0
example,en,1825,9.27716085401542e-05,0
example,en,1826,8.950859319156734e-05,0
example,en,1827,9.22993560834584e-05,0
example,en,1808,8.467916291010624e-05,0
example,en,1828,9.077938591417478e-05,0
example,en,1807,8.582225950704014e-05,0
example,en,1805,9.736402580529102e-05,0
example,en,1785,8.341125544575334e-05,0
example,en,1786,8.012177704586065e-05,0
example,en,1788,0.0001009557238598191,0
example,en,1789,8.455757068270842e-05,0
example,en,1790,8.628794262222073e-05,0
example,en,1791,8.419073481036321e-05,0
example,en,1792,9.47639473452e-05,0
example,en,1793,8.995423559099436e-05,0
example,en,1794,8.785092359175906e-05,0
example,en,1795,8.925157897010649e-05,0
example,en,1796,8.826862926980539e-05,0
example,en,1797,9.119662399825756e-05,0
example,en,1798,8.716739057490486e-05,0
example,en,1799,9.294230903833522e-05,0
example,en,1800,8.938372934608196e-05,0
example,en,1801,9.170642078970559e-05,0
example,en,1802,9.146269167104037e-05,0
example,en,1803,7.56610040753003e-05,0
example,en,1804,7.648311417929321e-05,0
example,en,1806,9.190484238641439e-05,0
example,en,1829,9.164172740838694e-05,0
example,en,1830,0.00010109726871787572,0
example,en,1831,8.965166807684e-05,0
example,en,1856,7.886188598149602e-05,0
example,en,1857,7.745397670078091e-05,0
example,en,1858,7.224202618305586e-05,0
example,en,1859,7.403226197766344e-05,0
example,en,1860,7.362842279690085e-05,0
example,en,1861,7.592934925931827e-05,0
example,en,1862,7.215050720787985e-05,0
example,en,1863,7.262686857906209e-05,0
example,en,1864,6.993939655330905e-05,0
example,en,1865,6.949917189191801e-05,0
example,en,1866,6.777916848932364e-05,0
example,en,1867,6.945653221590575e-05,0
example,en,1868,6.87373222497123e-05,0
example,en,1869,6.966566707813926e-05,0
example,en,1870,6.531570079459925e-05,0
example,en,1871,6.862976114885289e-05,0
example,en,1872,6.896891090946156e-05,0
example,en,1873,6.762879252164566e-05,0
example,en,1874,6.608382312933703e-05,0
example,en,1855,8.066949676269197e-05,0
example,en,1854,8.036942283454196e-05,0
example,en,1853,7.944394338510463e-05,0
example,en,1852,8.349292784259887e-05,0
example,en,1832,7.75385386599381e-05,0
example,en,1833,8.983548946162045e-05,0
example,en,1834,8.518220624420536e-05,0
example,en,1835,8.663186667934308e-05,0
example,en,1836,9.078480856355986e-05,0
example,en,1837,8.641320050628565e-05,0
example,en,1838,8.287760613256978e-05,0
example,en,1839,8.9547867901274e-05,0
example,en,1840,8.160468928508635e-05,0
example,en,1876,6.652093327375042e-05,0
example,en,1841,9.075106345335371e-05,0
example,en,1843,9.544409844142177e-05,0
example,en,1844,8.702058831289161e-05,0
example,en,1845,8.931082970559112e-05,0
example,en,1846,8.369229976779025e-05,0
example,en,1847,7.948344295616305e-05,0
example,en,1848,8.97336944944982e-05,0
example,en,1849,8.253419102621784e-05,0
example,en,1850,8.51972575247606e-05,0
example,en,1851,8.209567076000734e-05,0
example,en,1842,9.248729384125909e-05,0
例子,zh,1916,1.4187403394316789e-06,0
example,en,1787,9.669251721788896e-05,0
例子,zh,1918,4.4596802695195947e-07,0
exemple,fr,1982,0.0002898697825912677,0
exemple,fr,1983,0.00030651750921606435,0
exemple,fr,1984,0.0003004869248570685,0
exemple,fr,1985,0.0002894024149782126,0
exemple,fr,1986,0.00030518505707277654,0
exemple,fr,1987,0.00031405123058902973,0
exemple,fr,1988,0.0003107889766624794,0
exemple,fr,1989,0.00030948709013500775,0
exemple,fr,1990,0.00030596207420785504,0
exemple,fr,1991,0.0003038956579028418,0
exemple,fr,1992,0.0003028258797712624,0
exemple,fr,1993,0.0003109639397685937,0
exemple,fr,1994,0.00030544304979684966,0
exemple,fr,1995,0.00031185855209514557,0
exemple,fr,1996,0.000322757509479743,0
exemple,fr,1997,0.0003211984902691256,0
exemple,fr,1998,0.0003257872950825913,0
exemple,fr,1999,0.00031932794433942036,0
exemple,fr,2000,0.00032462164097069035,0
exemple,fr,1981,0.0002912296330057629,0
exemple,fr,2001,0.0003364945490602622,0
exemple,fr,1980,0.0002870255998748683,0
exemple,fr,1978,0.00027865028932771985,0
exemple,fr,1959,0.00022765724361306638,0
exemple,fr,1960,0.00023312345615522645,0
exemple,fr,1961,0.00023901633596778993,0
exemple,fr,1962,0.0002451579993639208,0
exemple,fr,1963,0.0002479074318546548,0
exemple,fr,1964,0.00023970977783493996,0
exemple,fr,1965,0.00023833299171549527,0
exemple,fr,1966,0.00025899898548686906,0
exemple,fr,1967,0.0002511241025902611,0
exemple,fr,1968,0.00024377775275752356,0
exemple,fr,1969,0.00023644304405934236,0
exemple,fr,1970,0.00023927144502888797,0
exemple,fr,1971,0.00025499014702745626,0
exemple,fr,1972,0.0002721885504115562,0
exemple,fr,1973,0.0002719608251027239,0
exemple,fr,1974,0.00027376977935394953,0
exemple,fr,1975,0.0002748896878301821,0
exemple,fr,1976,0.0002751836091192672,0
exemple,fr,1977,0.0002833096014048242,0
exemple,fr,1979,0.00027528974885626667,0
exemple,fr,1958,0.0002272357451039153,0
exemple,fr,2002,0.0003419308566208201,0
exemple,fr,2004,0.0003588539289274273,0
Beispiel,de,1605,2.9404594314996757e-08,0
Beispiel,de,1606,1.5927100704971053e-07,0
Beispiel,de,1607,0.0,0
Beispiel,de,1608,9.52789100949758e-08,0
Beispiel,de,1609,1.5755266957739877e-07,0
Beispiel,de,1610,2.1089087454129185e-07,0
Beispiel,de,1611,5.5061434522940544e-08,0
Beispiel,de,1612,3.857244053051545e-07,0
Beispiel,de,1613,3.305294171696005e-07,0
Beispiel,de,1614,6.190341395040377e-08,0
Beispiel,de,1615,0.0,0
Beispiel,de,1616,0.0,0
Beispiel,de,1617,4.237619677383009e-08,0
Beispiel,de,1618,4.3569698959800007e-07,0
Beispiel,de,1619,1.1000199862110094e-07,0
Beispiel,de,1620,0.0,0
Beispiel,de,1621,3.198291409489684e-08,0
Beispiel,de,1622,2.646730479227699e-08,0
Beispiel,de,1623,1.318342661704719e-07,0
Beispiel,de,1604,0.0,0
exemple,fr,2003,0.0003521122578149516,0
Beispiel,de,1603,6.380213335432927e-08,0
Beispiel,de,1601,0.0,0
exemple,fr,2005,0.0003745126415424238,0
exemple,fr,2006,0.00036618246044561875,0
exemple,fr,2007,0.0003543784855110643,0
exemple,fr,2008,0.000368358053505935,0
exemple,fr,2009,0.0003723863509000336,0
exemple,fr,2010,0.0003642804158988655,0
exemple,fr,2011,0.00036298625268660345,0
exemple,fr,2012,0.00032573309770134173,0
exemple,fr,2013,0.0003078623662329527,0
exemple,fr,2014,0.0002854636844406011,0
exemple,fr,2015,0.00029916466400692343,0
exemple,fr,2016,0.0002681045364166801,0
exemple,fr,2017,0.00028667494369152835,0
exemple,fr,2018,0.000276094712968189,0
exemple,fr,2019,0.0002836345201459589,0
exemple,fr,2020,0.00026736342034289207,0
exemple,fr,2021,0.0002600623650573508,0
exemple,fr,2022,0.0002541790274701583,0
Beispiel,de,1600,7.401146007168791e-08,0
Beispiel,de,1602,0.0,0
exemple,fr,1957,0.00022199128613920038,0
exemple,fr,1956,0.00023973545819444553,0
exemple,fr,1955,0.00024123052673985512,0
exemple,fr,1889,0.00017925801129098362,0
exemple,fr,1890,0.00017755657616308484,0
exemple,fr,1891,0.0001865977733359614,0
exemple,fr,1892,0.00018084609953356034,0
exemple,fr,1893,0.00017812829764807248,0
exemple,fr,1894,0.00018556304257799638,0
exemple,fr,1895,0.0001793581676951539,0
exemple,fr,1896,0.00018526241569816193,0
exemple,fr,1897,0.00018717650834787491,0
exemple,fr,1898,0.00018697922121191368,0
exemple,fr,1899,0.00018472924934714863,0
exemple,fr,1900,0.00018736978830702355,0
exemple,fr,1901,0.00018774114380448736,0
exemple,fr,1902,0.00031792774592531714,0
exemple,fr,1903,0.0001944855478086538,0
exemple,fr,1904,0.00019694710736262167,0
exemple,fr,1905,0.00019092371161377741,0
exemple,fr,1906,0.00020275708419603689,0
exemple,fr,1907,0.00019456242137039226,0
exemple,fr,1888,0.00018030758968734517,0
exemple,fr,1908,0.00019633279783543012,0
exemple,fr,1887,0.00017897410458544982,0
exemple,fr,1885,0.00018084782811911282,0
exemple,fr,1866,0.0001660383162024881,0
exemple,fr,1867,0.00017740289052881053,0
exemple,fr,1868,0.00017832970536346693,0
exemple,fr,1869,0.00017149330687971087,0
exemple,fr,1870,0.00017679741959686357,0
exemple,fr,1871,0.00016982081911010027,0
exemple,fr,1872,0.0001722033584026228,0
exemple,fr,1873,0.00016758692476059878,0
exemple,fr,1874,0.0001700785942944094,0
exemple,fr,1875,0.00016957196095290783,0
exemple,fr,1876,0.0001654124440619853,0
exemple,fr,1877,0.00018365219830229762,0
exemple,fr,1878,0.0001608512857274036,0
exemple,fr,1879,0.00017897664048893702,0
exemple,fr,1880,0.00017063585966070605,0
exemple,fr,1881,0.00016766849967098096,0
exemple,fr,1882,0.00017502623796961103,0
exemple,fr,1883,0.0001805184487011502,0
exemple,fr,1884,0.00016833946796168675,0
exemple,fr,1886,0.0001771655205971001,0
exemple,fr,1909,0.0002028114978549489,0
exemple,fr,1910,0.00019978515274488018,0
exemple,fr,1911,0.0001988920312258613,0
exemple,fr,1936,0.00021650785384963456,0
exemple,fr,1937,0.00021590651550695839,0
exemple,fr,1938,0.00022434231266288407,0
exemple,fr,1939,0.00022804849550084327,0
exemple,fr,1940,0.00018747025967513764,0
exemple,fr,1941,0.00021976207574425644,0
exemple,fr,1942,0.00022787160594361922,0
exemple,fr,1943,0.00024492790684393917,0
exemple,fr,1944,0.00025355326835097003,0
exemple,fr,1945,0.000245351513285641,0
exemple,fr,1946,0.00024164052661035385,0
exemple,fr,1947,0.000251101925767494,0
exemple,fr,1948,0.0002426545609068853,0
exemple,fr,1949,0.0002446871055806765,0
exemple,fr,1950,0.0002483916834989941,0
exemple,fr,1951,0.0002477584962794488,0
exemple,fr,1952,0.00025797019134188304,0
exemple,fr,1953,0.00025742897594227543,0
exemple,fr,1954,0.00025101789708514843,0
exemple,fr,1935,0.00020269197409561457,0
exemple,fr,1934,0.00021246370909011603,0
exemple,fr,1933,0.00020499298970477753,0
exemple,fr,1932,0.00020304983183905279,0
exemple,fr,1912,0.00019971588625367076,0
exemple,fr,1913,0.0002028804219094127,0
exemple,fr,1914,0.00019908606577700994,0
exemple,fr,1915,0.0001945445386013489,0
exemple,fr,1916,0.0002073745036764718,0
exemple,fr,1917,0.0002150109939975664,0
exemple,fr,1918,0.00020917472639081502,0
exemple,fr,1919,0.00020734883776185598,0
exemple,fr,1920,0.00022245990919600445,0
Beispiel,de,1624,2.5904222411554656e-07,0
exemple,fr,1921,0.0002214330177779944,0
exemple,fr,1923,0.0002073856563706844,0
exemple,fr,1924,0.00020722833420450115,0
exemple,fr,1925,0.0002044434634171921,0
exemple,fr,1926,0.00021026199863172224,0
exemple,fr,1927,0.00020283046802660465,0
exemple,fr,1928,0.00020735588401521454,0
exemple,fr,1929,0.00020487097015120526,0
exemple,fr,1930,0.00021534823389401936,0
exemple,fr,1931,0.00020550655091255976,0
exemple,fr,1922,0.00020685011474408377,0
Beispiel,de,1625,0.0,0
Beispiel,de,1626,1.7608580904493465e-07,0
Beispiel,de,1627,2.1114814785505587e-08,0
Beispiel,de,1745,2.0094754376032142e-06,0
Beispiel,de,1746,4.177361063284479e-06,0
Beispiel,de,1747,1.8213520149856777e-06,0
Beispiel,de,1748,2.8265243159353304e-06,0
Beispiel,de,1749,2.6422414727278465e-06,0
Beispiel,de,1750,4.805131538887508e-06,0
Beispiel,de,1751,5.541626364902186e-06,0
Beispiel,de,1752,5.395461258217438e-06,0
Beispiel,de,1753,3.7370665211255982e-06,0
Beispiel,de,1754,9.287333838869927e-06,0
Beispiel,de,1755,6.9917126686025455e-06,0
Beispiel,de,1756,8.67767534629138e-06,0
Beispiel,de,1757,1.0119816288955974e-05,0
Beispiel,de,1758,7.750820527618885e-06,0
Beispiel,de,1759,9.243024372551645e-06,0
Beispiel,de,1760,8.625604451140134e-06,0
Beispiel,de,1761,8.78828500816553e-06,0
Beispiel,de,1762,4.989421107381986e-06,0
Beispiel,de,1763,7.069868935616341e-06,0
Beispiel,de,1744,5.885769880364933e-07,0
Beispiel,de,1764,5.5695119502985335e-06,0
Beispiel,de,1743,5.959775251085375e-07,0
Beispiel,de,1741,1.5633481176280384e-07,0
Beispiel,de,1722,1.0894695812169175e-08,0
Beispiel,de,1723,1.4692064098653645e-07,0
Beispiel,de,1724,3.468730280786758e-08,0
Beispiel,de,1725,2.388865283364794e-08,0
Beispiel,de,1726,8.698411768648384e-09,0
Beispiel,de,1727,5.8689323623184464e-08,0
Beispiel,de,1728,2.7361136289982824e-07,0
Beispiel,de,1729,5.729024223910528e-07,0
Beispiel,de,1730,1.0651919346571503e-08,0
Beispiel,de,1731,3.404091817316157e-07,0
Beispiel,de,1732,5.0908209203726074e-08,0
Beispiel,de,1733,5.693317151056476e-08,0
Beispiel,de,1734,1.3457689362894598e-07,0
Beispiel,de,1735,8.222141574254493e-07,0
Beispiel,de,1736,1.0689218754578178e-07,0
Beispiel,de,1737,1.7361629289780467e-07,0
Beispiel,de,1738,1.620647509525952e-07,0
Beispiel,de,1739,1.1689703569572885e-06,0
Beispiel,de,1740,1.2736721544115426e-07,0
Beispiel,de,1742,1.815988213138553e-07,0
Beispiel,de,1765,7.167551416387141e-06,0
Beispiel,de,1766,5.2764249147685405e-06,0
Beispiel,de,1767,2.76655065789555e-06,0
Beispiel,de,1792,2.6226678528473713e-05,0
Beispiel,de,1793,2.285815715907802e-05,0
Beispiel,de,1794,2.5284455002605455e-05,0
Beispiel,de,1795,2.5939819810361087e-05,0
Beispiel,de,1796,2.3116193880845515e-05,0
Beispiel,de,1797,2.693560741373613e-05,0
Beispiel,de,1798,2.4327856810058002e-05,0
Beispiel,de,1799,2.695533719077048e-05,0
Beispiel,de,1800,2.5242818519677357e-05,0
Beispiel,de,1801,2.7697744815480263e-05,0
Beispiel,de,1802,2.4553081234390817e-05,0
Beispiel,de,1803,2.4303978911177637e-05,0
Beispiel,de,1804,2.4208486684607067e-05,0
Beispiel,de,1805,2.6634065617092695e-05,0
Beispiel,de,1806,2.968711875439567e-05,0
Beispiel,de,1807,2.662253587715213e-05,0
Beispiel,de,1808,2.7388833201191787e-05,0
例子,zh,1917,4.229196974847582e-07,0
Beispiel,de,1809,2.8551615079974724e-05,0
Beispiel,de,1791,2.2489874726971948e-05,0
Beispiel,de,1790,2.5307350785652716e-05,0
Beispiel,de,1789,2.593095278236035e-05,0
Beispiel,de,1788,2.134607311232717e-05,0
Beispiel,de,1768,4.9213993378316445e-06,0
Beispiel,de,1769,5.096951795735549e-06,0
Beispiel,de,1770,5.513541594837079e-06,0
Beispiel,de,1771,5.163817025533035e-06,0
Beispiel,de,1772,6.017048150397386e-06,0
Beispiel,de,1773,8.217361028073356e-06,0
Beispiel,de,1774,6.18638428662166e-06,0
Beispiel,de,1775,6.107367653385154e-06,0
Beispiel,de,1776,8.384779246028984e-06,0
Beispiel,de,1721,1.4271833492784936e-07,0
Beispiel,de,1777,5.6114141386842675e-06,0
Beispiel,de,1779,9.824429322513595e-06,0
Beispiel,de,1780,1.433017924057367e-05,0
Beispiel,de,1781,1.4578013178834226e-05,0
Beispiel,de,1782,1.8296894455316348e-05,0
Beispiel,de,1783,1.9964917647996572e-05,0
Beispiel,de,1784,1.996206184839977e-05,0
Beispiel,de,1785,2.1768564495872056e-05,0
Beispiel,de,1786,2.313575352630437e-05,0
Beispiel,de,1787,2.447836791685809e-05,0
Beispiel,de,1778,1.2097569452862444e-05,0
exemple,fr,1865,0.00017726027470688077,0
Beispiel,de,1720,2.660917743924074e-07,0
Beispiel,de,1718,9.742714013327713e-08,0
Beispiel,de,1651,0.0,0
Beispiel,de,1652,0.0,0
Beispiel,de,1653,2.5090336919220135e-08,0
Beispiel,de,1654,1.1339047389924417e-07,0
Beispiel,de,1655,4.3979053643283805e-07,0
Beispiel,de,1656,4.704963529889028e-07,0
Beispiel,de,1657,5.938640015301644e-07,0
Beispiel,de,1658,1.471858013246674e-07,0
Beispiel,de,1659,3.6137209598052777e-06,0
Beispiel,de,1660,4.957627197654801e-07,0
Beispiel,de,1661,4.234306203443339e-07,0
Beispiel,de,1662,1.918740153428189e-07,0
Beispiel,de,1663,3.1791867804997764e-07,0
Beispiel,de,1664,6.513168884225706e-07,0
Beispiel,de,1665,3.2303482910833736e-07,0
Beispiel,de,1666,1.5702899780478674e-07,0
Beispiel,de,1667,2.2660035448041072e-07,0
Beispiel,de,1668,3.680210980405718e-08,0
Beispiel,de,1669,1.477377260528101e-07,0
Beispiel,de,1650,0.0,0
Beispiel,de,1670,2.98116400898607e-07,0
Beispiel,de,1649,1.3176907032175222e-06,0
Beispiel,de,1647,1.4175675033811785e-07,0
Beispiel,de,1628,3.7839802757844154e-07,0
Beispiel,de,1629,1.1653320370896836e-06,0
Beispiel,de,1630,0.0,0
Beispiel,de,1631,0.0,0
Beispiel,de,1632,3.459608066691544e-08,0
Beispiel,de,1633,0.0,0
Beispiel,de,1634,0.0,0
Beispiel,de,1635,0.0,0
Beispiel,de,1636,0.0,0
Beispiel,de,1637,2.8818493547078106e-07,0
Beispiel,de,1638,0.0,0
Beispiel,de,1639,1.427949314347643e-07,0
Beispiel,de,1640,6.822387490501569e-07,0
Beispiel,de,1641,0.0,0
Beispiel,de,1642,1.9507696435994148e-07,0
Beispiel,de,1643,3.7894185567211025e-08,0
Beispiel,de,1644,2.3609574739680284e-08,0
Beispiel,de,1645,0.0,0
Beispiel,de,1646,0.0,0
Beispiel,de,1648,1.4953413938201265e-06,0
Beispiel,de,1671,4.15993014257765e-06,0
Beispiel,de,1672,7.53907414718924e-07,0
Beispiel,de,1673,6.733454114282722e-07,0
Beispiel,de,1698,5.739778430324805e-07,0
Beispiel,de,1699,1.0002855077573258e-07,0
Beispiel,de,1700,2.505095721971884e-07,0
Beispiel,de,1701,5.593445706608691e-08,0
Beispiel,de,1702,1.0467536526448384e-07,0
Beispiel,de,1703,9.18013753903324e-08,0
Beispiel,de,1704,7.131807251425926e-07,0
Beispiel,de,1705,7.379869160217822e-09,0
Beispiel,de,1706,2.324655667962361e-08,0
Beispiel,de,1707,8.228052905678851e-09,0
Beispiel,de,1708,3.889041622073819e-08,0
Beispiel,de,1709,2.7800583168868798e-08,0
Beispiel,de,1710,2.3615511590691085e-07,0
Beispiel,de,1711,1.6852821715929167e-07,0
Beispiel,de,1712,2.2556250733885008e-07,0
Beispiel,de,1713,1.7287359099782407e-08,0
Beispiel,de,1714,1.0034155906168962e-07,0
Beispiel,de,1716,2.20282284857376e-07,0
Beispiel,de,1717,3.536343928800534e-08,0
Beispiel,de,1697,1.3466470250023121e-07,0
Beispiel,de,1696,0.0,0
Beispiel,de,1695,5.21625764804412e-08,0
Beispiel,de,1694,9.936096923013338e-08,0
Beispiel,de,1674,1.8061399487123708e-06,0
Beispiel,de,1675,4.1796891991907614e-07,0
Beispiel,de,1676,1.0639688952096549e-07,0
Beispiel,de,1677,4.156948989475495e-07,0
Beispiel,de,1678,1.0988173357873166e-06,0
Beispiel,de,1679,5.143697762832744e-06,0
Beispiel,de,1680,1.5729934830233105e-06,0
Beispiel,de,1681,2.1869449540190544e-07,0
Beispiel,de,1682,1.9832567943467438e-07,0
Beispiel,de,1719,2.1490052404260496e-08,0
Beispiel,de,1683,5.508502010087568e-08,0
Beispiel,de,1685,1.9218874314219647e-07,0
Beispiel,de,1686,1.9833993469831057e-07,0
Beispiel,de,1687,7.404960378210035e-08,0
Beispiel,de,1688,9.424454816553407e-08,0
Beispiel,de,1689,3.112752011702469e-08,0
Beispiel,de,1690,3.87782499444711e-08,0
Beispiel,de,1691,7.09744824689551e-07,0
Beispiel,de,1692,2.352978469843947e-07,0
Beispiel,de,1693,3.5877252457794384e-07,0
Beispiel,de,1684,1.271577030337312e-07,0
exemple,fr,1864,0.000181507358506805,0
Beispiel,de,1715,0.0,0
exemple,fr,1862,0.00016320142348913436,0
exemple,fr,1612,0.0001315270704935756,0
exemple,fr,1613,0.00014823363995830618,0
exemple,fr,1614,0.000136216135958378,0
exemple,fr,1615,0.0001263051235440571,0
exemple,fr,1616,0.00012531308601637647,0
exemple,fr,1617,0.00013877631295144965,0
exemple,fr,1618,0.00013399360193488974,0
exemple,fr,1619,0.0001508047585332406,0
exemple,fr,1620,0.00015137086512595488,0
exemple,fr,1621,0.00014992126807555906,0
exemple,fr,1622,0.00013436278963752102,0
exemple,fr,1623,0.00016328049832736724,0
exemple,fr,1624,0.00016754893801262938,0
exemple,fr,1625,0.00015906030565737694,0
exemple,fr,1626,0.00016321079215231293,0
exemple,fr,1627,0.00016462241069348238,0
exemple,fr,1628,0.0001565623417718598,0
exemple,fr,1629,0.000158428434929192,0
exemple,fr,1630,0.00015772428912086411,0
exemple,fr,1611,0.00012580959159436134,0
exemple,fr,1631,0.0001721839494841504,0
exemple,fr,1610,0.00013994072772050004,0
exemple,fr,1608,0.0001437621715467685,0
例子,zh,2012,5.55769911443349e-05,0
例子,zh,2013,6.183582445373759e-05,0
例子,zh,2014,6.497655704151839e-05,0
例子,zh,2015,6.7519249569159e-05,0
例子,zh,2016,6.798153481213376e-05,0
例子,zh,2017,6.811648199800402e-05,0
例子,zh,2018,6.883913010824472e-05,0
例子,zh,2019,7.50537437852472e-05,0
例子,zh,2020,9.628694533603266e-05,0
例子,zh,2021,0.00010618411033647135,0
例子,zh,2022,9.274146577809006e-05,0
exemple,fr,1600,0.00011351993560992923,0
exemple,fr,1601,9.96249977340824e-05,0
exemple,fr,1602,0.00015914597986466106,0
exemple,fr,1603,0.00014439846763991682,0
exemple,fr,1604,0.00016762224700173078,0
exemple,fr,1605,0.00011540878721660874,0
exemple,fr,1606,0.00013470751511590606,0
exemple,fr,1607,0.00015732168844095895,0
exemple,fr,1609,0.00014384387251809017,0
exemple,fr,1632,0.0001721823625189245,0
exemple,fr,1633,0.00016723986851729933,0
exemple,fr,1634,0.000497101886139717,0
exemple,fr,1659,0.00022433397384702403,0
exemple,fr,1660,0.00015988467612260138,0
exemple,fr,1661,0.00017427597936148231,0
exemple,fr,1662,0.0001697943154681525,0
exemple,fr,1663,0.00031962622927039774,0
exemple,fr,1664,0.00018487847069659225,0
exemple,fr,1665,0.00019378495483124425,0
exemple,fr,1666,0.0001572371970723907,0
exemple,fr,1667,0.00018824055121058336,0
exemple,fr,1668,0.00017647192561298652,0
exemple,fr,1669,0.0002776177917667155,0
exemple,fr,1670,0.00021488701641203534,0
exemple,fr,1671,0.0002127605566784041,0
exemple,fr,1672,0.0002270614735948584,0
exemple,fr,1673,0.0002190145214626682,0
exemple,fr,1674,0.00022537339725658967,0
exemple,fr,1675,0.0002753339208858563,0
exemple,fr,1676,0.00028180693198009976,0
exemple,fr,1677,0.0002218559359334904,0
exemple,fr,1658,0.00018077778669045586,0
exemple,fr,1657,0.0001951083624627259,0
exemple,fr,1656,0.00017663422721625466,0
exemple,fr,1655,0.00018563353248168823,0
exemple,fr,1635,0.0001646595142048568,0
exemple,fr,1636,0.00017821093314296377,0
exemple,fr,1637,0.00015688258866930482,0
exemple,fr,1638,0.00015765768988273976,0
exemple,fr,1639,0.00016067511068662554,0
exemple,fr,1640,0.00017960126916705121,0
exemple,fr,1641,0.00020277008843549993,0
exemple,fr,1642,0.00021534542335643891,0
exemple,fr,1643,0.0001784135978368795,0
例子,zh,2011,4.905127570964396e-05,0
exemple,fr,1644,0.0001537809919227584,0
exemple,fr,1646,0.00016007559281661088,0
exemple,fr,1647,0.00021653649196196056,0
exemple,fr,1648,0.00018306931107758828,0
exemple,fr,1649,0.000163251778758422,0
exemple,fr,1650,0.00018093644698780054,0
exemple,fr,1651,0.0002044983570037573,0
exemple,fr,1652,0.00029530420420087466,0
exemple,fr,1653,0.00016449966062737076,0
exemple,fr,1654,0.0001562232822891474,0
exemple,fr,1645,0.00016176791632460663,0
exemple,fr,1678,0.00018907875687546039,0
例子,zh,2010,4.312480814405717e-05,0
例子,zh,2008,3.035758163605351e-05,0
例子,zh,1941,1.4717150406795554e-05,0
例子,zh,1942,9.685027180239558e-06,0
例子,zh,1943,1.2243921446497552e-05,0
例子,zh,1944,1.6056636013672687e-05,0
例子,zh,1945,2.118193697242532e-05,0
例子,zh,1946,2.1553563783527352e-05,0
例子,zh,1947,2.4031327484408394e-05,0
例子,zh,1948,2.6284196792403236e-05,0
例子,zh,1949,3.987547825090587e-05,0
例子,zh,1950,4.904624802293256e-05,0
例子,zh,1951,5.571121073444374e-05,0
例子,zh,1952,4.9904647312359884e-05,0
例子,zh,1953,4.298770727473311e-05,0
例子,zh,1954,4.137152063776739e-05,0
例子,zh,1955,3.445910624577664e-05,0
例子,zh,1956,4.0528255340177566e-05,0
例子,zh,1957,3.846607432933524e-05,0
例子,zh,1958,3.659490903373808e-05,0
例子,zh,1959,2.7269687052466907e-05,0
例子,zh,1940,1.236903881363105e-05,0
例子,zh,1960,2.899951687140856e-05,0
例子,zh,1939,1.3341750673134811e-05,0
例子,zh,1937,8.465039172733668e-06,0
例子,zh,1920,1.5728879816379049e-06,0
例子,zh,1919,1.13840076210181e-06,0
exemple,fr,1863,0.00016376103351328775,0
例子,zh,1921,4.068875114171533e-06,0
例子,zh,1922,3.2277455375151476e-06,0
例子,zh,1923,3.569264208636014e-06,0
例子,zh,1924,2.435444230286521e-06,0
例子,zh,1925,4.74410717288265e-06,0
例子,zh,1926,5.653019798046444e-06,0
例子,zh,1927,6.725735602230998e-06,0
例子,zh,1928,1.0615462088026106e-05,0
例子,zh,1929,5.824661002407083e-06,0
例子,zh,1930,6.908729574206518e-06,0
例子,zh,1931,7.574166829726892e-06,0
例子,zh,1932,7.053376975818537e-06,0
例子,zh,1933,9.436001164431218e-06,0
例子,zh,1934,4.999745215172879e-06,0
例子,zh,1935,6.118846158642555e-06,0
例子,zh,1936,7.245569577207789e-06,0
例子,zh,1938,1.857886672951281e-05,0
例子,zh,1961,2.342191328352783e-05,0
例子,zh,1962,1.667531432758551e-05,0
例子,zh,1963,2.2594218535232358e-05,0
例子,zh,1989,2.5639246814535e-05,0
例子,zh,1990,2.3287288058781996e-05,0
例子,zh,1991,2.3175605747383088e-05,0
例子,zh,1992,2.3069867893354967e-05,0
例子,zh,1993,2.2004489437676966e-05,0
例子,zh,1994,2.212912295362912e-05,0
例子,zh,1995,1.964953298738692e-05,0
例子,zh,1996,2.1711904992116615e-05,0
例子,zh,1997,2.1435886083054356e-05,0
例子,zh,1998,2.2787839043303393e-05,0
例子,zh,1999,2.3123966457205825e-05,0
例子,zh,2000,2.518589280953165e-05,0
例子,zh,2001,2.5661365725682117e-05,0
例子,zh,2002,2.7788883016910404e-05,0
例子,zh,2003,2.8383663448039442e-05,0
例子,zh,2004,3.179472696501762e-05,0
例子,zh,2005,3.452471719356254e-05,0
例子,zh,2006,3.3275646273978055e-05,0
例子,zh,2007,2.9602082577184774e-05,0
例子,zh,1988,2.7983984182355925e-05,0
例子,zh,1987,2.882837907236535e-05,0
例子,zh,1986,2.6623965823091567e-05,0
例子,zh,1985,3.082991315750405e-05,0
例子,zh,1964,1.5746420103823766e-05,0
例子,zh,1965,1.283544406760484e-05,0
例子,zh,1966,1.428707309969468e-05,0
例子,zh,1968,1.0331999874324538e-05,0
例子,zh,1969,1.4970306438044645e-05,0
例子,zh,1970,1.6109806892927736e-05,0
例子,zh,1971,1.565008824400138e-05,0
例子,zh,1972,1.9768920537899248e-05,0
例子,zh,1973,1.6825939383124933e-05,0
例子,zh,2009,3.032580752915237e-05,0
例子,zh,1974,1.769839036569465e-05,0
例子,zh,1976,2.0196128389216028e-05,0
例子,zh,1977,1.6601050447206944e-05,0
例子,zh,1978,2.664724706846755e-05,0
例子,zh,1979,3.071895116590895e-05,0
例子,zh,1980,3.2256899430649355e-05,0
例子,zh,1981,3.206180190318264e-05,0
例子,zh,1982,3.255633055232465e-05,0
例子,zh,1983,3.051831663469784e-05,0
例子,zh,1984,3.399615525268018e-05,0
例子,zh,1975,2.2674916181131266e-05,0
exemple,fr,1679,0.0002234173200577061,0
例子,zh,1967,1.4935953004169278e-05,0
exemple,fr,1681,0.00019945166150137084,0
exemple,fr,1796,0.00017285245496623247,0
exemple,fr,1797,0.00018781251264954335,0
exemple,fr,1798,0.00020389413066368434,0
exemple,fr,1799,0.00018897018505237284,0
exemple,fr,1800,0.00018784635722113308,0
exemple,fr,1801,0.00019454008207064888,0
exemple,fr,1802,0.00016574116593837118,0
exemple,fr,1803,0.0001937727754466323,0
exemple,fr,1804,0.00014632405691372696,0
exemple,fr,1805,0.00017750175175024197,0
exemple,fr,1806,0.00016993766291761858,0
exemple,fr,1807,0.0001966150922498855,0
exemple,fr,1808,0.00017862601725937566,0
exemple,fr,1809,0.0001824105337391302,0
exemple,fr,1810,0.00018070819103299662,0
exemple,fr,1811,0.00016023955777200172,0
exemple,fr,1812,0.0001795658044243531,0
exemple,fr,1813,0.00016426111619693984,0
exemple,fr,1814,0.00018666682329770978,0
exemple,fr,1795,0.00019834273601482266,0
exemple,fr,1815,0.00018343337876558508,0
exemple,fr,1794,0.00018542503880780714,0
exemple,fr,1792,0.00019991516645045948,0
exemple,fr,1773,0.00023300916885493628,0
exemple,fr,1774,0.0002335817371663662,0
exemple,fr,1775,0.0002130543537735008,0
exemple,fr,1776,0.0001916995032615887,0
exemple,fr,1777,0.00022352899327415798,0
exemple,fr,1778,0.00023116213515095296,0
exemple,fr,1779,0.0002409923768027511,0
exemple,fr,1780,0.00021599333226207662,0
exemple,fr,1781,0.00023261932301466004,0
exemple,fr,1782,0.00022807282448944477,0
exemple,fr,1783,0.00018091036497480673,0
exemple,fr,1784,0.00021415474255259692,0
exemple,fr,1785,0.00019337696464938325,0
exemple,fr,1786,0.00021188816458561632,0
exemple,fr,1787,0.0001963769450816777,0
exemple,fr,1788,0.00019984021922725415,0
exemple,fr,1789,0.0001975604985569035,0
exemple,fr,1790,0.0001805540973252029,0
exemple,fr,1791,0.00019539581584782084,0
exemple,fr,1793,0.00019717719555956137,0
exemple,fr,1816,0.00018506206674828718,0
exemple,fr,1817,0.00017866876964944822,0
exemple,fr,1818,0.0001883264972093457,0
exemple,fr,1844,0.0001860091567417177,0
exemple,fr,1845,0.0001825235810922199,0
exemple,fr,1846,0.00018497923366567193,0
exemple,fr,1847,0.00018526746833830154,0
exemple,fr,1848,0.00018387591040891493,0
exemple,fr,1849,0.00017557268280599114,0
exemple,fr,1850,0.00017153739736386342,0
exemple,fr,1851,0.0001708497160279876,0
exemple,fr,1852,0.00017304927412936655,0
exemple,fr,1853,0.00016876029258128256,0
exemple,fr,1854,0.00017202618572154105,0
exemple,fr,1855,0.00016681757131209451,0
exemple,fr,1856,0.0001749445956241713,0
exemple,fr,1857,0.00016145826356150916,0
exemple,fr,1858,0.00016890330497343342,0
exemple,fr,1859,0.0001735095136951026,0
exemple,fr,1680,0.00020436914149968288,0
exemple,fr,1861,0.00017589757248970272,0
exemple,fr,1860,0.00016407822670316818,0
exemple,fr,1843,0.0001737168837507852,0
exemple,fr,1842,0.00015330410303704411,0
exemple,fr,1841,0.00017308747612787556,0
exemple,fr,1840,0.0001985694311516517,0
exemple,fr,1819,0.00018876226374686667,0
exemple,fr,1820,0.0001622858747678535,0
exemple,fr,1821,0.0001846169889176963,0
exemple,fr,1822,0.00017950969493085722,0
exemple,fr,1823,0.00019013089126929117,0
exemple,fr,1824,0.00018755631208478007,0
exemple,fr,1825,0.00018120752122285921,0
exemple,fr,1826,0.00017953913095425378,0
exemple,fr,1827,0.00016480218420156234,0
exemple,fr,1772,0.00021958309043457191,0
exemple,fr,1828,0.0001673833102904254,0
exemple,fr,1830,0.00019337797129992396,0
exemple,fr,1831,0.00019383863934763212,0
exemple,fr,1832,0.00017336986252303177,0
exemple,fr,1833,0.00017545743730806862,0
exemple,fr,1834,0.00015764002004314825,0
exemple,fr,1835,0.00017215818547811068,0
exemple,fr,1837,0.00018856795236976698,0
exemple,fr,1838,0.00017036835231465375,0
exemple,fr,1839,0.00017182645177238332,0
exemple,fr,1829,0.00017220572334508688,0
exemple,fr,1771,0.000199123835670445,0
exemple,fr,1836,0.00017952153814349003,0
exemple,fr,1769,0.00019612834281046432,0
exemple,fr,1705,0.00021879127552892896,0
exemple,fr,1706,0.00024088197983473947,0
exemple,fr,1707,0.00019234753570618324,0
exemple,fr,1708,0.00018614452735121745,0
exemple,fr,1709,0.00021167208877592714,0
exemple,fr,1710,0.00021748417339040316,0
exemple,fr,1711,0.0001907217644161463,0
exemple,fr,1712,0.00026346703288560036,0
exemple,fr,1713,0.00021479730029128064,0
exemple,fr,1714,0.00022648396611657517,0
exemple,fr,1715,0.00020939292523758368,0
exemple,fr,1716,0.00018162751423211887,0
exemple,fr,1717,0.00017196744288616728,0
exemple,fr,1718,0.0001862022913043937,0
exemple,fr,1719,0.00017661567299009917,0
exemple,fr,1720,0.00018739897029718122,0
exemple,fr,1721,0.00020233220693421927,0
exemple,fr,1722,0.0001760669441213114,0
exemple,fr,1723,0.0002076175375207434,0
exemple,fr,1704,0.00021716141655492294,0
exemple,fr,1724,0.00019736693803018568,0
exemple,fr,1703,0.00020060639667462965,0
exemple,fr,1701,0.00019093401533609722,0
exemple,fr,1683,0.00020968318197489566,0
exemple,fr,1682,0.00024280761849659882,0
exemple,fr,1770,0.00019081156971900715,0
exemple,fr,1684,0.0002481383957047001,0
exemple,fr,1685,0.00022537030201874586,0
exemple,fr,1686,0.00021233545969323586,0
exemple,fr,1687,0.00024484179196804234,0
exemple,fr,1688,0.00024596147176225713,0
exemple,fr,1689,0.0002389785040577408,0
exemple,fr,1690,0.0002402192809789483,0
exemple,fr,1691,0.000279111984865299,0
exemple,fr,1692,0.0002320242928925964,0
exemple,fr,1693,0.00023628718679447047,0
exemple,fr,1694,0.00016645721327668284,0
exemple,fr,1696,0.00020155735807847464,0
exemple,fr,1697,0.00022103556862473894,0
exemple,fr,1698,0.00019612537542457176,0
exemple,fr,1699,0.00024070275204390867,0
exemple,fr,1700,0.00023547583168692654,0
exemple,fr,1702,0.00020084104528450553,0
exemple,fr,1725,0.0001764347127846122,0
exemple,fr,1695,0.00019829977918739417,0
exemple,fr,1727,0.00019007481898825063,0
exemple,fr,1750,0.00019740053085115505,0
exemple,fr,1751,0.00019147944537412087,0
exemple,fr,1752,0.00019094490812676668,0
exemple,fr,1753,0.0002167560227235299,0
exemple,fr,1754,0.00023072384465194773,0
exemple,fr,1755,0.00019543515139730516,0
exemple,fr,1756,0.00020859198525613465,0
exemple,fr,1757,0.00020291633830993305,0
exemple,fr,1758,0.00019649373882657528,0
exemple,fr,1759,0.00015496141656967666,0
exemple,fr,1761,0.00018663185410217054,0
exemple,fr,1762,0.00017968062260043105,0
exemple,fr,1763,0.00018507017023239314,0
exemple,fr,1764,0.00019256651705967798,0
exemple,fr,1765,0.00022432305434949562,0
exemple,fr,1766,0.0001933682385737434,0
exemple,fr,1726,0.00014518400706720058,0
exemple,fr,1768,0.0001820846707187851,0
exemple,fr,1767,0.00020831609572269372,0
exemple,fr,1749,0.00019042997622964464,0
exemple,fr,1748,0.00016206851933020516,0
exemple,fr,1760,0.00019453808499747538,0
exemple,fr,1746,0.00022401008695549507,0
exemple,fr,1729,0.00019515527196745097,0
exemple,fr,1747,0.00020117067174396652,0
exemple,fr,1728,0.00017583866862302955,0
exemple,fr,1730,0.00019408767508255487,0
exemple,fr,1731,0.00018713088385857723,0
exemple,fr,1732,0.0001429161484913788,0
exemple,fr,1734,0.00021656192325281154,0
exemple,fr,1735,0.0001877588051228951,0
exemple,fr,1736,0.0002177612660139161,0
exemple,fr,1737,0.000180636108325416,0
exemple,fr,1733,0.0001979220897143641,0
exemple,fr,1739,0.00021148383393665426,0
exemple,fr,1745,0.00018628463801473316,0
exemple,fr,1738,0.00019056174051002017,0
exemple,fr,1743,0.00018870725745046002,0
exemple,fr,1742,0.00017848133438747027,0
exemple,fr,1744,0.0001752504183403225,0
exemple,fr,1740,0.0001674158806517223,0
exemple,fr,1741,0.00019386235010698805,0
modelo,es,2004,0.00016008761406771654,1
exemplar,en,1603,1.3351972185660088e-06,1
exemplar,en,1602,1.1715495702446788e-06,1
exemplar,en,1605,1.095781271942542e-06,1
exemplar,en,1642,8.758109046880236e-07,1
modelo,es,1933,4.938928679432131e-05,1
exemplar,en,1606,1.4553086202795384e-06,1
exemplar,en,1601,5.088141961095971e-07,1
exemplar,en,1600,1.1699873425641272e-06,1
modelo,es,2022,0.00012200728628186663,1
modelo,es,2021,0.0001307923555612378,1
exemplar,en,1782,4.43044626763367e-07,1
exemplar,en,1604,3.1708796655038896e-07,1
modelo,es,2020,0.00012776391179070146,1
modelo,es,2012,0.00012793620020168373,1
modelo,es,2018,0.000127921333172909,1
modelo,es,2017,0.00012675243346083054,1
modelo,es,2016,0.0001210998820350695,1
modelo,es,2015,0.00012483897894954854,1
modelo,es,2014,0.00013679269239530445,1
modelo,es,2013,0.00012914776692629637,1
modelo,es,2011,0.00013602320446015614,1
modelo,es,2010,0.00015295867989162382,1
modelo,es,2009,0.00016093824524110456,1
modelo,es,2008,0.0001654532820327681,1
modelo,es,2007,0.00016888672526405024,1
exemplar,en,1607,1.1811563354058308e-06,1
modelo,es,2006,0.00016331514779158174,1
modelo,es,2005,0.00016307700770171185,1
modelo,es,2019,0.00012496110102300229,1
exemplar,en,1608,2.4660748323412918e-06,1
exemplar,en,1628,5.447204785014037e-07,1
exemplar,en,1610,1.213261953125766e-06,1
exemplar,en,1641,1.2195108070045535e-06,1
exemplar,en,1640,1.1665947283745481e-06,1
modelo,es,2003,0.0001536598845186532,1
exemplar,en,1639,4.966528450722762e-07,1
exemplar,en,1638,5.720313041024383e-07,1
exemplar,en,1637,3.365802285770769e-07,1
exemplar,en,1636,1.181559198926152e-06,1
exemplar,en,1635,7.195367288659327e-07,1
exemplar,en,1634,1.4283602354225877e-06,1
exemplar,en,1633,1.0185123358041892e-06,1
exemplar,en,1632,2.118048641364112e-06,1
exemplar,en,1631,6.66373257018904e-07,1
exemplar,en,1630,8.584865440752765e-07,1
exemplar,en,1629,5.25232692893951e-07,1
exemplar,en,1627,2.5267277692364587e-06,1
exemplar,en,1626,1.3803040701532154e-06,1
exemplar,en,1625,6.099829938932544e-07,1
exemplar,en,1611,3.132858807930461e-07,1
exemplar,en,1612,4.6832935396423636e-07,1
exemplar,en,1613,1.7559094231955896e-06,1
exemplar,en,1614,1.5836534430491156e-06,1
exemplar,en,1615,2.120565795848961e-06,1
exemplar,en,1616,6.113419317443913e-07,1
exemplar,en,1609,2.537481975650735e-07,1
exemplar,en,1617,1.1025836386124865e-06,1
exemplar,en,1619,9.401879594861384e-07,1
exemplar,en,1620,1.3315193569951589e-06,1
exemplar,en,1621,2.317307291832549e-06,1
exemplar,en,1622,1.1971841331614996e-06,1
exemplar,en,1623,1.01162586929604e-06,1
exemplar,en,1624,8.829694024825585e-07,1
exemplar,en,1618,3.846735694423842e-07,1
modelo,es,2002,0.00015420460844184358,1
modelo,es,1959,4.491409595175355e-05,1
modelo,es,2000,0.00015084882642951714,1
modelo,es,1964,6.166335961876879e-05,1
modelo,es,1963,4.8638631551356504e-05,1
modelo,es,1962,5.191106527036027e-05,1
modelo,es,1961,5.171768657419307e-05,1
modelo,es,1960,4.5032980779069476e-05,1
modelo,es,1958,4.180809582976508e-05,1
modelo,es,1957,4.794838167820892e-05,1
modelo,es,1956,4.241494684720237e-05,1
modelo,es,1955,4.725230802349323e-05,1
modelo,es,1954,4.543503473541932e-05,1
modelo,es,1953,4.318113422629999e-05,1
modelo,es,1952,4.139454073115445e-05,1
modelo,es,1951,3.988311398850364e-05,1
modelo,es,1950,4.175669494088652e-05,1
modelo,es,1949,4.7514419520666706e-05,1
modelo,es,1948,4.325636786151055e-05,1
modelo,es,1947,3.873416085298231e-05,1
modelo,es,1934,4.704518133613611e-05,1
modelo,es,1935,4.613089697613759e-05,1
exemplar,en,1643,7.711839060675629e-07,1
modelo,es,1936,4.125430655221862e-05,1
modelo,es,1937,4.157132389082108e-05,1
modelo,es,1938,4.283404170368765e-05,1
modelo,es,1965,6.501983895490504e-05,1
modelo,es,1939,3.970454304180748e-05,1
modelo,es,1941,3.949539257064316e-05,1
modelo,es,1942,3.6574679938894405e-05,1
modelo,es,1943,3.4069811135850614e-05,1
modelo,es,1944,3.6387262014159205e-05,1
modelo,es,1945,3.83106680601486e-05,1
modelo,es,1946,3.632130608366424e-05,1
modelo,es,1940,3.974279900376132e-05,1
modelo,es,2001,0.0001457185720303844,1
modelo,es,1966,6.370645189690549e-05,1
modelo,es,1968,7.578201461028167e-05,1
modelo,es,1999,0.0001420150440668566,1
modelo,es,1998,0.00013655310255256126,1
modelo,es,1997,0.00013741564841884824,1
modelo,es,1996,0.00013693433183670223,1
modelo,es,1995,0.0001389743074404759,1
modelo,es,1994,0.00013574309627983894,1
modelo,es,1993,0.00013082821260468336,1
modelo,es,1992,0.00012869663229136963,1
modelo,es,1991,0.00011742373499146197,1
modelo,es,1990,0.000124160343375479,1
modelo,es,1989,0.00013480371944751823,1
modelo,es,1988,0.00012935201209340885,1
modelo,es,1987,0.000128679831241707,1
modelo,es,1986,0.00011645613540167687,1
modelo,es,1985,0.00011471285877240334,1
modelo,es,1984,0.00010908541125803639,1
modelo,es,1983,0.00012017112505358085,1
modelo,es,1969,8.87933414752129e-05,1
modelo,es,1970,8.276658888917154e-05,1
modelo,es,1971,8.295613515341138e-05,1
modelo,es,1972,0.00010165421235797112,1
modelo,es,1973,9.765604386302584e-05,1
modelo,es,1974,9.533815637041698e-05,1
modelo,es,1967,7.055069842659689e-05,1
modelo,es,1975,9.182297185361676e-05,1
modelo,es,1977,9.672261449444886e-05,1
modelo,es,1978,0.00010137306166579929,1
modelo,es,1979,0.00010096146558646879,1
modelo,es,1980,0.00011147915256515262,1
modelo,es,1981,0.0001302510372309107,1
modelo,es,1982,0.00012304498221860083,1
modelo,es,1976,8.709270468898467e-05,1
exemplar,en,1644,0.0,1
exemplar,en,1733,8.955382604369788e-07,1
exemplar,en,1646,4.6600163727816835e-07,1
exemplar,en,1747,2.97746064248372e-07,1
exemplar,en,1746,5.128541715748725e-07,1
exemplar,en,1745,4.2646412623525976e-07,1
exemplar,en,1744,7.870086875527704e-07,1
exemplar,en,1743,4.5810239157617616e-07,1
exemplar,en,1742,6.10616105234385e-07,1
exemplar,en,1741,1.0404252464013553e-06,1
exemplar,en,1740,5.188135183686882e-07,1
exemplar,en,1739,9.632948092530569e-07,1
exemplar,en,1738,8.837493226110382e-07,1
exemplar,en,1737,6.243436843078598e-07,1
exemplar,en,1736,5.960965019369269e-07,1
exemplar,en,1735,7.729445776760713e-07,1
exemplar,en,1734,6.083875092599556e-07,1
exemplar,en,1748,7.165739930314885e-07,1
exemplar,en,1732,6.878517710973142e-07,1
exemplar,en,1730,5.759676930949809e-07,1
exemplar,en,1729,5.281020207803522e-07,1
exemplar,en,1728,7.254076450635694e-07,1
exemplar,en,1727,8.561594029288244e-07,1
exemplar,en,1726,6.857607148802458e-07,1
exemplar,en,1725,9.34211897174464e-07,1
exemplar,en,1724,6.440586801659265e-07,1
exemplar,en,1723,9.639916527248715e-07,1
exemplar,en,1722,1.253686991553593e-06,1
exemplar,en,1721,1.6426355387011427e-06,1
exemplar,en,1720,1.3228392674591305e-06,1
exemplar,en,1719,7.81359204893306e-07,1
exemplar,en,1718,1.1117309099972772e-06,1
exemplar,en,1717,7.173456850750881e-07,1
exemplar,en,1731,5.991670022353901e-07,1
exemplar,en,1749,1.5961779880058202e-06,1
exemplar,en,1750,7.582266476902078e-07,1
exemplar,en,1751,5.426266689312342e-07,1
exemplar,en,1781,3.4141430127476724e-07,1
exemplar,en,1780,4.991190607483986e-07,1
modelo,es,1932,4.308708412281703e-05,1
exemplar,en,1779,5.994723437652283e-07,1
exemplar,en,1778,5.3905842278823e-07,1
exemplar,en,1777,5.250708348114586e-07,1
exemplar,en,1776,7.439962601551997e-07,1
exemplar,en,1775,8.926692416366677e-07,1
exemplar,en,1774,5.574487609294465e-07,1
exemplar,en,1773,9.072270330534593e-07,1
exemplar,en,1772,6.53006019035729e-07,1
exemplar,en,1771,7.879549102085548e-07,1
exemplar,en,1770,3.8985232819754856e-07,1
exemplar,en,1769,4.180489447946911e-07,1
exemplar,en,1768,6.408631527676789e-07,1
exemplar,en,1767,4.919840090877869e-07,1
exemplar,en,1766,5.992342479999024e-07,1
exemplar,en,1752,9.80573865660972e-07,1
exemplar,en,1753,8.659070545036229e-07,1
exemplar,en,1754,5.94505983997351e-07,1
exemplar,en,1755,1.1378187689814467e-06,1
exemplar,en,1756,9.593148604380985e-07,1
exemplar,en,1757,5.793673700793533e-07,1
exemplar,en,1716,6.173128674902273e-07,1
exemplar,en,1758,4.771104968881446e-07,1
exemplar,en,1760,8.393700170472584e-07,1
exemplar,en,1761,5.646710103945907e-07,1
exemplar,en,1762,2.9424723635429473e-07,1
exemplar,en,1763,1.0562828620663822e-06,1
exemplar,en,1764,9.560216369663976e-07,1
exemplar,en,1765,6.211465120031789e-07,1
exemplar,en,1759,8.916137907988286e-07,1
exemplar,en,1715,1.038989793755718e-06,1
exemplar,en,1714,1.181151809248604e-06,1
exemplar,en,1713,1.507378669884929e-06,1
exemplar,en,1677,3.241844751755707e-06,1
exemplar,en,1676,3.8607706756010884e-06,1
exemplar,en,1675,2.360894598041341e-06,1
exemplar,en,1674,1.8069520706376352e-06,1
exemplar,en,1673,1.388042278449575e-06,1
exemplar,en,1672,1.2442764727893518e-05,1
exemplar,en,1671,4.511215138336411e-06,1
exemplar,en,1670,4.29722854278225e-06,1
exemplar,en,1669,2.316176335170894e-06,1
exemplar,en,1668,3.3783472446202722e-06,1
exemplar,en,1667,1.7515544925572613e-06,1
exemplar,en,1666,1.1704955511504522e-06,1
exemplar,en,1665,1.6138639580276504e-06,1
exemplar,en,1664,1.5809770275154733e-06,1
exemplar,en,1663,2.3907152808533283e-06,1
exemplar,en,1662,2.33569613783402e-06,1
exemplar,en,1661,1.9410651717066685e-06,1
exemplar,en,1647,1.0453889558448282e-06,1
exemplar,en,1648,8.645817501928832e-07,1
exemplar,en,1649,3.8048057433570648e-06,1
exemplar,en,1650,1.824136063532933e-06,1
exemplar,en,1651,3.715234697665437e-07,1
exemplar,en,1652,1.0086899919770076e-06,1
exemplar,en,1678,2.4639015183680613e-06,1
exemplar,en,1653,3.3815358655431282e-06,1
exemplar,en,1655,9.392444262346089e-07,1
exemplar,en,1656,2.37083582987907e-06,1
exemplar,en,1657,2.7241396693966635e-06,1
exemplar,en,1658,7.538560851116927e-07,1
exemplar,en,1659,1.5170962228694407e-06,1
exemplar,en,1660,2.8375778171607635e-06,1
exemplar,en,1654,2.169585400224605e-06,1
exemplar,en,1645,8.386159606743604e-07,1
exemplar,en,1679,1.2200048331578728e-06,1
exemplar,en,1681,1.1516802942423965e-06,1
exemplar,en,1712,8.20767322551319e-07,1
exemplar,en,1711,1.0250396798028305e-06,1
exemplar,en,1710,9.659846469389777e-07,1
exemplar,en,1709,1.1541574735929316e-06,1
exemplar,en,1708,8.312644226293742e-07,1
exemplar,en,1707,8.518753134012513e-07,1
exemplar,en,1706,1.8899998508459248e-06,1
exemplar,en,1705,9.936056244441716e-07,1
exemplar,en,1704,7.771509302756385e-07,1
exemplar,en,1703,6.91492431315055e-07,1
exemplar,en,1702,9.002073539932098e-07,1
exemplar,en,1701,1.225850724040356e-06,1
exemplar,en,1700,1.5653469063181547e-06,1
exemplar,en,1699,1.5343064205808332e-06,1
exemplar,en,1698,1.0102636736064596e-06,1
exemplar,en,1697,8.462943910103604e-07,1
exemplar,en,1696,1.0038703806003468e-06,1
exemplar,en,1682,9.578317872183106e-07,1
exemplar,en,1683,1.8263769447912637e-06,1
exemplar,en,1684,1.7223595136783842e-06,1
exemplar,en,1685,1.3974961348139914e-06,1
exemplar,en,1686,2.163519695841387e-06,1
exemplar,en,1687,3.227846264053369e-06,1
exemplar,en,1680,5.5730563417455414e-06,1
exemplar,en,1688,1.6077768805189407e-06,1
exemplar,en,1690,1.336430216269946e-06,1
exemplar,en,1691,2.440310424844938e-06,1
exemplar,en,1692,1.1308419516353752e-06,1
exemplar,en,1693,8.389024088728547e-07,1
exemplar,en,1694,1.9913948925420755e-06,1
exemplar,en,1695,1.3028051171204424e-06,1
exemplar,en,1689,4.764561253978172e-06,1
modelo,es,1931,5.188836803426966e-05,1
modelo,es,1749,4.824135316994216e-06,1
modelo,es,1929,5.0666068545979215e-05,1
modelo,es,1754,1.0479508631533463e-05,1
modelo,es,1753,1.0176964735819638e-05,1
modelo,es,1752,3.619396892418081e-06,1
modelo,es,1751,4.751896753418805e-06,1
modelo,es,1750,6.377083778374981e-06,1
modelo,es,1748,3.214010234842135e-06,1
modelo,es,1747,4.940763375316237e-06,1
modelo,es,1746,3.639134149580059e-06,1
modelo,es,1745,6.274958280982901e-06,1
modelo,es,1744,5.473716100823367e-06,1
modelo,es,1743,1.1773716209972918e-05,1
modelo,es,1742,9.676532499724999e-06,1
modelo,es,1741,4.969074950622598e-06,1
modelo,es,1740,1.4866723461182119e-05,1
modelo,es,1755,1.4618692063095295e-05,1
modelo,es,1739,4.848659330036753e-06,1
modelo,es,1737,4.373980036831426e-06,1
modelo,es,1736,2.756931053227163e-06,1
modelo,es,1735,7.052646196825663e-06,1
modelo,es,1734,3.8088218232701365e-06,1
modelo,es,1733,3.2675047805241775e-06,1
modelo,es,1732,4.130990191697492e-06,1
modelo,es,1731,5.385021495385445e-06,1
modelo,es,1730,4.699615644199184e-06,1
modelo,es,1729,4.993401333308611e-06,1
modelo,es,1728,4.053112586888119e-06,1
modelo,es,1727,7.648147345662437e-06,1
modelo,es,1726,2.969856179646513e-06,1
modelo,es,1725,2.6204775167570915e-06,1
modelo,es,1724,4.924760645508286e-06,1
modelo,es,1738,9.897548864046257e-06,1
modelo,es,1756,1.0166141279910335e-05,1
modelo,es,1757,6.891626641802873e-06,1
modelo,es,1758,5.29648517044734e-06,1
modelo,es,1789,2.47948685796473e-05,1
modelo,es,1788,1.38438986851952e-05,1
modelo,es,1787,1.5018281516177012e-05,1
modelo,es,1786,1.4191211565872663e-05,1
modelo,es,1785,2.096836996656748e-05,1
modelo,es,1784,1.927525190126289e-05,1
modelo,es,1783,1.6923042394978438e-05,1
modelo,es,1782,1.29997632143386e-05,1
modelo,es,1781,1.5567085515755252e-05,1
modelo,es,1780,1.3446341071698953e-05,1
modelo,es,1779,1.5737749350819286e-05,1
modelo,es,1778,2.472458178814918e-05,1
modelo,es,1777,7.294755690168131e-06,1
modelo,es,1776,1.3607107632651605e-05,1
modelo,es,1775,9.054853936873997e-06,1
modelo,es,1774,1.0718113177432542e-05,1
modelo,es,1773,1.5966121736710193e-05,1
modelo,es,1759,4.204577464861359e-06,1
modelo,es,1760,6.266864474469003e-06,1
modelo,es,1761,5.04036741233449e-06,1
modelo,es,1762,3.744538815908527e-06,1
modelo,es,1763,5.307336266469065e-06,1
modelo,es,1764,1.472511979727642e-05,1
modelo,es,1723,2.239183283236912e-06,1
modelo,es,1765,7.20568652923248e-06,1
modelo,es,1767,7.942293578366844e-06,1
modelo,es,1768,9.337460433300748e-06,1
modelo,es,1769,8.197820903887987e-06,1
modelo,es,1770,5.631389058180503e-06,1
modelo,es,1771,1.1094168939962401e-05,1
modelo,es,1772,7.0565623957463686e-06,1
modelo,es,1766,6.2710493295980996e-06,1
modelo,es,1722,3.4137875388751127e-06,1
modelo,es,1721,2.334159944439307e-06,1
modelo,es,1720,2.6987717376414366e-06,1
modelo,es,1684,2.5245396955142496e-06,1
modelo,es,1683,2.8932768145750742e-06,1
modelo,es,1682,1.7782504535546195e-06,1
modelo,es,1681,2.1229566300462466e-06,1
modelo,es,1680,3.2667771563410497e-06,1
modelo,es,1679,2.203531380473578e-06,1
modelo,es,1678,3.345112190800137e-06,1
modelo,es,1677,2.981330908369273e-06,1
modelo,es,1676,3.207872325106109e-06,1
modelo,es,1675,2.2401006773975496e-06,1
modelo,es,1674,2.5145515536451057e-06,1
modelo,es,1673,2.2398949397484103e-06,1
modelo,es,1672,2.5910111816074277e-06,1
modelo,es,1671,4.8581242140244285e-06,1
modelo,es,1670,2.408987256785622e-06,1
modelo,es,1669,2.8533797831187258e-06,1
modelo,es,1668,1.8080997961078538e-06,1
modelo,es,1655,3.4185654840257484e-06,1
modelo,es,1656,1.3207959455030505e-06,1
exemplar,en,1783,5.586114113498297e-07,1
modelo,es,1657,2.365910788171277e-06,1
modelo,es,1658,1.2981129202671582e-06,1
modelo,es,1659,2.756463260311648e-06,1
modelo,es,1685,4.090195488970494e-06,1
modelo,es,1660,2.665350358199703e-06,1
modelo,es,1662,1.5014869987339807e-06,1
modelo,es,1663,2.9375446324308996e-06,1
modelo,es,1664,3.7234474277170193e-06,1
modelo,es,1665,2.060155622984894e-06,1
modelo,es,1666,3.813018395248946e-06,1
modelo,es,1667,9.581298172633979e-06,1
modelo,es,1661,3.369383421159e-06,1
modelo,es,1790,1.7584480019650073e-05,1
modelo,es,1686,1.0820362348340495e-06,1
modelo,es,1688,7.503369857886355e-06,1
modelo,es,1719,2.4195831578310845e-06,1
modelo,es,1718,1.5411381546925895e-05,1
modelo,es,1717,5.7416696677137224e-06,1
modelo,es,1716,5.6803264953941834e-06,1
modelo,es,1715,3.853760176752985e-06,1
modelo,es,1714,4.155123136229122e-06,1
modelo,es,1713,4.6966189586328255e-06,1
modelo,es,1712,5.0847897909989115e-06,1
modelo,es,1711,5.1415237862784124e-06,1
modelo,es,1710,6.374508188855543e-06,1
modelo,es,1709,5.976717034172907e-06,1
modelo,es,1708,2.5663676979092997e-06,1
modelo,es,1707,6.275970889646487e-06,1
modelo,es,1706,3.3027743029379053e-06,1
modelo,es,1705,1.0099239986516295e-06,1
modelo,es,1704,1.6022186173358932e-06,1
modelo,es,1703,1.950921372895209e-06,1
modelo,es,1689,4.089116259820003e-06,1
modelo,es,1690,2.2935844299354358e-06,1
modelo,es,1691,2.6391414280624304e-06,1
modelo,es,1692,4.394907609395204e-06,1
modelo,es,1693,2.5894073587551247e-06,1
modelo,es,1694,2.105375102701146e-06,1
modelo,es,1687,1.9116605471936055e-06,1
modelo,es,1695,3.792574883476618e-06,1
modelo,es,1697,6.684359519226746e-07,1
modelo,es,1698,4.232453264307878e-06,1
modelo,es,1699,2.421694034637767e-06,1
modelo,es,1700,1.9058025770846143e-06,1
modelo,es,1701,2.266589831378951e-06,1
modelo,es,1702,3.476096324561695e-06,1
modelo,es,1696,6.612871118250041e-06,1
modelo,es,1930,4.981817482985207e-05,1
modelo,es,1791,1.9840463458820068e-05,1
modelo,es,1793,1.6674050641540816e-05,1
modelo,es,1893,3.6617498494706524e-05,1
modelo,es,1892,3.232099868455407e-05,1
modelo,es,1891,3.34271692281618e-05,1
modelo,es,1890,3.417094205815374e-05,1
modelo,es,1889,2.9043411757356807e-05,1
modelo,es,1888,3.2976335546663904e-05,1
modelo,es,1887,3.31124214767442e-05,1
modelo,es,1886,3.359741947406292e-05,1
modelo,es,1885,3.08835979012656e-05,1
modelo,es,1884,3.497527615081708e-05,1
modelo,es,1883,3.074135125791244e-05,1
modelo,es,1882,3.0594206293699244e-05,1
modelo,es,1881,3.07996896253826e-05,1
modelo,es,1880,3.174477330958325e-05,1
modelo,es,1894,3.5751965981489775e-05,1
modelo,es,1879,3.598563154127987e-05,1
modelo,es,1877,3.326358802269169e-05,1
modelo,es,1876,2.7755005305607483e-05,1
modelo,es,1875,2.853260920687717e-05,1
modelo,es,1874,2.776739211185486e-05,1
modelo,es,1873,3.027663154853144e-05,1
modelo,es,1872,2.784073228667694e-05,1
modelo,es,1871,3.5365654980523686e-05,1
modelo,es,1870,3.062751545712672e-05,1
modelo,es,1869,2.785240093317043e-05,1
modelo,es,1868,4.897932865333132e-05,1
modelo,es,1867,3.99065284000244e-05,1
modelo,es,1866,3.0463140205938544e-05,1
modelo,es,1865,4.384786075206648e-05,1
modelo,es,1864,3.008340806331944e-05,1
modelo,es,1878,2.986884633404685e-05,1
modelo,es,1895,3.609281503713646e-05,1
modelo,es,1896,3.048328022714486e-05,1
modelo,es,1897,3.1692448146714014e-05,1
modelo,es,1928,5.727488625728583e-05,1
modelo,es,1927,5.298662610608851e-05,1
modelo,es,1926,5.967553897789912e-05,1
modelo,es,1925,5.955855567663093e-05,1
modelo,es,1924,5.960435515905971e-05,1
modelo,es,1923,5.6822407259460306e-05,1
modelo,es,1922,5.4291553601260034e-05,1
modelo,es,1921,5.066818343268942e-05,1
modelo,es,1920,5.074319434905661e-05,1
modelo,es,1919,4.614812928593892e-05,1
modelo,es,1918,4.57044859558664e-05,1
modelo,es,1917,4.4636110942519736e-05,1
modelo,es,1916,5.3858105502513354e-05,1
modelo,es,1915,6.583731908449408e-05,1
modelo,es,1914,5.031699629398645e-05,1
modelo,es,1913,4.865365940531774e-05,1
modelo,es,1912,4.339040617651335e-05,1
modelo,es,1898,3.1275242264428016e-05,1
modelo,es,1899,3.4675095946568035e-05,1
modelo,es,1900,3.770738658204209e-05,1
modelo,es,1901,4.20296285130739e-05,1
modelo,es,1902,3.7283441884028434e-05,1
modelo,es,1903,3.594299539599888e-05,1
modelo,es,1863,2.988707228723797e-05,1
modelo,es,1904,4.420666584792343e-05,1
modelo,es,1906,3.4122454378504585e-05,1
modelo,es,1907,4.010457320235972e-05,1
modelo,es,1908,4.014423564058234e-05,1
modelo,es,1909,4.738486222777283e-05,1
modelo,es,1910,4.768676649291592e-05,1
modelo,es,1911,5.424646012630596e-05,1
modelo,es,1905,3.7559227735073364e-05,1
modelo,es,1862,3.201474055458675e-05,1
modelo,es,1861,3.493813267141377e-05,1
modelo,es,1860,3.3668162018329895e-05,1
modelo,es,1824,2.2845504616952894e-05,1
modelo,es,1823,2.15704224331148e-05,1
modelo,es,1822,2.219137078895983e-05,1
modelo,es,1821,2.5754132725097634e-05,1
modelo,es,1820,2.8247254384439202e-05,1
modelo,es,1819,3.3599580660848005e-05,1
modelo,es,1818,2.8860743356062812e-05,1
modelo,es,1817,2.0918499046729266e-05,1
modelo,es,1816,3.7603339535507985e-05,1
modelo,es,1815,2.534828031741654e-05,1
modelo,es,1814,2.0200986327267856e-05,1
modelo,es,1813,2.858979470943268e-05,1
modelo,es,1812,1.9391586548067608e-05,1
modelo,es,1811,2.08015748910384e-05,1
modelo,es,1810,3.1289845423998486e-05,1
modelo,es,1809,2.197860386843331e-05,1
modelo,es,1808,2.359410034813436e-05,1
modelo,es,1794,1.9383835308417474e-05,1
modelo,es,1795,1.7399099036197185e-05,1
modelo,es,1796,2.203590449312287e-05,1
modelo,es,1797,2.2075497993157e-05,1
modelo,es,1798,2.4492989325608505e-05,1
modelo,es,1799,2.076270016715398e-05,1
modelo,es,1825,1.4806313629378565e-05,1
modelo,es,1800,2.34388773225902e-05,1
modelo,es,1802,2.0646349810249376e-05,1
modelo,es,1803,2.190042349070609e-05,1
modelo,es,1804,3.301240920272619e-05,1
modelo,es,1805,1.64206094268593e-05,1
modelo,es,1806,2.3352833267153983e-05,1
modelo,es,1807,2.3202162765301182e-05,1
modelo,es,1801,1.9547747463377618e-05,1
modelo,es,1792,1.5380015554455895e-05,1
modelo,es,1826,1.914099186706153e-05,1
modelo,es,1828,1.653310430071997e-05,1
modelo,es,1859,3.2858838153515535e-05,1
modelo,es,1858,3.342887939705719e-05,1
modelo,es,1857,2.7028776912629837e-05,1
modelo,es,1856,3.7220336253085406e-05,1
modelo,es,1855,2.9346889164116874e-05,1
modelo,es,1854,3.1375036911640564e-05,1
modelo,es,1853,2.6964854725974874e-05,1
modelo,es,1852,2.541950942713811e-05,1
modelo,es,1851,2.551931086713921e-05,1
modelo,es,1850,2.2580883467071544e-05,1
modelo,es,1849,2.15459449464106e-05,1
modelo,es,1848,2.405640597658021e-05,1
modelo,es,1847,2.176895856109695e-05,1
modelo,es,1846,2.311067291316249e-05,1
modelo,es,1845,2.4894193202396053e-05,1
modelo,es,1844,2.759010345698698e-05,1
modelo,es,1843,2.6196035179282262e-05,1
modelo,es,1829,1.682293380866895e-05,1
modelo,es,1830,2.019688550092269e-05,1
modelo,es,1831,2.7773058548064e-05,1
modelo,es,1832,2.2067370395006947e-05,1
modelo,es,1833,3.0216280535455553e-05,1
modelo,es,1834,3.1447365557824014e-05,1
modelo,es,1827,1.7384547675192152e-05,1
modelo,es,1835,2.6358397690273705e-05,1
modelo,es,1837,2.9005479291299707e-05,1
modelo,es,1838,2.0674790633279372e-05,1
modelo,es,1839,2.693301200906717e-05,1
modelo,es,1840,3.0563154780338664e-05,1
modelo,es,1841,2.36690985389032e-05,1
modelo,es,1842,2.6269171456760887e-05,1
modelo,es,1836,2.8863518586774717e-05,1
exemplar,en,1784,6.476933469556911e-07,1
典范,zh,1729,0.0,1
exemplar,en,1786,7.591352684244157e-07,1
典范,zh,1741,0.0,1
典范,zh,1740,0.0,1
典范,zh,1739,2.972978734305798e-07,1
典范,zh,1738,0.0,1
典范,zh,1737,2.469666924298508e-07,1
典范,zh,1736,3.1215341778079164e-07,1
典范,zh,1735,2.5824951421782316e-07,1
典范,zh,1734,0.0,1
典范,zh,1733,0.0,1
典范,zh,1732,0.0,1
典范,zh,1731,0.0,1
典范,zh,1730,0.0,1
典范,zh,1728,0.0,1
典范,zh,1727,0.0,1
典范,zh,1742,0.0,1
典范,zh,1726,1.4552728089256561e-07,1
典范,zh,1724,0.0,1
典范,zh,1723,1.930238795466721e-07,1
典范,zh,1722,0.0,1
典范,zh,1721,0.0,1
典范,zh,1720,0.0,1
典范,zh,1719,0.0,1
典范,zh,1718,0.0,1
典范,zh,1717,0.0,1
典范,zh,1716,2.9906033205406857e-07,1
典范,zh,1715,0.0,1
典范,zh,1714,0.0,1
典范,zh,1713,0.0,1
典范,zh,1712,0.0,1
典范,zh,1711,3.4864964959524514e-07,1
典范,zh,1725,0.0,1
典范,zh,1743,0.0,1
典范,zh,1744,0.0,1
典范,zh,1745,0.0,1
典范,zh,1776,0.0,1
典范,zh,1775,0.0,1
典范,zh,1774,4.548303422780009e-07,1
典范,zh,1773,0.0,1
典范,zh,1772,0.0,1
典范,zh,1771,0.0,1
典范,zh,1770,0.0,1
典范,zh,1769,0.0,1
典范,zh,1768,0.0,1
典范,zh,1767,0.0,1
典范,zh,1766,0.0,1
典范,zh,1765,0.0,1
典范,zh,1764,4.5407739435177064e-07,1
典范,zh,1763,6.359725261972926e-07,1
典范,zh,1762,3.4278423299838323e-07,1
典范,zh,1761,0.0,1
典范,zh,1760,0.0,1
典范,zh,1746,0.0,1
典范,zh,1747,1.464679939999769e-06,1
典范,zh,1748,5.612796485365834e-07,1
典范,zh,1749,4.3445939468256256e-07,1
典范,zh,1750,0.0,1
典范,zh,1751,0.0,1
典范,zh,1710,3.7344312886489206e-07,1
典范,zh,1752,0.0,1
典范,zh,1754,0.0,1
典范,zh,1755,0.0,1
典范,zh,1756,0.0,1
典范,zh,1757,0.0,1
典范,zh,1758,0.0,1
典范,zh,1759,0.0,1
典范,zh,1753,0.0,1
典范,zh,1777,0.0,1
典范,zh,1709,0.0,1
典范,zh,1707,0.0,1
典范,zh,1671,1.849546720222861e-06,1
典范,zh,1670,0.0,1
典范,zh,1669,0.0,1
典范,zh,1668,0.0,1
典范,zh,1667,0.0,1
典范,zh,1666,0.0,1
典范,zh,1665,0.0,1
典范,zh,1664,3.415977289478178e-06,1
典范,zh,1663,0.0,1
典范,zh,1662,0.0,1
典范,zh,1661,0.0,1
典范,zh,1660,0.0,1
典范,zh,1659,0.0,1
典范,zh,1658,0.0,1
典范,zh,1672,2.1837566066551517e-07,1
典范,zh,1657,4.2302545466554875e-07,1
典范,zh,1655,0.0,1
典范,zh,1654,0.0,1
典范,zh,1653,0.0,1
典范,zh,1652,0.0,1
典范,zh,1651,0.0,1
典范,zh,1650,0.0,1
典范,zh,1649,0.0,1
典范,zh,1648,0.0,1
典范,zh,1647,0.0,1
典范,zh,1646,0.0,1
典范,zh,1645,0.0,1
典范,zh,1644,4.1883325252456416e-07,1
典范,zh,1643,0.0,1
典范,zh,1642,0.0,1
典范,zh,1656,0.0,1
典范,zh,1673,0.0,1
典范,zh,1674,0.0,1
典范,zh,1675,0.0,1
典范,zh,1706,0.0,1
典范,zh,1705,0.0,1
典范,zh,1704,0.0,1
典范,zh,1703,0.0,1
典范,zh,1702,9.919060630636523e-07,1
典范,zh,1701,0.0,1
典范,zh,1700,3.4479762689443305e-07,1
典范,zh,1699,0.0,1
典范,zh,1698,0.0,1
典范,zh,1697,8.545208061150333e-07,1
典范,zh,1696,0.0,1
典范,zh,1695,5.358459702620166e-07,1
典范,zh,1694,0.0,1
典范,zh,1693,0.0,1
典范,zh,1692,0.0,1
典范,zh,1691,0.0,1
典范,zh,1690,0.0,1
典范,zh,1676,0.0,1
典范,zh,1677,0.0,1
典范,zh,1678,0.0,1
典范,zh,1679,6.033968702467973e-07,1
典范,zh,1680,1.2089662959624548e-07,1
典范,zh,1681,0.0,1
典范,zh,1708,3.2677763783794944e-07,1
典范,zh,1682,0.0,1
典范,zh,1684,0.0,1
典范,zh,1685,6.424206162591872e-07,1
典范,zh,1686,0.0,1
典范,zh,1687,0.0,1
典范,zh,1688,1.181790025839291e-06,1
典范,zh,1689,0.0,1
典范,zh,1683,0.0,1
典范,zh,1778,0.0,1
典范,zh,1779,0.0,1
典范,zh,1780,0.0,1
典范,zh,1880,8.455745614810439e-08,1
典范,zh,1879,1.0899776015094176e-07,1
典范,zh,1878,1.7537587382321362e-07,1
典范,zh,1877,6.467974600354864e-08,1
典范,zh,1876,6.097198479437793e-08,1
典范,zh,1875,1.0879730893975648e-07,1
典范,zh,1874,1.218420067061743e-07,1
典范,zh,1873,1.1266639887708152e-07,1
典范,zh,1872,1.6358572452190856e-07,1
典范,zh,1871,2.689656355414627e-07,1
典范,zh,1870,2.580620446224202e-07,1
典范,zh,1869,1.4039039797353325e-07,1
典范,zh,1868,1.1237834485200437e-07,1
典范,zh,1867,3.8131275914565776e-08,1
典范,zh,1881,8.752641633691383e-08,1
典范,zh,1866,1.0807438144411208e-07,1
典范,zh,1864,0.0,1
典范,zh,1863,2.4555413347115973e-07,1
典范,zh,1862,0.0,1
典范,zh,1861,1.0823426066508546e-07,1
典范,zh,1860,2.735110342655389e-07,1
典范,zh,1859,2.582215188340342e-07,1
典范,zh,1858,0.0,1
典范,zh,1857,1.4852275853627361e-07,1
典范,zh,1856,0.0,1
典范,zh,1855,1.2203284427414474e-07,1
典范,zh,1854,1.194789405190022e-07,1
典范,zh,1853,3.878144028135466e-08,1
典范,zh,1852,1.535252351914096e-07,1
典范,zh,1851,2.139802575129579e-07,1
典范,zh,1865,2.1515214143619232e-07,1
典范,zh,1882,1.012509116549154e-07,1
典范,zh,1883,3.631859613051347e-07,1
典范,zh,1884,1.4660264469057438e-07,1
典范,zh,1914,2.084217385345255e-07,1
modelo,es,1654,2.6875761705014156e-06,1
典范,zh,1913,1.8551205016592576e-07,1
典范,zh,1912,1.6058958181019989e-06,1
典范,zh,1911,1.683217874415277e-06,1
典范,zh,1910,3.0040538945286244e-07,1
典范,zh,1909,6.327474579848058e-07,1
典范,zh,1908,7.004442750258022e-07,1
典范,zh,1907,1.1954349474763148e-06,1
典范,zh,1906,9.025156941788737e-07,1
典范,zh,1905,1.496839558967622e-07,1
典范,zh,1904,8.130457018751258e-08,1
典范,zh,1903,4.696968858297623e-07,1
典范,zh,1902,2.005836137186634e-07,1
典范,zh,1901,1.5395801256090635e-07,1
典范,zh,1900,1.6514183016624884e-06,1
典范,zh,1899,1.61228371098332e-07,1
典范,zh,1885,4.349996984842619e-08,1
典范,zh,1886,8.202212598007463e-08,1
典范,zh,1887,1.4721427987751667e-07,1
典范,zh,1888,1.0589433685481708e-07,1
典范,zh,1889,4.265987740836863e-07,1
典范,zh,1890,1.2670584226270876e-07,1
典范,zh,1850,8.996214262424473e-08,1
典范,zh,1891,1.8793150502460776e-07,1
典范,zh,1893,6.363882789628406e-07,1
典范,zh,1894,7.124729251017925e-08,1
典范,zh,1895,1.2121778070195433e-07,1
典范,zh,1896,9.813168588834742e-08,1
典范,zh,1897,1.9568082620935456e-07,1
典范,zh,1898,1.9993817090835364e-07,1
典范,zh,1892,8.964121889221133e-08,1
典范,zh,1849,3.728155490989593e-07,1
典范,zh,1848,1.3421572475635912e-07,1
典范,zh,1847,0.0,1
典范,zh,1811,1.6232553434747388e-07,1
典范,zh,1810,0.0,1
典范,zh,1809,1.2402662719068758e-07,1
典范,zh,1808,0.0,1
典范,zh,1807,7.35710955268587e-07,1
典范,zh,1806,0.0,1
典范,zh,1805,2.1933894345238514e-07,1
典范,zh,1804,0.0,1
典范,zh,1803,3.167147326621489e-07,1
典范,zh,1802,0.0,1
典范,zh,1801,6.460609256464522e-07,1
典范,zh,1800,4.1208164702766226e-07,1
典范,zh,1799,7.410625357806566e-07,1
典范,zh,1798,1.449115956120295e-07,1
典范,zh,1797,3.4950284089063643e-07,1
典范,zh,1796,1.8258954526118032e-07,1
典范,zh,1795,0.0,1
典范,zh,1781,0.0,1
典范,zh,1782,0.0,1
典范,zh,1783,1.042467033585126e-06,1
典范,zh,1784,0.0,1
典范,zh,1785,3.013049081346253e-07,1
典范,zh,1786,0.0,1
典范,zh,1812,1.4621980426454684e-07,1
典范,zh,1787,0.0,1
典范,zh,1789,0.0,1
典范,zh,1790,0.0,1
典范,zh,1791,2.9891970143580693e-07,1
典范,zh,1792,1.9951246486016316e-06,1
典范,zh,1793,0.0,1
典范,zh,1794,0.0,1
典范,zh,1788,0.0,1
典范,zh,1641,0.0,1
典范,zh,1813,9.432320524638271e-08,1
典范,zh,1815,4.972943088432658e-07,1
典范,zh,1846,3.9634258541809686e-07,1
典范,zh,1845,3.696916337503353e-07,1
典范,zh,1844,1.8270209523052472e-07,1
典范,zh,1843,2.867191994937457e-07,1
典范,zh,1842,0.0,1
典范,zh,1841,0.0,1
典范,zh,1840,3.1050376492203213e-07,1
典范,zh,1839,3.7807956232427387e-07,1
典范,zh,1838,3.9401399476446386e-07,1
典范,zh,1837,0.0,1
典范,zh,1836,0.0,1
典范,zh,1835,2.233175138144361e-07,1
典范,zh,1834,1.9046134980271745e-07,1
典范,zh,1833,0.0,1
典范,zh,1832,0.0,1
典范,zh,1831,3.0924178417990333e-07,1
典范,zh,1830,2.0912631271130522e-07,1
典范,zh,1816,2.630788458191091e-07,1
典范,zh,1817,4.7536639158352045e-07,1
典范,zh,1818,0.0,1
典范,zh,1819,3.6942935821571155e-07,1
典范,zh,1820,0.0,1
典范,zh,1821,1.903131305880379e-07,1
典范,zh,1814,0.0,1
典范,zh,1822,0.0,1
典范,zh,1824,2.674946415481827e-07,1
典范,zh,1825,0.0,1
典范,zh,1826,6.382676360772166e-07,1
典范,zh,1827,0.0,1
典范,zh,1828,6.806206442888652e-07,1
典范,zh,1829,4.0317533489542257e-07,1
典范,zh,1823,1.0864222588224948e-07,1
典范,zh,1640,0.0,1
典范,zh,1639,0.0,1
典范,zh,1638,0.0,1
exemplar,en,1886,4.0311496007916503e-07,1
exemplar,en,1885,3.993723436401808e-07,1
exemplar,en,1884,4.2313313564079635e-07,1
exemplar,en,1883,3.768248157953735e-07,1
exemplar,en,1882,4.48385025997311e-07,1
exemplar,en,1881,3.8073821961859267e-07,1
exemplar,en,1880,3.342168910513976e-07,1
exemplar,en,1879,3.8648936850904647e-07,1
exemplar,en,1878,4.224225556015426e-07,1
exemplar,en,1877,4.029445834774492e-07,1
exemplar,en,1876,4.2165127656090817e-07,1
exemplar,en,1875,4.6882476389953354e-07,1
exemplar,en,1874,4.297021587440497e-07,1
exemplar,en,1873,4.11118306509195e-07,1
exemplar,en,1887,3.4585162134170844e-07,1
exemplar,en,1872,3.874788760960257e-07,1
exemplar,en,1870,4.720703068450405e-07,1
exemplar,en,1869,4.788698091395815e-07,1
exemplar,en,1868,4.888069176089971e-07,1
exemplar,en,1867,6.122556257537326e-07,1
exemplar,en,1866,5.391978454838409e-07,1
exemplar,en,1865,5.817259864926427e-07,1
exemplar,en,1864,6.20845968413164e-07,1
exemplar,en,1863,5.719242013313419e-07,1
exemplar,en,1862,5.230650623744282e-07,1
exemplar,en,1861,6.228965081511717e-07,1
exemplar,en,1860,5.644494471823691e-07,1
exemplar,en,1859,6.324985664107885e-07,1
exemplar,en,1858,5.146002290956631e-07,1
exemplar,en,1857,5.279282815351394e-07,1
exemplar,en,1871,6.137681793916272e-07,1
exemplar,en,1888,3.688841268001397e-07,1
exemplar,en,1889,3.9347863278749173e-07,1
exemplar,en,1890,3.5577836920985817e-07,1
exemplar,en,1921,2.580713442945637e-07,1
exemplar,en,1920,2.2686483358569376e-07,1
exemplar,en,1919,2.7265522106745266e-07,1
exemplar,en,1918,2.2944106126132624e-07,1
exemplar,en,1917,2.5599088093741784e-07,1
exemplar,en,1916,2.917095414112225e-07,1
exemplar,en,1915,2.3744072574771735e-07,1
exemplar,en,1914,2.730462176359083e-07,1
exemplar,en,1913,2.3426436346341006e-07,1
exemplar,en,1912,2.689395719457366e-07,1
exemplar,en,1911,3.062539026821298e-07,1
exemplar,en,1910,2.9049839156414237e-07,1
exemplar,en,1909,2.9528025358160903e-07,1
exemplar,en,1908,2.9121857236802384e-07,1
exemplar,en,1907,3.154326209120484e-07,1
exemplar,en,1906,3.3504617480417664e-07,1
exemplar,en,1905,3.103645358493168e-07,1
exemplar,en,1891,3.715213146016083e-07,1
exemplar,en,1892,3.276830442544565e-07,1
exemplar,en,1893,3.3354482398273433e-07,1
exemplar,en,1894,3.7264103114331704e-07,1
exemplar,en,1895,3.592345036995681e-07,1
exemplar,en,1896,3.345080070715767e-07,1
exemplar,en,1856,6.144185160650295e-07,1
exemplar,en,1897,3.782481545755445e-07,1
exemplar,en,1899,4.229745478312452e-07,1
exemplar,en,1900,4.0146763957693565e-07,1
exemplar,en,1901,3.863818642813044e-07,1
exemplar,en,1902,3.5383751217921144e-07,1
exemplar,en,1903,3.5467141712430816e-07,1
exemplar,en,1904,4.442442733676444e-07,1
exemplar,en,1898,3.4436623685962786e-07,1
exemplar,en,1855,4.977150132035035e-07,1
exemplar,en,1854,6.22300932118236e-07,1
exemplar,en,1853,5.911335474451107e-07,1
exemplar,en,1817,5.55588577810795e-07,1
exemplar,en,1816,5.023129867609555e-07,1
exemplar,en,1815,7.395856993497318e-07,1
exemplar,en,1814,5.862342025153566e-07,1
exemplar,en,1813,4.939364792733159e-07,1
exemplar,en,1812,4.2222570151295713e-07,1
exemplar,en,1811,5.516701087060483e-07,1
exemplar,en,1810,5.834198493204212e-07,1
exemplar,en,1809,6.945125701207644e-07,1
exemplar,en,1808,4.4889932526714915e-07,1
exemplar,en,1807,4.40991902550536e-07,1
exemplar,en,1806,5.039379296079005e-07,1
exemplar,en,1805,5.964020202142706e-07,1
exemplar,en,1804,3.4134897819448895e-07,1
exemplar,en,1803,3.638553813800627e-07,1
exemplar,en,1802,5.6086990696258e-07,1
exemplar,en,1801,4.77108279994809e-07,1
exemplar,en,1787,8.173907630748545e-07,1
exemplar,en,1788,6.410826509650747e-07,1
exemplar,en,1789,8.06147728127371e-07,1
exemplar,en,1790,7.211987629318628e-07,1
exemplar,en,1791,6.123841487237769e-07,1
exemplar,en,1792,8.656123426931117e-07,1
exemplar,en,1818,7.521689546763355e-07,1
exemplar,en,1793,6.64006512884896e-07,1
exemplar,en,1795,7.445756580182206e-07,1
exemplar,en,1796,7.540609292533418e-07,1
exemplar,en,1797,4.5789332858703347e-07,1
exemplar,en,1798,5.270275735824725e-07,1
exemplar,en,1799,7.896186762224033e-07,1
exemplar,en,1800,6.072999116923938e-07,1
exemplar,en,1794,4.775814090862696e-07,1
exemplar,en,1922,2.1345502609904088e-07,1
exemplar,en,1819,5.332545267577871e-07,1
exemplar,en,1821,5.425988169882601e-07,1
exemplar,en,1852,5.874329023214386e-07,1
exemplar,en,1851,6.622975936565467e-07,1
exemplar,en,1850,6.600257220767958e-07,1
exemplar,en,1849,5.410987569121062e-07,1
exemplar,en,1848,5.930987789781739e-07,1
exemplar,en,1847,6.187798575751913e-07,1
exemplar,en,1846,6.850452498596837e-07,1
exemplar,en,1845,5.582159054995373e-07,1
exemplar,en,1844,6.46936935133624e-07,1
exemplar,en,1843,8.445723507222169e-07,1
exemplar,en,1842,5.997360812415309e-07,1
exemplar,en,1841,5.549971975327139e-07,1
exemplar,en,1840,5.367459658955909e-07,1
exemplar,en,1839,7.284335614698989e-07,1
exemplar,en,1838,7.287310515025069e-07,1
exemplar,en,1837,6.385831373689754e-07,1
exemplar,en,1836,1.0284486062772658e-06,1
exemplar,en,1822,7.760228877273789e-07,1
exemplar,en,1823,5.930564839218277e-07,1
exemplar,en,1824,6.864048778254528e-07,1
exemplar,en,1825,5.683862003280638e-07,1
exemplar,en,1826,6.501835079220086e-07,1
exemplar,en,1827,6.82542543373188e-07,1
exemplar,en,1820,4.7425002591694465e-07,1
exemplar,en,1828,6.312923268581017e-07,1
exemplar,en,1830,5.816728201324395e-07,1
exemplar,en,1831,4.875797801062731e-07,1
exemplar,en,1832,3.9916109439985803e-07,1
exemplar,en,1833,4.301704179532351e-07,1
exemplar,en,1834,7.11847798484655e-07,1
exemplar,en,1835,6.149494335971895e-07,1
exemplar,en,1829,5.935543452295633e-07,1
exemplar,en,1785,6.780476375922717e-07,1
exemplar,en,1923,2.0580294313177205e-07,1
exemplar,en,1925,2.542370451941167e-07,1
典范,zh,1602,0.0,1
典范,zh,1601,6.472475320151716e-07,1
典范,zh,1600,2.6327387558922055e-07,1
exemplar,en,2022,1.8284092373477279e-06,1
exemplar,en,2021,2.23527415244007e-06,1
exemplar,en,2020,1.5466897558269466e-06,1
exemplar,en,2019,1.6944670484519975e-06,1
exemplar,en,2018,1.588700340171556e-06,1
exemplar,en,2017,1.6043668704668335e-06,1
exemplar,en,2016,1.6729171457008363e-06,1
exemplar,en,2015,1.5962329236174355e-06,1
exemplar,en,2014,1.513307640976791e-06,1
exemplar,en,2013,1.4146272544479643e-06,1
exemplar,en,2012,1.2058664102809757e-06,1
典范,zh,1603,2.968395733660145e-07,1
exemplar,en,2011,1.1761202052262831e-06,1
exemplar,en,2009,1.3364622901690382e-06,1
exemplar,en,2008,1.3197158343913884e-06,1
exemplar,en,2007,1.2276697334279163e-06,1
exemplar,en,2006,1.1589464055106191e-06,1
exemplar,en,2005,1.1214650976754115e-06,1
exemplar,en,2004,1.0715166594010839e-06,1
exemplar,en,2003,9.627884427487743e-07,1
exemplar,en,2002,9.684933504061632e-07,1
exemplar,en,2001,9.192109295952378e-07,1
exemplar,en,2000,9.147757067395901e-07,1
exemplar,en,1999,9.594644581056855e-07,1
exemplar,en,1998,8.534546704908053e-07,1
exemplar,en,1997,9.18219704715284e-07,1
exemplar,en,1996,7.992967629988357e-07,1
exemplar,en,2010,1.3051538325647982e-06,1
典范,zh,1604,0.0,1
典范,zh,1605,0.0,1
典范,zh,1606,0.0,1
典范,zh,1637,1.6401306766056223e-06,1
典范,zh,1636,0.0,1
典范,zh,1635,2.776866097065067e-07,1
典范,zh,1634,6.7968630901305e-07,1
典范,zh,1633,9.295382028540189e-07,1
典范,zh,1632,0.0,1
典范,zh,1631,0.0,1
典范,zh,1630,3.3556327139194764e-07,1
典范,zh,1629,0.0,1
典范,zh,1628,4.0936211576081405e-07,1
典范,zh,1627,0.0,1
典范,zh,1626,0.0,1
典范,zh,1625,0.0,1
典范,zh,1624,0.0,1
典范,zh,1623,0.0,1
典范,zh,1622,0.0,1
典范,zh,1621,0.0,1
典范,zh,1607,0.0,1
典范,zh,1608,0.0,1
典范,zh,1609,0.0,1
典范,zh,1610,0.0,1
典范,zh,1611,0.0,1
典范,zh,1612,0.0,1
exemplar,en,1995,7.737246159322808e-07,1
典范,zh,1613,0.0,1
典范,zh,1615,0.0,1
典范,zh,1616,0.0,1
典范,zh,1617,0.0,1
典范,zh,1618,1.142230530604138e-06,1
典范,zh,1619,0.0,1
典范,zh,1620,0.0,1
典范,zh,1614,0.0,1
exemplar,en,1994,7.200558922448863e-07,1
exemplar,en,1993,6.618048642437202e-07,1
exemplar,en,1992,6.711213869081689e-07,1
exemplar,en,1956,2.1290422091979622e-07,1
exemplar,en,1955,2.3392136472288882e-07,1
exemplar,en,1954,2.1786074366758612e-07,1
exemplar,en,1953,2.399814196252237e-07,1
exemplar,en,1952,2.3329472575994714e-07,1
exemplar,en,1951,2.0961080871018112e-07,1
exemplar,en,1950,2.2597881255137509e-07,1
exemplar,en,1949,1.9669187789617126e-07,1
exemplar,en,1948,2.1381349624149948e-07,1
exemplar,en,1947,2.130487990470442e-07,1
exemplar,en,1946,2.012971274112374e-07,1
exemplar,en,1945,2.1306549102817485e-07,1
exemplar,en,1944,2.0375639042669036e-07,1
exemplar,en,1943,1.7707075761208557e-07,1
exemplar,en,1942,2.0290388702548512e-07,1
exemplar,en,1941,2.389771047717204e-07,1
exemplar,en,1940,2.784979109549113e-07,1
exemplar,en,1926,2.5135713954682615e-07,1
exemplar,en,1927,2.617301082530332e-07,1
exemplar,en,1928,2.4264939391116513e-07,1
exemplar,en,1929,2.1781643688711938e-07,1
exemplar,en,1930,2.0839395808991412e-07,1
exemplar,en,1931,2.2175904756949194e-07,1
exemplar,en,1957,2.2396123000589796e-07,1
exemplar,en,1932,2.3122113912421582e-07,1
exemplar,en,1934,2.2481713379818302e-07,1
exemplar,en,1935,2.238279156463463e-07,1
exemplar,en,1936,2.4223374872622827e-07,1
exemplar,en,1937,2.2791177212155844e-07,1
exemplar,en,1938,2.5024322702904556e-07,1
exemplar,en,1939,2.2271058242040453e-07,1
exemplar,en,1933,2.170574111559631e-07,1
exemplar,en,1924,2.4826028788282883e-07,1
exemplar,en,1958,2.339533153872253e-07,1
exemplar,en,1960,2.1961962159977588e-07,1
exemplar,en,1991,5.816230546074053e-07,1
exemplar,en,1990,6.589813867918792e-07,1
exemplar,en,1989,5.762690902244572e-07,1
exemplar,en,1988,5.259764517262511e-07,1
exemplar,en,1987,4.910932629442755e-07,1
exemplar,en,1986,7.014418121897847e-07,1
exemplar,en,1985,4.3876532851427896e-07,1
exemplar,en,1984,4.276916270029574e-07,1
exemplar,en,1983,4.0805209744476656e-07,1
exemplar,en,1982,3.9887122271764497e-07,1
exemplar,en,1981,4.3461162269053943e-07,1
exemplar,en,1980,3.429780157659934e-07,1
exemplar,en,1979,3.534162051899159e-07,1
exemplar,en,1978,3.520413263125022e-07,1
exemplar,en,1977,3.430205164356437e-07,1
exemplar,en,1976,3.3278025224348085e-07,1
exemplar,en,1975,3.206970649038965e-07,1
exemplar,en,1961,2.2208840277926356e-07,1
exemplar,en,1962,2.512469325921529e-07,1
exemplar,en,1963,2.4436748535805464e-07,1
exemplar,en,1964,2.992235685894684e-07,1
exemplar,en,1965,2.651288468769053e-07,1
exemplar,en,1966,3.326177644424888e-07,1
exemplar,en,1959,2.291530840636824e-07,1
exemplar,en,1967,2.902425957351795e-07,1
exemplar,en,1969,3.4905438583976434e-07,1
exemplar,en,1970,3.179863883318035e-07,1
exemplar,en,1971,2.944037205132588e-07,1
exemplar,en,1972,3.39693273065933e-07,1
exemplar,en,1973,2.980653368567232e-07,1
exemplar,en,1974,3.159276911191e-07,1
exemplar,en,1968,2.981555962122684e-07,1
modelo,es,1653,1.8676407762541203e-06,1
modello,it,1759,3.4479552923016854e-05,1
modelo,es,1651,2.9414898108370835e-06,1
modello,it,1766,1.4432359352056778e-05,1
modello,it,1765,1.872272090253091e-05,1
modello,it,1764,2.183781944520291e-05,1
modello,it,1763,1.6206861431555808e-05,1
modello,it,1762,1.7934760229820768e-05,1
modello,it,1761,1.4820277485227962e-05,1
modello,it,1760,2.3768054163042507e-05,1
modello,it,1758,1.7998949260800146e-05,1
modello,it,1757,1.605867163334551e-05,1
modello,it,1756,1.6183482955511863e-05,1
modello,it,1755,1.4581098710664264e-05,1
modello,it,1754,1.790316811423054e-05,1
modello,it,1753,1.2073137389378985e-05,1
modello,it,1752,1.6441914041820382e-05,1
modello,it,1767,2.7566105643472838e-05,1
modello,it,1751,1.3280897704248673e-05,1
modello,it,1749,1.7398545431035473e-05,1
modello,it,1748,1.8554774698031906e-05,1
modello,it,1747,1.271575271744041e-05,1
modello,it,1746,1.3110625673107279e-05,1
modello,it,1745,1.64445258832302e-05,1
modello,it,1744,1.2771369764408291e-05,1
modello,it,1743,1.2317601601807837e-05,1
modello,it,1742,1.5672059021198947e-05,1
modello,it,1741,1.1957113251526152e-05,1
modello,it,1740,1.3099305512298542e-05,1
modello,it,1739,1.3096214530605721e-05,1
modello,it,1738,1.0115347579109368e-05,1
modello,it,1737,1.9675700855259493e-05,1
modello,it,1736,1.3483028265426356e-05,1
modello,it,1750,1.6000815804773083e-05,1
modello,it,1768,2.7064302003054763e-05,1
modello,it,1769,1.987395669544867e-05,1
modello,it,1770,1.6593879998083594e-05,1
modello,it,1801,2.0789359979289657e-05,1
modello,it,1800,1.945586529927823e-05,1
modello,it,1799,1.6504578699283456e-05,1
modello,it,1798,2.0325802609022503e-05,1
modello,it,1797,2.7792694538675278e-05,1
modello,it,1796,3.3968552784813255e-05,1
modello,it,1795,2.4977756595490064e-05,1
modello,it,1794,2.2108579713631116e-05,1
modello,it,1793,2.6975524949790497e-05,1
modello,it,1792,3.65663001744565e-05,1
modello,it,1791,2.9171819392104226e-05,1
modello,it,1790,1.817772791490313e-05,1
modello,it,1789,1.893512576245371e-05,1
modello,it,1788,2.0236244502314094e-05,1
modello,it,1787,2.4032278233221405e-05,1
modello,it,1786,2.3486460662525133e-05,1
modello,it,1785,2.6255759731697026e-05,1
modello,it,1771,2.8567611640717416e-05,1
modello,it,1772,3.502757436990578e-05,1
modello,it,1773,1.8207419770988054e-05,1
modello,it,1774,2.0738501433470446e-05,1
modello,it,1775,1.9039312924462592e-05,1
modello,it,1776,1.9822991383477984e-05,1
modello,it,1735,1.2295229492309545e-05,1
modello,it,1777,1.9747547042925362e-05,1
modello,it,1779,2.4036822427575544e-05,1
modello,it,1780,2.0633411388359946e-05,1
modello,it,1781,2.5261589186698075e-05,1
modello,it,1782,1.7809904576893132e-05,1
modello,it,1783,2.499896665142387e-05,1
modello,it,1784,2.105936329854785e-05,1
modello,it,1778,2.4881985616787006e-05,1
modello,it,1802,3.304819604466047e-05,1
modello,it,1734,1.2780582238747229e-05,1
modello,it,1732,1.1032041344449794e-05,1
modello,it,1696,8.074725599271915e-06,1
modello,it,1695,7.1802838306211925e-06,1
modello,it,1694,7.358699040338479e-06,1
modello,it,1693,8.114656310453938e-06,1
modello,it,1692,1.6120691725518554e-05,1
modello,it,1691,6.849309876599818e-06,1
modello,it,1690,7.785391119341512e-06,1
modello,it,1689,5.530793039554283e-06,1
modello,it,1688,1.2638906223827462e-05,1
modello,it,1687,8.62249355293443e-06,1
modello,it,1686,8.705357117833046e-06,1
modello,it,1685,1.6596334489804576e-05,1
modello,it,1684,1.3503791933544562e-05,1
modello,it,1683,4.196747966034309e-06,1
modello,it,1697,1.850406893311174e-05,1
modello,it,1682,8.134749254651297e-06,1
modello,it,1680,5.3340238288512865e-06,1
modello,it,1679,5.53638088263142e-06,1
modello,it,1678,1.7471277942604502e-05,1
modello,it,1677,7.579126680923309e-06,1
modello,it,1676,4.630093457080875e-06,1
modello,it,1675,7.86460714863324e-06,1
modello,it,1674,1.0355690392316319e-05,1
modello,it,1673,6.386366180777259e-06,1
modello,it,1672,2.671619620286947e-05,1
modello,it,1671,6.397881463726662e-06,1
modello,it,1670,6.781248714560206e-06,1
modello,it,1669,6.392668638000032e-06,1
modello,it,1668,6.8272864002238975e-06,1
modello,it,1667,8.152874205080707e-06,1
modello,it,1681,1.181933930638479e-05,1
modello,it,1698,1.4095690630711033e-05,1
modello,it,1699,1.3589418358606054e-05,1
modello,it,1700,1.359920702270756e-05,1
modello,it,1731,1.212227670066568e-05,1
modello,it,1730,1.047928624320349e-05,1
modello,it,1729,9.8146323566084e-06,1
modello,it,1728,3.140929766232148e-05,1
modello,it,1727,1.2056874595600675e-05,1
modello,it,1726,1.3806222682433145e-05,1
modello,it,1725,1.978170686811609e-05,1
modello,it,1724,1.1604129070974523e-05,1
modello,it,1723,5.904857886207537e-06,1
modello,it,1722,1.0656904464667605e-05,1
modello,it,1721,9.963179365968244e-06,1
modello,it,1720,8.027634009977191e-06,1
modello,it,1719,1.226769200002309e-05,1
modello,it,1718,1.0164134437218308e-05,1
modello,it,1717,1.5542778143640135e-05,1
modello,it,1716,1.0539000868448056e-05,1
modello,it,1715,1.1746961547487444e-05,1
modello,it,1701,7.292733151587072e-06,1
modello,it,1702,2.2034515879454375e-05,1
modello,it,1703,1.3013806551498419e-05,1
modello,it,1704,9.160479407910316e-06,1
modello,it,1705,9.870401896705516e-06,1
modello,it,1706,9.665628649457858e-06,1
modello,it,1733,1.4900883780200047e-05,1
modello,it,1707,1.0145509358849836e-05,1
modello,it,1709,7.087299650265777e-06,1
modello,it,1710,9.85660943797484e-06,1
modello,it,1711,1.1944714989553518e-05,1
modello,it,1712,1.188643318528193e-05,1
modello,it,1713,1.3443017031988802e-05,1
modello,it,1714,1.2901725881420134e-05,1
modello,it,1708,1.7175448036255148e-05,1
modello,it,1803,2.7103587171950494e-05,1
modello,it,1804,2.1124891148360803e-05,1
modello,it,1805,2.035761259744362e-05,1
modello,it,1905,3.210152817700873e-05,1
modello,it,1904,2.8385657685703336e-05,1
modello,it,1903,2.9068876440385694e-05,1
modello,it,1902,3.1101689046408865e-05,1
modello,it,1901,3.1198265162402095e-05,1
modello,it,1900,2.9762160465907073e-05,1
modello,it,1899,2.948992801066197e-05,1
modello,it,1898,2.6778847149522278e-05,1
modello,it,1897,2.6896768190454168e-05,1
modello,it,1896,2.7676964744038912e-05,1
modello,it,1895,2.9848248288999457e-05,1
modello,it,1894,3.065081591557828e-05,1
modello,it,1893,2.705910037548165e-05,1
modello,it,1892,2.7747991567572683e-05,1
modello,it,1906,3.236031477626966e-05,1
modello,it,1891,3.134874493482265e-05,1
modello,it,1889,2.8782637741642247e-05,1
modello,it,1888,3.292805331511772e-05,1
modello,it,1887,3.227770961777843e-05,1
modello,it,1886,3.3746933468137286e-05,1
modello,it,1885,3.316879337944556e-05,1
modello,it,1884,3.1514358624917804e-05,1
modello,it,1883,3.1190996356400547e-05,1
modello,it,1882,3.2394836011917505e-05,1
modello,it,1881,3.314911049301372e-05,1
modello,it,1880,2.8633650913434394e-05,1
modello,it,1879,2.7561941209341967e-05,1
modello,it,1878,3.251286153727051e-05,1
modello,it,1877,3.424302792853773e-05,1
modello,it,1876,3.33965100480782e-05,1
modello,it,1890,3.46668587098975e-05,1
modello,it,1907,3.246336905249336e-05,1
modello,it,1908,2.994391468291724e-05,1
modello,it,1909,2.9047786824776267e-05,1
modello,it,1940,3.30705313522639e-05,1
modello,it,1939,3.303380692853963e-05,1
modello,it,1938,3.316066545266949e-05,1
modello,it,1937,3.6980781487727654e-05,1
modello,it,1936,3.2322852575816796e-05,1
modello,it,1935,3.599067144932633e-05,1
modello,it,1934,3.0679788625365134e-05,1
modello,it,1933,3.218422079953598e-05,1
modello,it,1932,3.0452569892869263e-05,1
modello,it,1931,3.2594106755823304e-05,1
modello,it,1930,3.0288204129647056e-05,1
modello,it,1929,3.0688481103879894e-05,1
modello,it,1928,3.404702999887377e-05,1
modello,it,1927,3.563466508516022e-05,1
modello,it,1926,3.062554717647714e-05,1
modello,it,1925,3.355062273091569e-05,1
modello,it,1924,3.184154957125429e-05,1
modello,it,1910,3.214403591300652e-05,1
modello,it,1911,3.468448989574213e-05,1
modello,it,1912,2.9348315592869767e-05,1
modello,it,1913,2.9176077788406474e-05,1
modello,it,1914,2.8590092455260674e-05,1
modello,it,1915,2.6898079056536517e-05,1
modello,it,1875,3.023533446366855e-05,1
modello,it,1916,2.5393605028511956e-05,1
modello,it,1918,2.5846463927337027e-05,1
modello,it,1919,2.4015133911259312e-05,1
modello,it,1920,2.672050629826117e-05,1
modello,it,1921,2.642837696331668e-05,1
modello,it,1922,2.7387269312839635e-05,1
modello,it,1923,3.064932997176584e-05,1
modello,it,1917,2.9686141260754084e-05,1
modello,it,1874,3.154186765641498e-05,1
modello,it,1873,3.3408310059712676e-05,1
modello,it,1872,3.5520172218639345e-05,1
modello,it,1836,2.9728854030963703e-05,1
modello,it,1835,2.70404099182997e-05,1
modello,it,1834,2.683142490700341e-05,1
modello,it,1833,2.554104193563944e-05,1
modello,it,1832,2.762298373681915e-05,1
modello,it,1831,2.8234613409949816e-05,1
modello,it,1830,2.3962981998693067e-05,1
modello,it,1829,3.2230024373802735e-05,1
modello,it,1828,2.9203233410157736e-05,1
modello,it,1827,3.568360375849622e-05,1
modello,it,1826,2.9710249464187655e-05,1
modello,it,1825,2.751039991721882e-05,1
modello,it,1824,3.6249060030968394e-05,1
modello,it,1823,3.508447414901639e-05,1
modello,it,1822,3.787357996998253e-05,1
modello,it,1821,2.9123524029728287e-05,1
modello,it,1820,2.996089233420207e-05,1
modello,it,1806,1.5537961218115015e-05,1
modello,it,1807,2.6192779918332576e-05,1
modello,it,1808,3.409127933196032e-05,1
modello,it,1809,2.9712743696563848e-05,1
modello,it,1810,2.6746167065994086e-05,1
modello,it,1811,4.087096311877758e-05,1
modello,it,1837,3.282642501289956e-05,1
modello,it,1812,3.151980860138792e-05,1
modello,it,1814,2.7692552464486653e-05,1
modello,it,1815,2.54912272907859e-05,1
modello,it,1816,2.870155537948449e-05,1
modello,it,1817,3.329596597723139e-05,1
modello,it,1818,3.459888750967366e-05,1
modello,it,1819,3.0367577551260183e-05,1
modello,it,1813,3.7253912751111784e-05,1
modello,it,1666,7.4611056675166765e-06,1
modello,it,1838,3.2164688917646345e-05,1
modello,it,1840,2.9224680968553685e-05,1
modello,it,1871,3.767025791545642e-05,1
modello,it,1870,3.345875383464758e-05,1
modello,it,1869,3.1094440885226504e-05,1
modello,it,1868,3.1245888237663166e-05,1
modello,it,1867,3.9677544691585354e-05,1
modello,it,1866,3.667098641813027e-05,1
modello,it,1865,2.8514808718682616e-05,1
modello,it,1864,3.3530023415551113e-05,1
modello,it,1863,2.837006483602522e-05,1
modello,it,1862,3.381591977813514e-05,1
modello,it,1861,3.426968328512636e-05,1
modello,it,1860,2.814250950677888e-05,1
modello,it,1859,3.166149065236823e-05,1
modello,it,1858,2.859399418753128e-05,1
modello,it,1857,3.3501868847984895e-05,1
modello,it,1856,3.188219468430731e-05,1
modello,it,1855,2.830483822435781e-05,1
modello,it,1841,2.8638218537935245e-05,1
modello,it,1842,2.996187936332717e-05,1
modello,it,1843,3.069959944923539e-05,1
modello,it,1844,3.217782165165772e-05,1
modello,it,1845,2.916626849014392e-05,1
modello,it,1846,3.417634091640309e-05,1
modello,it,1839,2.7490799697993396e-05,1
modello,it,1847,2.8718004045913403e-05,1
modello,it,1849,2.335309886802861e-05,1
modello,it,1850,2.5444978518862627e-05,1
modello,it,1851,2.8438322146939754e-05,1
modello,it,1852,2.716249048262398e-05,1
modello,it,1853,2.7376385503430356e-05,1
modello,it,1854,2.4276396914046927e-05,1
modello,it,1848,3.0460614425464883e-05,1
modello,it,1665,5.200156632412245e-06,1
modello,it,1664,7.856964174379755e-06,1
modello,it,1663,2.0804991606837575e-05,1
Modell,de,1911,1.1050037457494e-05,1
Modell,de,1910,1.0268046903405548e-05,1
Modell,de,1909,1.0913297042947079e-05,1
Modell,de,1908,1.1164818964459755e-05,1
Modell,de,1907,1.006452033180949e-05,1
Modell,de,1906,1.0787110632293206e-05,1
Modell,de,1905,1.0233260990588633e-05,1
Modell,de,1904,1.0246975278960235e-05,1
Modell,de,1903,9.821695186928991e-06,1
Modell,de,1902,1.0626520772660797e-05,1
Modell,de,1901,9.862606464849932e-06,1
Modell,de,1900,9.868901621246096e-06,1
Modell,de,1899,8.81254265117093e-06,1
Modell,de,1898,9.949883764903689e-06,1
Modell,de,1912,1.0455759223759742e-05,1
Modell,de,1897,8.994417382335307e-06,1
Modell,de,1895,9.23003886654783e-06,1
Modell,de,1894,8.58221930855052e-06,1
Modell,de,1893,8.608206483629033e-06,1
Modell,de,1892,8.04195284942466e-06,1
Modell,de,1891,7.880517489844419e-06,1
Modell,de,1890,8.046327625521599e-06,1
Modell,de,1889,8.074196824914281e-06,1
Modell,de,1888,8.01036712516634e-06,1
Modell,de,1887,7.354177533613893e-06,1
Modell,de,1886,7.032462207678947e-06,1
Modell,de,1885,6.9389952184195636e-06,1
Modell,de,1884,6.88594619013827e-06,1
Modell,de,1883,6.6659960460402345e-06,1
Modell,de,1882,6.929821782186707e-06,1
Modell,de,1896,1.0177649144793577e-05,1
Modell,de,1913,1.136216367850218e-05,1
Modell,de,1914,1.1123211791641552e-05,1
Modell,de,1915,1.0058017757330617e-05,1
Modell,de,1946,1.3297180117888274e-05,1
Modell,de,1945,1.0530099707750651e-05,1
Modell,de,1944,1.425336751026407e-05,1
Modell,de,1943,1.1217570389021603e-05,1
Modell,de,1942,1.2698061055971266e-05,1
Modell,de,1941,1.548915130911155e-05,1
Modell,de,1940,1.3240044268059137e-05,1
Modell,de,1939,1.3390118724032618e-05,1
Modell,de,1938,1.3855394840334156e-05,1
Modell,de,1937,1.5144429454494457e-05,1
Modell,de,1936,1.481221727317461e-05,1
Modell,de,1935,1.2551303861130236e-05,1
Modell,de,1934,1.3268892821827194e-05,1
Modell,de,1933,1.3483732750785293e-05,1
Modell,de,1932,1.4187620621441965e-05,1
Modell,de,1931,1.2982441219833163e-05,1
Modell,de,1930,1.3001612167329313e-05,1
Modell,de,1916,9.918597316638245e-06,1
Modell,de,1917,1.042379541615901e-05,1
Modell,de,1918,1.0003059584207108e-05,1
Modell,de,1919,1.1308112622732125e-05,1
Modell,de,1920,1.118461840121654e-05,1
Modell,de,1921,1.1897779828018429e-05,1
Modell,de,1881,6.725160814458064e-06,1
Modell,de,1922,1.1648497832084104e-05,1
Modell,de,1924,1.1527459027438347e-05,1
Modell,de,1925,1.1972790844083647e-05,1
Modell,de,1926,1.2041321170386254e-05,1
Modell,de,1927,1.2128515963882869e-05,1
Modell,de,1928,1.1969630278940713e-05,1
Modell,de,1929,1.2580354926683412e-05,1
Modell,de,1923,1.1519271666315944e-05,1
Modell,de,1880,6.832421818314671e-06,1
Modell,de,1879,6.3196897867046076e-06,1
Modell,de,1878,7.051362825194474e-06,1
Modell,de,1842,4.42956038781972e-06,1
Modell,de,1841,4.319346854075867e-06,1
Modell,de,1840,5.600533647065475e-06,1
Modell,de,1839,4.224703823663134e-06,1
Modell,de,1838,4.275076188164917e-06,1
Modell,de,1837,4.462959734774508e-06,1
Modell,de,1836,4.241112798508695e-06,1
Modell,de,1835,4.044376810452555e-06,1
Modell,de,1834,3.7180695384719797e-06,1
Modell,de,1833,3.2138518193391974e-06,1
Modell,de,1832,3.1635144508435076e-06,1
Modell,de,1831,2.81392438328254e-06,1
Modell,de,1830,6.048837556615894e-06,1
Modell,de,1829,3.287815600216959e-06,1
Modell,de,1828,3.1877354740861286e-06,1
Modell,de,1827,4.090372483278593e-06,1
Modell,de,1826,3.8582591082025885e-06,1
典范,zh,1915,6.795768285883241e-07,1
Modell,de,1813,3.814778857025303e-06,1
Modell,de,1814,3.2710862081231085e-06,1
Modell,de,1815,3.280121116056023e-06,1
Modell,de,1816,4.035141964564559e-06,1
Modell,de,1817,3.802498574456692e-06,1
Modell,de,1843,5.130426739441418e-06,1
Modell,de,1818,4.386890371410601e-06,1
Modell,de,1820,3.848171015619073e-06,1
Modell,de,1821,3.447706380943494e-06,1
Modell,de,1822,4.150202844721562e-06,1
Modell,de,1823,4.087348198567042e-06,1
Modell,de,1824,4.110411792712654e-06,1
Modell,de,1825,3.7665898908745277e-06,1
Modell,de,1819,4.401567967660114e-06,1
Modell,de,1947,1.667354692358458e-05,1
Modell,de,1844,5.426034827116233e-06,1
Modell,de,1846,4.427198953327327e-06,1
Modell,de,1877,8.06858341739769e-06,1
Modell,de,1876,7.2792277424071905e-06,1
Modell,de,1875,7.432463748568985e-06,1
Modell,de,1874,6.897104744552074e-06,1
Modell,de,1873,8.552337451339653e-06,1
Modell,de,1872,5.00283160492776e-06,1
Modell,de,1871,4.7195269630151415e-06,1
Modell,de,1870,4.42825416713255e-06,1
Modell,de,1869,5.672641395504385e-06,1
Modell,de,1868,5.689747972326131e-06,1
Modell,de,1867,6.431168835641099e-06,1
Modell,de,1866,5.796702428284561e-06,1
Modell,de,1865,4.688772615502046e-06,1
Modell,de,1864,4.9959554182521515e-06,1
Modell,de,1863,6.49319466772269e-06,1
Modell,de,1862,5.368672582051204e-06,1
Modell,de,1861,5.027131399937268e-06,1
Modell,de,1847,4.3378792580761605e-06,1
Modell,de,1848,2.68674256986845e-06,1
Modell,de,1849,3.0990088566440477e-06,1
Modell,de,1850,5.015167218402894e-06,1
Modell,de,1851,6.178910632925749e-06,1
Modell,de,1852,5.367304583780985e-06,1
Modell,de,1845,5.082686157065197e-06,1
Modell,de,1853,4.418475050727011e-06,1
Modell,de,1855,5.194255222717992e-06,1
Modell,de,1856,5.173815402770288e-06,1
Modell,de,1857,5.535001015077867e-06,1
Modell,de,1858,5.649677303209977e-06,1
Modell,de,1859,5.077379357842915e-06,1
Modell,de,1860,5.43050749968188e-06,1
Modell,de,1854,4.433172057061174e-06,1
modello,it,1941,3.630172943758225e-05,1
Modell,de,1948,1.7071630544762684e-05,1
Modell,de,1950,1.6086640641788108e-05,1
modello,it,1627,7.1422359653183776e-06,1
modello,it,1626,6.3736018773852265e-06,1
modello,it,1625,4.606144607066653e-06,1
modello,it,1624,3.6602741602109745e-06,1
modello,it,1623,5.1272273537961155e-06,1
modello,it,1622,4.492549066981155e-06,1
modello,it,1621,3.9555357318477036e-06,1
modello,it,1620,5.489840759764775e-06,1
modello,it,1619,6.236384322733102e-06,1
modello,it,1618,5.3329432354587425e-06,1
modello,it,1617,3.6774353731061638e-06,1
modello,it,1616,4.867778613970586e-06,1
modello,it,1615,1.0544188000949362e-05,1
modello,it,1614,5.195580371264441e-06,1
modello,it,1628,4.94178715371163e-06,1
modello,it,1613,6.131300267497863e-06,1
modello,it,1611,4.353667918621795e-06,1
modello,it,1610,6.5720497275378875e-06,1
modello,it,1609,6.749670319550205e-06,1
modello,it,1608,3.1704961998002545e-06,1
modello,it,1607,5.837743458414479e-06,1
modello,it,1606,3.9549996841969914e-06,1
modello,it,1605,2.4979286479265284e-06,1
modello,it,1604,1.1687090875511785e-05,1
modello,it,1603,3.942417230007322e-06,1
modello,it,1602,2.8432818508505875e-06,1
modello,it,1601,3.92320885822528e-06,1
modello,it,1600,1.5950840861478355e-05,1
Modell,de,2022,4.217124550941198e-05,1
Modell,de,2021,4.2014703063725234e-05,1
modello,it,1612,4.939595431352473e-06,1
modello,it,1629,6.419125526235803e-06,1
modello,it,1630,4.8928998275243885e-06,1
modello,it,1631,5.312796957923638e-06,1
modello,it,1662,5.408386641647667e-06,1
modello,it,1661,4.148324933339609e-06,1
modello,it,1660,5.437166464616894e-06,1
modello,it,1659,1.0116792680037179e-05,1
modello,it,1658,6.647089691114161e-06,1
modello,it,1657,1.2091456937923795e-05,1
modello,it,1656,7.150574816705557e-06,1
modello,it,1655,5.1847062252363685e-06,1
modello,it,1654,7.395626681727663e-06,1
modello,it,1653,5.94497575434616e-06,1
modello,it,1652,6.992806147465558e-06,1
modello,it,1651,6.68757373034623e-06,1
modello,it,1650,4.951403624886552e-06,1
modello,it,1649,1.612921779781118e-05,1
modello,it,1648,1.7621748147789162e-05,1
modello,it,1647,4.686201934944734e-05,1
modello,it,1646,4.526619406419741e-06,1
modello,it,1632,5.591845820163144e-06,1
modello,it,1633,1.159309531928443e-05,1
modello,it,1634,6.487160717938423e-06,1
modello,it,1635,4.82658060718677e-06,1
modello,it,1636,5.525436023390284e-06,1
modello,it,1637,7.804497940355759e-06,1
Modell,de,2020,5.149319289256271e-05,1
modello,it,1638,5.280655102524179e-06,1
modello,it,1640,5.444007712185339e-06,1
modello,it,1641,9.625039545824166e-06,1
modello,it,1642,1.0692275225210324e-05,1
modello,it,1643,8.12300834596158e-06,1
modello,it,1644,8.309804798045661e-06,1
modello,it,1645,5.920395643954635e-06,1
modello,it,1639,7.13566365106999e-06,1
Modell,de,2019,5.7950201911363686e-05,1
Modell,de,2018,5.871099715193395e-05,1
Modell,de,2017,5.9138213397369466e-05,1
Modell,de,1981,5.697103281199212e-05,1
Modell,de,1980,5.8915360009903495e-05,1
Modell,de,1979,5.0362774867251936e-05,1
Modell,de,1978,5.856600730735906e-05,1
Modell,de,1977,5.804884395255172e-05,1
Modell,de,1976,5.893474598317461e-05,1
Modell,de,1975,5.817357516813004e-05,1
Modell,de,1974,5.471406560175751e-05,1
Modell,de,1973,5.9093627038153684e-05,1
Modell,de,1972,5.366378756299639e-05,1
Modell,de,1971,5.36844166292294e-05,1
Modell,de,1970,5.1766854681112306e-05,1
Modell,de,1969,4.6455613696094744e-05,1
Modell,de,1968,4.406350383884261e-05,1
Modell,de,1967,3.428254904441763e-05,1
Modell,de,1966,3.599696181311174e-05,1
Modell,de,1965,3.142891051399754e-05,1
Modell,de,1951,2.009212370202018e-05,1
Modell,de,1952,1.8727835012333216e-05,1
Modell,de,1953,2.054610063595419e-05,1
Modell,de,1954,2.4564842107110962e-05,1
Modell,de,1955,2.5974282934271287e-05,1
Modell,de,1956,2.453386547673908e-05,1
Modell,de,1982,5.728565119755835e-05,1
Modell,de,1957,2.8131114758966902e-05,1
Modell,de,1959,3.056999828565665e-05,1
Modell,de,1960,2.888548495461052e-05,1
Modell,de,1961,2.7309326678714996e-05,1
Modell,de,1962,2.611137821284526e-05,1
Modell,de,1963,3.139817533853728e-05,1
Modell,de,1964,2.7908532727716207e-05,1
Modell,de,1958,2.9188908342803188e-05,1
Modell,de,1949,1.8317153262614738e-05,1
Modell,de,1983,5.342280323961113e-05,1
Modell,de,1985,4.981680487875506e-05,1
Modell,de,2016,6.422432117858534e-05,1
Modell,de,2015,6.680919936583041e-05,1
Modell,de,2014,7.371519290344519e-05,1
Modell,de,2013,0.00011125844444581645,1
Modell,de,2012,7.624805191586148e-05,1
Modell,de,2011,9.002447085626475e-05,1
Modell,de,2010,9.842298654264003e-05,1
Modell,de,2009,9.580902525385682e-05,1
Modell,de,2008,0.0001041054373925876,1
Modell,de,2007,0.00010446413004258637,1
Modell,de,2006,8.603869230849881e-05,1
Modell,de,2005,8.728556418957645e-05,1
Modell,de,2004,8.10734039509986e-05,1
Modell,de,2003,7.844905955911585e-05,1
Modell,de,2002,7.440368107847206e-05,1
Modell,de,2001,7.472447885015221e-05,1
Modell,de,2000,7.070096581829333e-05,1
Modell,de,1986,5.2983712141907446e-05,1
Modell,de,1987,5.154182417022035e-05,1
Modell,de,1988,5.318673608423197e-05,1
Modell,de,1989,5.310742064768004e-05,1
Modell,de,1990,5.524810170398631e-05,1
Modell,de,1991,5.582298359740889e-05,1
Modell,de,1984,5.424080084370786e-05,1
Modell,de,1992,5.4036047267502774e-05,1
Modell,de,1994,6.004444078655524e-05,1
Modell,de,1995,5.3461345189020903e-05,1
Modell,de,1996,6.643190290167578e-05,1
Modell,de,1997,6.635767633822454e-05,1
Modell,de,1998,6.959638627657139e-05,1
Modell,de,1999,6.869007945908834e-05,1
Modell,de,1993,5.3676786657019804e-05,1
modello,it,1942,3.76082467141714e-05,1
modello,it,1943,3.516421014637672e-05,1
modello,it,1944,3.790803447145663e-05,1
модель,ru,1899,2.688743908407787e-06,1
модель,ru,1898,3.139993111744843e-06,1
модель,ru,1897,2.7624336751408407e-06,1
модель,ru,1896,5.091569164505927e-06,1
модель,ru,1895,2.6797133330092038e-06,1
модель,ru,1894,3.0904252177332836e-06,1
модель,ru,1893,3.0442328076141223e-06,1
модель,ru,1892,3.291635062296905e-06,1
модель,ru,1891,2.1405647032679553e-06,1
модель,ru,1890,2.4755859251435197e-06,1
модель,ru,1889,2.6497179987927666e-06,1
модель,ru,1888,2.8008507619858847e-06,1
модель,ru,1887,3.038144484435179e-06,1
модель,ru,1886,3.999546379418462e-06,1
модель,ru,1900,2.8628609243241954e-06,1
модель,ru,1885,2.7020763120333413e-06,1
модель,ru,1883,4.06234460115229e-06,1
модель,ru,1882,3.7100039662618656e-06,1
модель,ru,1881,2.520718838994185e-06,1
модель,ru,1880,3.3012847993063588e-06,1
модель,ru,1879,5.272787575449911e-06,1
модель,ru,1878,3.889658160005638e-06,1
модель,ru,1877,2.847452833520947e-06,1
модель,ru,1876,3.0420834491451387e-06,1
модель,ru,1875,2.289829296842072e-06,1
модель,ru,1874,1.835087928725443e-06,1
модель,ru,1873,3.1265958098103397e-06,1
модель,ru,1872,2.9453719889716012e-06,1
модель,ru,1871,2.3003926230558136e-06,1
модель,ru,1870,3.0234106134230387e-06,1
модель,ru,1884,2.607690177569566e-06,1
модель,ru,1901,2.6080736290623463e-06,1
модель,ru,1902,3.038822386614015e-06,1
модель,ru,1903,2.4904933511038507e-06,1
модель,ru,1934,8.312651779363023e-06,1
модель,ru,1933,7.824098595676787e-06,1
модель,ru,1932,7.999507147360418e-06,1
модель,ru,1931,6.71690317943785e-06,1
модель,ru,1930,5.195210519559623e-06,1
модель,ru,1929,4.6305952778880055e-06,1
модель,ru,1928,4.297306166023418e-06,1
модель,ru,1927,3.997698165392194e-06,1
модель,ru,1926,5.461748163071434e-06,1
модель,ru,1925,3.214158141418011e-06,1
модель,ru,1924,4.16608619246972e-06,1
модель,ru,1923,3.568918145901989e-06,1
модель,ru,1922,2.202799464612326e-06,1
модель,ru,1921,1.8018559728716355e-06,1
модель,ru,1920,3.6412463941815076e-06,1
модель,ru,1919,2.6401496597827645e-06,1
модель,ru,1918,1.8936186165774416e-06,1
модель,ru,1904,3.0974917919479594e-06,1
модель,ru,1905,2.8461771535148728e-06,1
модель,ru,1906,1.5594188358392103e-06,1
модель,ru,1907,2.4510965954682717e-06,1
модель,ru,1908,2.8151626914052486e-06,1
модель,ru,1909,3.1203014998482104e-06,1
модель,ru,1869,1.891789281671663e-06,1
модель,ru,1910,4.078203594826135e-06,1
модель,ru,1912,4.002036527950281e-06,1
модель,ru,1913,2.8041847244253404e-06,1
модель,ru,1914,2.8031563950037253e-06,1
модель,ru,1915,3.432833363348209e-06,1
модель,ru,1916,3.56588686756254e-06,1
модель,ru,1917,3.7146839986235136e-06,1
модель,ru,1911,4.160835462174717e-06,1
модель,ru,1868,2.3545022713733488e-06,1
модель,ru,1867,2.192055433170026e-06,1
модель,ru,1866,3.3330951945131915e-06,1
модель,ru,1830,1.1721939046083207e-06,1
модель,ru,1829,3.7037350466562202e-06,1
модель,ru,1828,2.6253851501678582e-06,1
модель,ru,1827,6.03156178158315e-06,1
модель,ru,1826,4.379803158371942e-06,1
модель,ru,1825,4.960355113325932e-06,1
модель,ru,1824,4.990933803128428e-06,1
модель,ru,1823,1.2221242542409527e-06,1
модель,ru,1822,2.327090086851058e-06,1
модель,ru,1821,8.559364232496591e-06,1
модель,ru,1820,4.937190169584937e-06,1
модель,ru,1819,4.799616988293565e-06,1
модель,ru,1818,2.0972202321445366e-06,1
модель,ru,1817,4.055463136865001e-06,1
модель,ru,1816,1.6983274235826684e-06,1
модель,ru,1815,2.976960786327254e-06,1
модель,ru,1814,3.31920449525569e-06,1
модель,ru,1800,5.929375333835196e-06,1
модель,ru,1801,5.3098414127816795e-06,1
модель,ru,1802,1.098193337156772e-06,1
модель,ru,1803,4.6372397264349274e-06,1
модель,ru,1804,4.442994224973518e-06,1
модель,ru,1805,3.2925925097515574e-06,1
модель,ru,1831,3.258630840718979e-06,1
модель,ru,1806,1.7784748678195683e-06,1
модель,ru,1808,4.311026799541651e-06,1
модель,ru,1809,1.3534071570120432e-06,1
модель,ru,1810,1.8997067172676907e-06,1
модель,ru,1811,2.087587489540965e-06,1
модель,ru,1812,2.7432316187514516e-06,1
модель,ru,1813,1.422032255504746e-06,1
модель,ru,1807,3.9932975539613835e-06,1
модель,ru,1935,8.612205276037344e-06,1
модель,ru,1832,1.8542040507441016e-06,1
модель,ru,1834,2.852432317013154e-06,1
модель,ru,1865,4.472676096156647e-06,1
модель,ru,1864,3.825468866125448e-06,1
модель,ru,1863,1.5427593780259485e-06,1
модель,ru,1862,3.082387713071455e-06,1
модель,ru,1861,2.6989671084720612e-06,1
модель,ru,1860,2.106620935471426e-06,1
модель,ru,1859,1.553838714585254e-06,1
модель,ru,1858,2.269393959863919e-06,1
модель,ru,1857,1.728889770458153e-06,1
модель,ru,1856,2.282185562307859e-06,1
модель,ru,1855,3.3794472358295025e-06,1
модель,ru,1854,4.009045085240359e-06,1
модель,ru,1853,3.7325547737054876e-06,1
модель,ru,1852,4.143034352921404e-06,1
модель,ru,1851,6.448638131928419e-06,1
модель,ru,1850,4.0863628374410155e-06,1
модель,ru,1849,3.271012765537762e-06,1
модель,ru,1835,3.8784086200394086e-06,1
модель,ru,1836,3.3559935559424048e-06,1
модель,ru,1837,2.951021699004741e-06,1
модель,ru,1838,3.969114771962268e-06,1
модель,ru,1839,5.895668419242384e-06,1
модель,ru,1840,4.402553116733543e-06,1
модель,ru,1833,1.7311035236389216e-06,1
модель,ru,1841,4.9802932018394586e-06,1
модель,ru,1843,4.367651797565486e-06,1
модель,ru,1844,3.265629089810318e-06,1
модель,ru,1845,3.8547320144743935e-06,1
модель,ru,1846,2.8817478039400157e-06,1
модель,ru,1847,1.7657518469604838e-06,1
модель,ru,1848,3.4380876741124666e-06,1
модель,ru,1842,1.6743884074799098e-06,1
модель,ru,1799,1.3429629461825243e-06,1
модель,ru,1936,1.802178553900191e-05,1
модель,ru,1938,1.1134589989580945e-05,1
modelo,es,1615,1.9694303148298786e-06,1
modelo,es,1614,1.4984511516047405e-06,1
modelo,es,1613,2.731921536991422e-06,1
modelo,es,1612,3.953897122599415e-06,1
modelo,es,1611,3.2894446917453024e-06,1
modelo,es,1610,2.3467325682702267e-06,1
modelo,es,1609,3.382912382221548e-06,1
modelo,es,1608,3.3745477594493423e-06,1
modelo,es,1607,3.892263976013055e-06,1
modelo,es,1606,1.0795004072861047e-06,1
modelo,es,1605,2.5716838081280002e-06,1
modelo,es,1604,3.8624989429081324e-06,1
modelo,es,1603,1.96209692049365e-06,1
modelo,es,1602,1.656934045968228e-06,1
modelo,es,1616,3.05301455227891e-06,1
modelo,es,1601,1.365755224469467e-06,1
модель,ru,2022,5.0186930434625854e-05,1
модель,ru,2021,3.723426663182483e-05,1
модель,ru,2020,3.965943412320705e-05,1
модель,ru,2019,3.9801808895179036e-05,1
модель,ru,2018,3.299148123200868e-05,1
модель,ru,2017,4.626960573006489e-05,1
модель,ru,2016,5.5111060135559775e-05,1
модель,ru,2015,6.023320277037669e-05,1
модель,ru,2014,4.395776306320709e-05,1
модель,ru,2013,3.5303935005503995e-05,1
модель,ru,2012,4.1496988021250125e-05,1
модель,ru,2011,4.154268203382383e-05,1
модель,ru,2010,4.244542995512912e-05,1
модель,ru,2009,4.66052553357299e-05,1
modelo,es,1600,2.361878841838916e-06,1
modelo,es,1617,1.9972475229224074e-06,1
modelo,es,1618,2.8103188469685847e-06,1
modelo,es,1619,3.014451522176387e-06,1
modelo,es,1650,1.9033573686044747e-06,1
modelo,es,1649,4.958724566961337e-06,1
modelo,es,1648,4.095712391460893e-06,1
modelo,es,1647,2.3913960376376053e-06,1
modelo,es,1646,2.511670022187218e-06,1
modelo,es,1645,4.785060582435108e-06,1
modelo,es,1644,4.100429833897579e-06,1
modelo,es,1643,1.5050721913212328e-06,1
modelo,es,1642,4.358973228590912e-06,1
modelo,es,1641,3.598782313929405e-06,1
modelo,es,1640,3.902931666743825e-06,1
modelo,es,1639,2.5681583153414067e-06,1
modelo,es,1638,4.474064255077792e-06,1
modelo,es,1637,3.0040300771361217e-06,1
modelo,es,1636,2.6564527573214036e-06,1
modelo,es,1635,4.679086032410851e-06,1
modelo,es,1634,2.7859701461352415e-06,1
modelo,es,1620,1.7708254063109052e-06,1
modelo,es,1621,1.4421153764487826e-06,1
modelo,es,1622,2.1838098547277696e-06,1
modelo,es,1623,2.0560544271575054e-06,1
modelo,es,1624,2.646498501235328e-06,1
modelo,es,1625,3.3117285056505352e-06,1
модель,ru,2008,4.8661533448512984e-05,1
modelo,es,1626,2.8603099977431157e-06,1
modelo,es,1628,3.939093460303411e-07,1
modelo,es,1629,3.608882479966269e-06,1
modelo,es,1630,2.282106834172737e-06,1
modelo,es,1631,3.448417601248366e-06,1
modelo,es,1632,1.26969291613932e-06,1
modelo,es,1633,4.013218998011325e-06,1
modelo,es,1627,2.3879125379266952e-06,1
модель,ru,2007,5.0039511108934676e-05,1
модель,ru,2006,5.3024046472893716e-05,1
модель,ru,2005,5.292629097486401e-05,1
модель,ru,1969,4.2173811149404106e-05,1
модель,ru,1968,4.093175238706337e-05,1
модель,ru,1967,3.907902295419152e-05,1
модель,ru,1966,3.5618045671981236e-05,1
модель,ru,1965,3.327776381045755e-05,1
модель,ru,1964,2.4455614128171543e-05,1
модель,ru,1963,2.7713731162393174e-05,1
модель,ru,1962,2.5483475140031242e-05,1
модель,ru,1961,2.059867312165231e-05,1
модель,ru,1960,2.02095169450911e-05,1
модель,ru,1959,1.7822988048310506e-05,1
модель,ru,1958,1.6270040344767978e-05,1
модель,ru,1957,1.702778622814094e-05,1
модель,ru,1956,1.680255899050298e-05,1
модель,ru,1955,1.7958919568461518e-05,1
модель,ru,1954,1.4643788986745676e-05,1
модель,ru,1953,1.242419855884691e-05,1
модель,ru,1939,1.091594241842131e-05,1
модель,ru,1940,1.0868501604477387e-05,1
модель,ru,1941,1.0134266126726743e-05,1
модель,ru,1942,6.632278200413566e-06,1
модель,ru,1943,5.556250926019857e-06,1
модель,ru,1944,8.877534771301043e-06,1
модель,ru,1970,4.5490474303910844e-05,1
модель,ru,1945,9.45139468555567e-06,1
модель,ru,1947,8.677789054445384e-06,1
модель,ru,1948,1.0487480622600742e-05,1
модель,ru,1949,1.1644160565538186e-05,1
модель,ru,1950,1.0414159072880125e-05,1
модель,ru,1951,1.051423367814941e-05,1
модель,ru,1952,9.69772579395567e-06,1
модель,ru,1946,1.1153303543398607e-05,1
модель,ru,1937,9.643197444120233e-06,1
модель,ru,1971,5.2814381483468065e-05,1
модель,ru,1973,6.470861700247355e-05,1
модель,ru,2004,5.094816572870364e-05,1
модель,ru,2003,5.30521656046945e-05,1
модель,ru,2002,5.1678261841714423e-05,1
модель,ru,2001,5.197436500792296e-05,1
модель,ru,2000,4.441192889204082e-05,1
модель,ru,1999,5.081698449060923e-05,1
модель,ru,1998,5.149714285046514e-05,1
модель,ru,1997,5.258659714402203e-05,1
модель,ru,1996,5.785486833254083e-05,1
модель,ru,1995,5.306130792692709e-05,1
модель,ru,1994,4.860369545300891e-05,1
модель,ru,1993,6.013292020834449e-05,1
модель,ru,1992,8.845179335870146e-05,1
модель,ru,1991,8.357878601189528e-05,1
модель,ru,1990,8.226320911530749e-05,1
модель,ru,1989,8.401059359069984e-05,1
модель,ru,1988,8.5302308790558e-05,1
модель,ru,1974,6.59110993724843e-05,1
модель,ru,1975,7.162959815165681e-05,1
модель,ru,1976,7.557696323445828e-05,1
модель,ru,1977,8.104759574212306e-05,1
модель,ru,1978,7.761095193514755e-05,1
модель,ru,1979,8.52923398267369e-05,1
модель,ru,1972,6.64008196444299e-05,1
модель,ru,1980,8.305890200249744e-05,1
модель,ru,1982,8.757517854535157e-05,1
модель,ru,1983,8.767707118062518e-05,1
модель,ru,1984,9.010212302540399e-05,1
модель,ru,1985,8.837101843051087e-05,1
модель,ru,1986,9.551529381307544e-05,1
модель,ru,1987,9.059175704040356e-05,1
модель,ru,1981,8.774500768965465e-05,1
modelo,es,1652,3.014112962773652e-06,1
модель,ru,1798,5.919103301721407e-06,1
модель,ru,1796,2.200612698288751e-06,1
модель,ru,1621,0.0,1
модель,ru,1620,0.0,1
модель,ru,1619,0.0,1
модель,ru,1618,0.0,1
модель,ru,1617,0.0,1
модель,ru,1616,0.0,1
модель,ru,1615,0.0,1
модель,ru,1614,0.0,1
модель,ru,1613,0.0,1
модель,ru,1612,0.0,1
модель,ru,1611,0.0,1
модель,ru,1610,0.0,1
модель,ru,1609,0.0,1
модель,ru,1608,0.0,1
модель,ru,1622,0.0,1
модель,ru,1607,0.0,1
модель,ru,1605,0.0,1
модель,ru,1604,0.0,1
модель,ru,1603,0.0,1
модель,ru,1602,0.0,1
модель,ru,1601,0.0,1
модель,ru,1600,0.0,1
modello,it,2022,9.97141752918651e-05,1
modello,it,2021,9.886326142805046e-05,1
modello,it,2020,0.00011115911962633618,1
modello,it,2019,8.933414501383075e-05,1
modello,it,2018,9.450048446524306e-05,1
modello,it,2017,0.00010882938363465655,1
modello,it,2016,0.00010756303420966784,1
modello,it,2015,0.00010445240822976043,1
модель,ru,1606,0.0,1
модель,ru,1623,0.0,1
модель,ru,1624,0.0,1
модель,ru,1625,0.0,1
модель,ru,1656,0.0,1
модель,ru,1655,0.0,1
модель,ru,1654,0.0,1
модель,ru,1653,0.0,1
модель,ru,1652,0.0,1
модель,ru,1651,0.0,1
модель,ru,1650,0.0,1
модель,ru,1649,0.0,1
модель,ru,1648,0.0,1
модель,ru,1647,0.0,1
модель,ru,1646,0.0,1
модель,ru,1645,0.0,1
модель,ru,1644,0.0,1
модель,ru,1643,0.0,1
модель,ru,1642,0.0,1
модель,ru,1641,0.0,1
модель,ru,1640,0.0,1
модель,ru,1626,0.0,1
модель,ru,1627,0.0,1
модель,ru,1628,0.0,1
модель,ru,1629,0.0,1
модель,ru,1630,0.0,1
модель,ru,1631,0.0,1
modello,it,2014,0.00011334353058600755,1
модель,ru,1632,0.0,1
модель,ru,1634,0.0,1
модель,ru,1635,0.0,1
модель,ru,1636,0.0,1
модель,ru,1637,0.0,1
модель,ru,1638,0.0,1
модель,ru,1639,0.0,1
модель,ru,1633,0.0,1
modello,it,2013,0.0001167262392414159,1
modello,it,2012,0.000130581794901663,1
modello,it,2011,0.0001352015978000054,1
modello,it,1975,0.00010388354689894186,1
modello,it,1974,0.0001015326997750865,1
modello,it,1973,9.070678339639926e-05,1
modello,it,1972,7.852353940052126e-05,1
modello,it,1971,7.765469597131869e-05,1
modello,it,1970,8.281226098461048e-05,1
modello,it,1969,6.63828180904602e-05,1
modello,it,1968,6.452726813677145e-05,1
modello,it,1967,6.245020847472915e-05,1
modello,it,1966,5.768082746726577e-05,1
modello,it,1965,5.048656827000286e-05,1
modello,it,1964,4.993380878204334e-05,1
modello,it,1963,5.0710821699828657e-05,1
modello,it,1962,5.524906458476142e-05,1
modello,it,1961,4.921620618869582e-05,1
modello,it,1960,5.444928086717482e-05,1
modello,it,1959,5.04353766928034e-05,1
modello,it,1945,3.836112347244125e-05,1
modello,it,1946,3.9428138393304835e-05,1
modello,it,1947,3.8044969926431804e-05,1
modello,it,1948,3.778755986760807e-05,1
modello,it,1949,4.249972914749378e-05,1
modello,it,1950,4.2389826148792054e-05,1
modello,it,1976,0.00010991825914397069,1
modello,it,1951,5.157656084975315e-05,1
modello,it,1953,3.824231850413362e-05,1
modello,it,1954,4.506398844572601e-05,1
modello,it,1955,4.2423017248438555e-05,1
modello,it,1956,4.662786096787386e-05,1
modello,it,1957,4.723752739321796e-05,1
modello,it,1958,5.0970844851505603e-05,1
modello,it,1952,3.9787934554169624e-05,1
модель,ru,1657,0.0,1
modello,it,1977,0.00011226660183183412,1
modello,it,1979,0.0001210039660008988,1
modello,it,2010,0.0001386245524486185,1
modello,it,2009,0.00016979467011424276,1
modello,it,2008,0.00017768171881016315,1
modello,it,2007,0.00018470801981962381,1
modello,it,2006,0.00018152789266423497,1
modello,it,2005,0.00017689950857402437,1
modello,it,2004,0.0001805238485029781,1
modello,it,2003,0.00017280044026801722,1
modello,it,2002,0.00016703707535725698,1
modello,it,2001,0.0001561530387583776,1
modello,it,2000,0.00015161351598180772,1
modello,it,1999,0.00015266742122455046,1
modello,it,1998,0.0001534637634676983,1
modello,it,1997,0.00015161767464633158,1
modello,it,1996,0.00015291742658973817,1
modello,it,1995,0.00013842646358175337,1
modello,it,1994,0.0001384340025651909,1
modello,it,1980,0.00012067777254287648,1
modello,it,1981,0.00011665340122135603,1
modello,it,1982,0.00012213907602576235,1
modello,it,1983,0.00011870825778714789,1
modello,it,1984,0.0001247857795760865,1
modello,it,1985,0.00012422318997096227,1
modello,it,1978,0.00011788706274273864,1
modello,it,1986,0.00012305519362598716,1
modello,it,1988,0.00012795114078179015,1
modello,it,1989,0.0001324801288529187,1
modello,it,1990,0.00013252071619263006,1
modello,it,1991,0.0001256632069726038,1
modello,it,1992,0.00013275597052597732,1
modello,it,1993,0.00014035148205948644,1
modello,it,1987,0.00012855695979396842,1
модель,ru,1797,1.2932649724461953e-06,1
модель,ru,1658,0.0,1
модель,ru,1660,0.0,1
модель,ru,1760,1.0528340226301225e-06,1
модель,ru,1759,0.0,1
модель,ru,1758,0.0,1
модель,ru,1757,0.0,1
модель,ru,1756,9.520063940726686e-06,1
модель,ru,1755,2.020930878643412e-06,1
модель,ru,1754,1.2126000001444481e-05,1
модель,ru,1753,1.512740254838718e-06,1
модель,ru,1752,0.0,1
модель,ru,1751,3.3808796615630854e-06,1
модель,ru,1750,0.0,1
модель,ru,1749,0.0,1
модель,ru,1748,0.0,1
модель,ru,1747,0.0,1
модель,ru,1761,5.010373058667028e-06,1
модель,ru,1746,0.0,1
модель,ru,1744,0.0,1
модель,ru,1743,0.0,1
модель,ru,1742,0.0,1
модель,ru,1741,0.0,1
модель,ru,1740,2.873554876714479e-06,1
модель,ru,1739,0.0,1
модель,ru,1738,5.3287576520233415e-06,1
модель,ru,1737,1.983686161111109e-06,1
модель,ru,1736,0.0,1
модель,ru,1735,0.0,1
модель,ru,1734,0.0,1
модель,ru,1733,5.1354210881982e-05,1
модель,ru,1732,0.0,1
модель,ru,1731,0.0,1
модель,ru,1745,0.0,1
модель,ru,1762,0.0,1
модель,ru,1763,3.314203809168248e-07,1
модель,ru,1764,0.0,1
модель,ru,1795,6.460010638420499e-06,1
модель,ru,1794,8.929266186896712e-06,1
модель,ru,1793,6.920560508660856e-06,1
модель,ru,1792,3.2733417896224637e-06,1
модель,ru,1791,1.4817373426012637e-06,1
модель,ru,1790,3.118969999604815e-06,1
модель,ru,1789,1.706137680912434e-06,1
модель,ru,1788,1.5456854498552275e-06,1
модель,ru,1787,8.168070166902908e-07,1
модель,ru,1786,3.855787213069561e-06,1
модель,ru,1785,2.8557795417327725e-07,1
модель,ru,1784,7.823240935067588e-07,1
модель,ru,1783,1.1857462141051656e-06,1
модель,ru,1782,6.661860879830783e-06,1
модель,ru,1781,2.997630588197353e-07,1
модель,ru,1780,5.810997123489869e-07,1
модель,ru,1779,4.014633987026173e-06,1
модель,ru,1765,0.0,1
модель,ru,1766,2.0199017285449372e-06,1
модель,ru,1767,9.260527917831496e-07,1
модель,ru,1768,0.0,1
модель,ru,1769,2.300906800201119e-06,1
модель,ru,1770,7.342505341512151e-06,1
модель,ru,1730,0.0,1
модель,ru,1771,3.915599904757983e-06,1
модель,ru,1773,9.59322221660841e-07,1
модель,ru,1774,2.259225993839209e-06,1
модель,ru,1775,0.0,1
модель,ru,1776,0.0,1
модель,ru,1777,4.3390245991759e-06,1
модель,ru,1778,0.0,1
модель,ru,1772,3.9387735455420625e-06,1
модель,ru,1729,0.0,1
модель,ru,1728,0.0,1
модель,ru,1727,0.0,1
модель,ru,1691,0.0,1
модель,ru,1690,0.0,1
модель,ru,1689,0.0,1
модель,ru,1688,0.0,1
модель,ru,1687,0.0,1
модель,ru,1686,0.0,1
модель,ru,1685,0.0,1
модель,ru,1684,0.0,1
модель,ru,1683,0.0,1
модель,ru,1682,0.0,1
модель,ru,1681,0.0001358326553599909,1
модель,ru,1680,0.0,1
модель,ru,1679,0.0,1
модель,ru,1678,0.0,1
модель,ru,1677,0.0,1
модель,ru,1676,0.0,1
модель,ru,1675,0.0,1
модель,ru,1661,0.0,1
модель,ru,1662,0.0,1
модель,ru,1663,0.0,1
модель,ru,1664,0.0,1
модель,ru,1665,0.0,1
модель,ru,1666,0.0,1
модель,ru,1692,0.0,1
модель,ru,1667,0.0,1
модель,ru,1669,0.0,1
модель,ru,1670,0.0,1
модель,ru,1671,0.0,1
модель,ru,1672,0.0,1
модель,ru,1673,0.0,1
модель,ru,1674,0.0,1
модель,ru,1668,0.0,1
модель,ru,1659,0.0,1
модель,ru,1693,0.0,1
модель,ru,1695,0.0,1
модель,ru,1726,0.0,1
модель,ru,1725,0.0,1
модель,ru,1724,0.0,1
модель,ru,1723,0.0,1
модель,ru,1722,0.0,1
модель,ru,1721,0.0,1
модель,ru,1720,0.0,1
модель,ru,1719,0.0,1
модель,ru,1718,0.0,1
модель,ru,1717,1.5885623724898323e-05,1
модель,ru,1716,0.0,1
модель,ru,1715,0.0,1
модель,ru,1714,0.0,1
модель,ru,1713,0.0,1
модель,ru,1712,0.0,1
модель,ru,1711,0.0,1
модель,ru,1710,0.0,1
модель,ru,1696,0.0,1
модель,ru,1697,0.0,1
модель,ru,1698,0.0,1
модель,ru,1699,0.0,1
модель,ru,1700,0.0,1
модель,ru,1701,0.0,1
модель,ru,1694,0.0,1
модель,ru,1702,0.0,1
модель,ru,1704,0.0,1
модель,ru,1705,0.0,1
модель,ru,1706,0.0,1
модель,ru,1707,0.0,1
модель,ru,1708,0.0,1
модель,ru,1709,0.0,1
модель,ru,1703,0.0,1
典范,zh,1916,7.846664402677561e-07,1
образец,ru,1704,0.0,1
典范,zh,1918,2.774912104541727e-07,1
образец,ru,1714,0.0,1
образец,ru,1713,0.0,1
образец,ru,1712,0.0,1
образец,ru,1711,0.0,1
образец,ru,1710,0.0,1
образец,ru,1709,1.239142056874698e-05,1
образец,ru,1708,0.0,1
образец,ru,1707,0.0,1
образец,ru,1706,0.0,1
образец,ru,1705,0.0,1
Modell,de,1812,4.0660428310967944e-06,1
образец,ru,1703,0.0,1
образец,ru,1702,0.0,1
образец,ru,1701,0.0,1
образец,ru,1715,0.0,1
образец,ru,1700,0.0,1
образец,ru,1698,0.0,1
образец,ru,1697,0.0,1
образец,ru,1696,0.0,1
образец,ru,1695,0.0,1
образец,ru,1694,0.0,1
образец,ru,1693,0.0,1
образец,ru,1692,0.0,1
образец,ru,1691,0.0,1
образец,ru,1690,0.0,1
образец,ru,1689,0.0,1
образец,ru,1688,0.0,1
образец,ru,1687,0.0,1
образец,ru,1686,0.0,1
образец,ru,1685,0.0,1
образец,ru,1699,0.0,1
образец,ru,1716,0.0,1
образец,ru,1717,0.0,1
образец,ru,1718,0.0,1
образец,ru,1749,0.0,1
образец,ru,1748,0.0,1
образец,ru,1747,0.0,1
образец,ru,1746,0.0,1
образец,ru,1745,0.0,1
образец,ru,1744,0.0,1
образец,ru,1743,0.0,1
образец,ru,1742,0.0,1
образец,ru,1741,0.0,1
образец,ru,1740,0.0,1
образец,ru,1739,0.0,1
образец,ru,1738,0.0,1
образец,ru,1737,0.0,1
образец,ru,1736,0.0,1
образец,ru,1735,0.0,1
образец,ru,1734,0.0,1
образец,ru,1733,0.0,1
образец,ru,1719,0.0,1
образец,ru,1720,0.0,1
образец,ru,1721,0.0,1
образец,ru,1722,0.0,1
образец,ru,1723,0.0,1
образец,ru,1724,0.0,1
образец,ru,1684,0.0,1
образец,ru,1725,0.0,1
образец,ru,1727,8.329307092935778e-06,1
образец,ru,1728,0.0,1
образец,ru,1729,0.0,1
образец,ru,1730,0.0,1
образец,ru,1731,0.0,1
образец,ru,1732,0.0,1
образец,ru,1726,0.0,1
образец,ru,1750,0.0,1
образец,ru,1683,0.0,1
образец,ru,1681,0.0,1
образец,ru,1645,0.0,1
образец,ru,1644,0.0,1
образец,ru,1643,0.0,1
образец,ru,1642,0.0,1
образец,ru,1641,0.0,1
образец,ru,1640,0.0,1
образец,ru,1639,0.0,1
образец,ru,1638,0.0,1
образец,ru,1637,0.0,1
образец,ru,1636,0.0,1
образец,ru,1635,0.0,1
образец,ru,1634,0.0,1
образец,ru,1633,0.0,1
образец,ru,1632,0.0,1
образец,ru,1646,0.0,1
образец,ru,1631,0.0,1
образец,ru,1629,0.0,1
образец,ru,1628,0.0,1
образец,ru,1627,0.0,1
образец,ru,1626,0.0,1
образец,ru,1625,0.0,1
образец,ru,1624,0.0,1
образец,ru,1623,0.0,1
образец,ru,1622,0.0,1
образец,ru,1621,0.0,1
образец,ru,1620,0.0,1
образец,ru,1619,0.0,1
образец,ru,1618,0.0,1
образец,ru,1617,0.0,1
образец,ru,1616,0.0,1
образец,ru,1630,0.0,1
образец,ru,1647,0.0,1
образец,ru,1648,0.0,1
образец,ru,1649,0.0,1
образец,ru,1680,0.0,1
образец,ru,1679,0.0,1
образец,ru,1678,0.0,1
образец,ru,1677,0.0,1
образец,ru,1676,0.0,1
образец,ru,1675,0.0,1
образец,ru,1674,0.0,1
образец,ru,1673,0.0,1
образец,ru,1672,0.0,1
образец,ru,1671,0.0,1
образец,ru,1670,0.0,1
образец,ru,1669,0.0,1
образец,ru,1668,0.0,1
образец,ru,1667,0.0,1
образец,ru,1666,0.0,1
образец,ru,1665,0.0,1
образец,ru,1664,0.0,1
образец,ru,1650,2.96524722216418e-05,1
образец,ru,1651,0.0,1
образец,ru,1652,0.0,1
образец,ru,1653,0.0,1
образец,ru,1654,0.0,1
образец,ru,1655,0.0,1
образец,ru,1682,0.0,1
образец,ru,1656,0.0,1
образец,ru,1658,0.0,1
образец,ru,1659,0.0,1
образец,ru,1660,0.0,1
образец,ru,1661,0.0,1
образец,ru,1662,0.0,1
образец,ru,1663,0.0,1
образец,ru,1657,0.0,1
образец,ru,1751,0.0,1
образец,ru,1752,0.0,1
образец,ru,1753,0.0,1
образец,ru,1853,1.1529126275888757e-07,1
образец,ru,1852,0.0,1
образец,ru,1851,2.3758139811036472e-07,1
образец,ru,1850,4.0863628925080775e-08,1
образец,ru,1849,0.0,1
образец,ru,1848,2.1385234560966637e-07,1
образец,ru,1847,1.2523062764557835e-07,1
образец,ru,1846,6.624707538094299e-08,1
образец,ru,1845,2.45644685037405e-07,1
образец,ru,1844,1.9791691840964631e-07,1
образец,ru,1843,3.4256092362738855e-07,1
образец,ru,1842,3.4405239546231314e-08,1
образец,ru,1841,2.899485682661407e-07,1
образец,ru,1840,6.670535412922618e-08,1
образец,ru,1854,3.2331008981145715e-08,1
образец,ru,1839,1.232543915818951e-07,1
образец,ru,1837,1.1804086597066998e-07,1
образец,ru,1836,9.070252815490676e-08,1
образец,ru,1835,7.458478279431802e-08,1
образец,ru,1834,7.640443300260813e-08,1
образец,ru,1833,1.6331166108329853e-07,1
образец,ru,1832,3.4984982022479016e-08,1
образец,ru,1831,3.7029895594287154e-08,1
образец,ru,1830,5.209750941759239e-08,1
образец,ru,1829,3.086445872213517e-07,1
образец,ru,1828,0.0,1
образец,ru,1827,1.6155969717601693e-07,1
образец,ru,1826,6.256861695419502e-08,1
образец,ru,1825,6.278930442249475e-08,1
образец,ru,1824,5.671515523886228e-08,1
образец,ru,1838,1.268666807163754e-07,1
образец,ru,1855,3.578238150225843e-07,1
образец,ru,1856,1.1628971208210714e-07,1
образец,ru,1857,3.337625020805035e-08,1
образец,ru,1888,1.4446984764049375e-07,1
образец,ru,1887,1.0735492494973187e-08,1
образец,ru,1886,6.433586463572283e-08,1
образец,ru,1885,2.1487684520593575e-08,1
образец,ru,1884,3.7559324539415684e-08,1
образец,ru,1883,8.55831023827136e-08,1
образец,ru,1882,1.2224066381349985e-07,1
образец,ru,1881,6.76290414780567e-08,1
образец,ru,1880,1.2697249829329849e-07,1
образец,ru,1879,1.2965870821446401e-07,1
образец,ru,1878,2.156926903751355e-08,1
образец,ru,1877,7.454064654410786e-08,1
образец,ru,1876,5.0386475436425826e-08,1
образец,ru,1875,5.3407099187552376e-08,1
образец,ru,1874,3.5154940292159154e-08,1
образец,ru,1873,5.265845715030082e-08,1
образец,ru,1872,1.876033195458149e-08,1
образец,ru,1858,1.5906968098278185e-07,1
образец,ru,1859,1.4034671913520924e-07,1
образец,ru,1860,3.632105105566552e-08,1
образец,ru,1861,9.576980630754406e-08,1
образец,ru,1862,1.9380281912617647e-07,1
образец,ru,1863,3.951895806153516e-07,1
образец,ru,1823,1.163927834113565e-07,1
образец,ru,1864,8.451617361515673e-07,1
образец,ru,1866,1.893804046915193e-08,1
образец,ru,1867,6.131623564442634e-08,1
образец,ru,1868,4.387271346217858e-08,1
образец,ru,1869,1.2753635481033143e-07,1
образец,ru,1870,2.986084624012619e-08,1
образец,ru,1871,5.448298168175825e-08,1
образец,ru,1865,3.909681822733546e-08,1
образец,ru,1822,2.0061121119852032e-07,1
образец,ru,1821,0.0,1
образец,ru,1820,0.0,1
образец,ru,1784,0.0,1
образец,ru,1783,0.0,1
образец,ru,1782,0.0,1
образец,ru,1781,2.997630588197353e-07,1
образец,ru,1780,0.0,1
образец,ru,1779,0.0,1
образец,ru,1778,0.0,1
образец,ru,1777,0.0,1
образец,ru,1776,0.0,1
образец,ru,1775,0.0,1
образец,ru,1774,0.0,1
образец,ru,1773,0.0,1
образец,ru,1772,0.0,1
образец,ru,1771,0.0,1
образец,ru,1770,0.0,1
образец,ru,1769,0.0,1
образец,ru,1768,0.0,1
образец,ru,1754,0.0,1
образец,ru,1755,0.0,1
образец,ru,1756,0.0,1
образец,ru,1757,0.0,1
образец,ru,1758,0.0,1
образец,ru,1759,0.0,1
образец,ru,1785,0.0,1
образец,ru,1760,0.0,1
образец,ru,1762,0.0,1
образец,ru,1763,3.314203809168248e-07,1
образец,ru,1764,0.0,1
образец,ru,1765,0.0,1
образец,ru,1766,0.0,1
образец,ru,1767,0.0,1
образец,ru,1761,0.0,1
образец,ru,1615,0.0,1
образец,ru,1786,0.0,1
образец,ru,1788,0.0,1
образец,ru,1819,0.0,1
образец,ru,1818,1.534551330450995e-07,1
образец,ru,1817,7.029469770714059e-07,1
образец,ru,1816,6.42610388013054e-07,1
образец,ru,1815,0.0,1
образец,ru,1814,9.22001248682136e-08,1
образец,ru,1813,8.364895620616153e-08,1
образец,ru,1812,0.0,1
образец,ru,1811,1.3047421987266716e-07,1
образец,ru,1810,0.0,1
образец,ru,1809,0.0,1
образец,ru,1808,2.6127435148737277e-07,1
образец,ru,1807,5.11961218307988e-07,1
образец,ru,1806,0.0,1
образец,ru,1805,0.0,1
образец,ru,1804,0.0,1
образец,ru,1803,6.921253259406512e-08,1
образец,ru,1789,2.52761140018265e-07,1
образец,ru,1790,0.0,1
образец,ru,1791,2.1167676322875195e-07,1
образец,ru,1792,0.0,1
образец,ru,1793,1.1534267230217665e-07,1
образец,ru,1794,9.019461089110337e-08,1
образец,ru,1787,0.0,1
образец,ru,1795,0.0,1
образец,ru,1797,3.2331624311154883e-07,1
образец,ru,1798,6.43380815290584e-08,1
образец,ru,1799,0.0,1
образец,ru,1800,0.0,1
образец,ru,1801,0.0,1
образец,ru,1802,2.995072918565711e-07,1
образец,ru,1796,0.0,1
образец,ru,1614,0.0,1
образец,ru,1613,0.0,1
образец,ru,1612,0.0,1
esemplare,it,1860,1.762052155385163e-05,1
esemplare,it,1859,1.52637969321745e-05,1
esemplare,it,1858,1.524420709131391e-05,1
esemplare,it,1857,1.5960407935722287e-05,1
esemplare,it,1856,1.4325057577480038e-05,1
esemplare,it,1855,1.4017270295596518e-05,1
esemplare,it,1854,1.4369463698926666e-05,1
esemplare,it,1853,1.526958042319393e-05,1
esemplare,it,1852,1.4984629331138422e-05,1
esemplare,it,1851,1.490060265041393e-05,1
esemplare,it,1850,1.5203587928169782e-05,1
esemplare,it,1849,1.503700903882077e-05,1
esemplare,it,1848,1.6636567934824598e-05,1
esemplare,it,1847,1.5678616094305653e-05,1
esemplare,it,1861,1.7641233071685747e-05,1
esemplare,it,1846,2.2190899073848414e-05,1
esemplare,it,1844,1.3799012407389455e-05,1
esemplare,it,1843,1.3070706550877276e-05,1
esemplare,it,1842,1.4589567562950378e-05,1
esemplare,it,1841,1.3544487615035905e-05,1
esemplare,it,1840,1.7871208026321028e-05,1
esemplare,it,1839,3.246191475625437e-05,1
esemplare,it,1838,1.3038610902071923e-05,1
esemplare,it,1837,1.2868347443628636e-05,1
esemplare,it,1836,1.4695300293965374e-05,1
esemplare,it,1835,1.1614991578312583e-05,1
esemplare,it,1834,1.4391842327654558e-05,1
esemplare,it,1833,1.166941801500343e-05,1
esemplare,it,1832,1.2758629445386305e-05,1
esemplare,it,1831,1.4683665160220016e-05,1
esemplare,it,1845,1.6860829930465115e-05,1
esemplare,it,1862,1.71151220449417e-05,1
esemplare,it,1863,2.288094731284218e-05,1
esemplare,it,1864,2.2033048246328235e-05,1
esemplare,it,1895,2.5434561990778093e-05,1
esemplare,it,1894,2.6663901394385903e-05,1
esemplare,it,1893,2.217723648101355e-05,1
esemplare,it,1892,2.5275267859115047e-05,1
esemplare,it,1891,2.4903282593413678e-05,1
esemplare,it,1890,2.4481408260612625e-05,1
esemplare,it,1889,2.472566598044068e-05,1
esemplare,it,1888,3.0715209362597307e-05,1
esemplare,it,1887,2.4194594182347373e-05,1
esemplare,it,1886,2.4353260826615042e-05,1
esemplare,it,1885,2.708099632631189e-05,1
esemplare,it,1884,2.6080314029286455e-05,1
esemplare,it,1883,3.2465360391142895e-05,1
esemplare,it,1882,2.8636703284234954e-05,1
esemplare,it,1881,2.4358106379906985e-05,1
esemplare,it,1880,3.0029444936019445e-05,1
esemplare,it,1879,1.9398464260689252e-05,1
esemplare,it,1865,2.3116712611681578e-05,1
esemplare,it,1866,2.245869083594698e-05,1
esemplare,it,1867,1.8791856913225047e-05,1
esemplare,it,1868,2.0152293245701003e-05,1
esemplare,it,1869,2.0333726764576454e-05,1
esemplare,it,1870,2.142627803891628e-05,1
esemplare,it,1830,1.4983190602890772e-05,1
esemplare,it,1871,2.948092306809258e-05,1
esemplare,it,1873,2.5324590907871425e-05,1
esemplare,it,1874,2.5268688972346354e-05,1
esemplare,it,1875,2.0554466569677743e-05,1
esemplare,it,1876,2.472365909511609e-05,1
esemplare,it,1877,2.3647476297128378e-05,1
esemplare,it,1878,2.4666867084022215e-05,1
esemplare,it,1872,1.7446775736118525e-05,1
esemplare,it,1829,1.7721292147498957e-05,1
esemplare,it,1828,1.712104986739682e-05,1
esemplare,it,1827,1.7857011066269024e-05,1
esemplare,it,1791,1.3606590982817579e-05,1
esemplare,it,1790,9.469100273662434e-06,1
esemplare,it,1789,1.3622728133100281e-05,1
esemplare,it,1788,1.214327237875068e-05,1
esemplare,it,1787,2.2472469376921822e-05,1
esemplare,it,1786,1.05278233171191e-05,1
esemplare,it,1785,2.6698750609455146e-05,1
esemplare,it,1784,9.165527956156438e-06,1
esemplare,it,1783,1.1467587626157183e-05,1
esemplare,it,1782,1.2083416431885041e-05,1
esemplare,it,1781,1.0311018739272981e-05,1
esemplare,it,1780,1.343736110115401e-05,1
esemplare,it,1779,1.3757295400651515e-05,1
esemplare,it,1778,1.2252159962145015e-05,1
esemplare,it,1777,1.0556649300497156e-05,1
esemplare,it,1776,9.756628429613556e-06,1
esemplare,it,1775,8.908504945281948e-06,1
esemplare,it,1761,1.2701833483674818e-05,1
esemplare,it,1762,1.014755265060785e-05,1
esemplare,it,1763,8.802083932835103e-06,1
esemplare,it,1764,1.1222016389922373e-05,1
esemplare,it,1765,1.3023906603848445e-05,1
esemplare,it,1766,1.867206889727413e-05,1
esemplare,it,1792,1.0896695426865222e-05,1
esemplare,it,1767,2.6639686410590002e-05,1
esemplare,it,1769,9.67122157646827e-06,1
esemplare,it,1770,7.574903008844558e-06,1
esemplare,it,1771,1.2093167526927573e-05,1
esemplare,it,1772,1.4675161310151452e-05,1
esemplare,it,1773,7.254519149846317e-06,1
esemplare,it,1774,1.445103374919654e-05,1
esemplare,it,1768,1.2418393907864811e-05,1
esemplare,it,1896,2.441640485528751e-05,1
esemplare,it,1793,1.4114981862434206e-05,1
esemplare,it,1795,1.6745590341926686e-05,1
esemplare,it,1826,1.6706230709928604e-05,1
esemplare,it,1825,1.6625658588509395e-05,1
esemplare,it,1824,1.533761822258839e-05,1
esemplare,it,1823,1.5950490130478556e-05,1
esemplare,it,1822,1.7665511634845643e-05,1
esemplare,it,1821,1.7776773155731007e-05,1
esemplare,it,1820,1.2787386722834526e-05,1
esemplare,it,1819,1.896548316704383e-05,1
esemplare,it,1818,1.3258279750516522e-05,1
esemplare,it,1817,1.5387618105933143e-05,1
esemplare,it,1816,1.408297080729426e-05,1
esemplare,it,1815,1.4642092697414455e-05,1
esemplare,it,1814,1.5177939587829314e-05,1
esemplare,it,1813,3.6294706205808325e-05,1
esemplare,it,1812,2.163899209506326e-05,1
esemplare,it,1811,1.6034571274303744e-05,1
esemplare,it,1810,1.0853933924082071e-05,1
esemplare,it,1796,1.1219445482879564e-05,1
esemplare,it,1797,1.2435210592798285e-05,1
esemplare,it,1798,1.5002378063400101e-05,1
esemplare,it,1799,1.5315538639981696e-05,1
esemplare,it,1800,1.4722114542564668e-05,1
esemplare,it,1801,1.1948573387599026e-05,1
esemplare,it,1794,1.1874464169281396e-05,1
esemplare,it,1802,2.2468665648034403e-05,1
esemplare,it,1804,2.7610041115622153e-05,1
esemplare,it,1805,3.2262648581138365e-05,1
esemplare,it,1806,1.1669708783301758e-05,1
esemplare,it,1807,1.5262253366898904e-05,1
esemplare,it,1808,1.4814905455295957e-05,1
esemplare,it,1809,1.4645980371597034e-05,1
esemplare,it,1803,1.911007348098792e-05,1
образец,ru,1889,1.1480580752731839e-07,1
esemplare,it,1897,2.5697092908671948e-05,1
esemplare,it,1899,2.62873026670718e-05,1
esemplare,it,1999,3.1067420728447814e-05,1
esemplare,it,1998,3.129211249586206e-05,1
esemplare,it,1997,3.2401977691165484e-05,1
esemplare,it,1996,3.2994649586726155e-05,1
esemplare,it,1995,3.120760433716896e-05,1
esemplare,it,1994,2.8498789042430417e-05,1
esemplare,it,1993,3.0344298920681467e-05,1
esemplare,it,1992,3.089706501668843e-05,1
esemplare,it,1991,2.779213723869134e-05,1
esemplare,it,1990,3.334640172170111e-05,1
esemplare,it,1989,3.1146515937052754e-05,1
esemplare,it,1988,3.5697185467142845e-05,1
esemplare,it,1987,3.0147918764100723e-05,1
esemplare,it,1986,2.942125659899375e-05,1
esemplare,it,2000,2.898039074494818e-05,1
esemplare,it,1985,2.983947813817167e-05,1
esemplare,it,1983,2.6604416579090184e-05,1
esemplare,it,1982,3.0136659713519975e-05,1
esemplare,it,1981,3.067053291871957e-05,1
esemplare,it,1980,3.145321645092736e-05,1
esemplare,it,1979,2.8990993975241963e-05,1
esemplare,it,1978,2.8489356893146578e-05,1
esemplare,it,1977,2.7756818838042818e-05,1
esemplare,it,1976,2.8378087783664796e-05,1
esemplare,it,1975,2.984632849489799e-05,1
esemplare,it,1974,2.9046969586943305e-05,1
esemplare,it,1973,2.892469836268674e-05,1
esemplare,it,1972,2.5777471776677885e-05,1
esemplare,it,1971,2.6225516172928565e-05,1
esemplare,it,1970,2.622976333555016e-05,1
esemplare,it,1984,3.107756909415116e-05,1
esemplare,it,2001,3.309295854592165e-05,1
esemplare,it,2002,3.0706350784726055e-05,1
esemplare,it,2003,3.1636676673940656e-05,1
образец,ru,1611,0.0,1
образец,ru,1610,0.0,1
образец,ru,1609,0.0,1
образец,ru,1608,0.0,1
образец,ru,1607,0.0,1
образец,ru,1606,0.0,1
образец,ru,1605,0.0,1
образец,ru,1604,0.0,1
образец,ru,1603,0.0,1
образец,ru,1602,0.0,1
образец,ru,1601,0.0,1
образец,ru,1600,0.0,1
esemplare,it,2022,1.0966053640260043e-05,1
esemplare,it,2021,1.1169283716583323e-05,1
esemplare,it,2020,1.1659813694109289e-05,1
esemplare,it,2019,1.0818680472368669e-05,1
esemplare,it,2018,1.079239094536888e-05,1
esemplare,it,2004,3.3439499659948524e-05,1
esemplare,it,2005,3.124760294781481e-05,1
esemplare,it,2006,2.7000279899880297e-05,1
esemplare,it,2007,2.6879516667577263e-05,1
esemplare,it,2008,2.6730224792714807e-05,1
esemplare,it,2009,2.2756088998932e-05,1
esemplare,it,1969,2.3328837642111466e-05,1
esemplare,it,2010,1.5119054499024287e-05,1
esemplare,it,2012,1.2539282430168441e-05,1
esemplare,it,2013,1.2569419357788547e-05,1
esemplare,it,2014,1.2341540134741535e-05,1
esemplare,it,2015,1.2223616195683462e-05,1
esemplare,it,2016,1.1999365931103512e-05,1
esemplare,it,2017,1.1016860327117683e-05,1
esemplare,it,2011,1.2378954195924052e-05,1
esemplare,it,1968,2.245115191357172e-05,1
esemplare,it,1967,2.5417181568343494e-05,1
esemplare,it,1966,2.543308098879038e-05,1
esemplare,it,1930,2.5999838584311874e-05,1
esemplare,it,1929,2.2993485956135373e-05,1
esemplare,it,1928,2.3749481798063243e-05,1
esemplare,it,1927,2.5485499719479776e-05,1
esemplare,it,1926,2.705763475319145e-05,1
esemplare,it,1925,2.063461035106684e-05,1
esemplare,it,1924,2.5531647423804316e-05,1
esemplare,it,1923,2.426983121495141e-05,1
esemplare,it,1922,2.3839143239001714e-05,1
esemplare,it,1921,2.3848270231496826e-05,1
esemplare,it,1920,2.5252379259654845e-05,1
esemplare,it,1919,2.7114436562669653e-05,1
esemplare,it,1918,2.9398889090259672e-05,1
esemplare,it,1917,3.456349102037848e-05,1
esemplare,it,1916,2.9846110777498325e-05,1
esemplare,it,1915,2.3969375178012342e-05,1
esemplare,it,1914,2.6200208663729185e-05,1
esemplare,it,1900,2.8545838745230867e-05,1
esemplare,it,1901,2.663199542496386e-05,1
esemplare,it,1902,2.6329697249138917e-05,1
esemplare,it,1903,2.535493605648753e-05,1
esemplare,it,1904,2.7517186271808214e-05,1
esemplare,it,1905,2.830997078007158e-05,1
esemplare,it,1931,2.518356687630785e-05,1
esemplare,it,1906,2.7125771424607592e-05,1
esemplare,it,1908,2.7992826041156604e-05,1
esemplare,it,1909,2.4628276985794173e-05,1
esemplare,it,1910,2.59467065788499e-05,1
esemplare,it,1911,3.619031509316528e-05,1
esemplare,it,1912,2.8206574235412063e-05,1
esemplare,it,1913,2.7527444416364233e-05,1
esemplare,it,1907,2.6156935316379304e-05,1
esemplare,it,1898,2.2198353224922585e-05,1
esemplare,it,1932,2.1444864785280515e-05,1
esemplare,it,1934,2.300426382362275e-05,1
esemplare,it,1965,2.5160481825992065e-05,1
esemplare,it,1964,2.460971826678815e-05,1
esemplare,it,1963,2.2418486302910878e-05,1
esemplare,it,1962,2.337718487765983e-05,1
esemplare,it,1961,2.1205503880850074e-05,1
esemplare,it,1960,2.6528368394451718e-05,1
esemplare,it,1959,2.2751765570205862e-05,1
esemplare,it,1958,2.2596339526614884e-05,1
esemplare,it,1957,2.575797617510034e-05,1
esemplare,it,1956,2.4905441307510046e-05,1
esemplare,it,1955,2.1396830902631336e-05,1
esemplare,it,1954,2.8167723414185275e-05,1
esemplare,it,1953,2.6949218145944087e-05,1
esemplare,it,1952,2.2724341562252448e-05,1
esemplare,it,1951,2.5270601128113412e-05,1
esemplare,it,1950,2.1491157191633192e-05,1
esemplare,it,1949,2.384916603404008e-05,1
esemplare,it,1935,2.2809984130844896e-05,1
esemplare,it,1936,2.3052466232797997e-05,1
esemplare,it,1937,2.2955844272587456e-05,1
esemplare,it,1938,2.4892072488569283e-05,1
esemplare,it,1939,2.4647988894344053e-05,1
esemplare,it,1940,3.159827267040782e-05,1
esemplare,it,1933,2.2894215362612158e-05,1
esemplare,it,1941,2.8255291169898555e-05,1
esemplare,it,1943,3.224943657187396e-05,1
esemplare,it,1944,2.852448125167939e-05,1
esemplare,it,1945,2.4499807551592312e-05,1
esemplare,it,1946,2.390532716844973e-05,1
esemplare,it,1947,2.498125694216924e-05,1
esemplare,it,1948,2.747163536298558e-05,1
esemplare,it,1942,3.575003154310252e-05,1
esemplare,it,1760,1.585057431441328e-05,1
образец,ru,1890,4.974129774737435e-08,1
образец,ru,1892,5.704158922981151e-08,1
ejemplar,es,1846,1.409641177474441e-05,1
ejemplar,es,1845,1.5770714167473443e-05,1
ejemplar,es,1844,1.8371231412572797e-05,1
ejemplar,es,1843,1.550746176803841e-05,1
ejemplar,es,1842,1.663300884047203e-05,1
ejemplar,es,1841,1.5478937910984314e-05,1
ejemplar,es,1840,1.5004944245333718e-05,1
ejemplar,es,1839,1.5379448541352758e-05,1
ejemplar,es,1838,1.4463757139537847e-05,1
ejemplar,es,1837,1.684385244971054e-05,1
ejemplar,es,1836,3.641629590589446e-05,1
ejemplar,es,1835,2.4352065821631186e-05,1
ejemplar,es,1834,1.6397438844961698e-05,1
ejemplar,es,1833,1.527551830804441e-05,1
ejemplar,es,1847,1.2544125311819698e-05,1
ejemplar,es,1832,1.2899160992674297e-05,1
ejemplar,es,1830,1.757674923208441e-05,1
ejemplar,es,1829,1.7235690648931268e-05,1
ejemplar,es,1828,1.6335653936216943e-05,1
ejemplar,es,1827,1.0383781032352601e-05,1
ejemplar,es,1826,1.224511856889876e-05,1
ejemplar,es,1825,1.3413023289388093e-05,1
ejemplar,es,1824,1.6162806353747783e-05,1
ejemplar,es,1823,1.1747506857062717e-05,1
ejemplar,es,1822,1.2471332681229796e-05,1
ejemplar,es,1821,1.3957078962789637e-05,1
ejemplar,es,1820,1.6059634587506366e-05,1
ejemplar,es,1819,8.535135087583967e-06,1
ejemplar,es,1818,5.9753092500614e-06,1
ejemplar,es,1817,5.34282000330677e-06,1
ejemplar,es,1831,1.774585689418018e-05,1
ejemplar,es,1848,1.2203980126912484e-05,1
ejemplar,es,1849,1.3034010109436167e-05,1
ejemplar,es,1850,1.7370401323546503e-05,1
ejemplar,es,1881,2.7248283458902733e-05,1
ejemplar,es,1880,2.698611490359326e-05,1
ejemplar,es,1879,2.6474932610653923e-05,1
ejemplar,es,1878,2.3834112994336465e-05,1
ejemplar,es,1877,2.612798593304433e-05,1
ejemplar,es,1876,2.7010493511170353e-05,1
ejemplar,es,1875,2.7111349822916964e-05,1
ejemplar,es,1874,2.9673649748929165e-05,1
ejemplar,es,1873,2.3405305569212942e-05,1
ejemplar,es,1872,2.662489424665182e-05,1
ejemplar,es,1871,3.0390812526093214e-05,1
ejemplar,es,1870,2.3924470568204015e-05,1
ejemplar,es,1869,2.5988334982685046e-05,1
ejemplar,es,1868,3.117335091928908e-05,1
ejemplar,es,1867,2.287745095941318e-05,1
ejemplar,es,1866,2.260008795929025e-05,1
ejemplar,es,1865,2.8011555230023077e-05,1
ejemplar,es,1851,1.8353808378890335e-05,1
ejemplar,es,1852,2.2303328819361923e-05,1
ejemplar,es,1853,2.0692601809813027e-05,1
ejemplar,es,1854,1.8261618755843756e-05,1
ejemplar,es,1855,1.586151897470245e-05,1
ejemplar,es,1856,1.7720598179948865e-05,1
ejemplar,es,1816,4.001322537305896e-06,1
ejemplar,es,1857,2.1719713572565524e-05,1
ejemplar,es,1859,2.5693834402318316e-05,1
ejemplar,es,1860,2.839575330426669e-05,1
ejemplar,es,1861,2.4226585416897706e-05,1
ejemplar,es,1862,2.6755556604030062e-05,1
ejemplar,es,1863,2.5033812605101957e-05,1
ejemplar,es,1864,2.082894448562911e-05,1
ejemplar,es,1858,1.9438531097648593e-05,1
ejemplar,es,1882,4.582978601774812e-05,1
ejemplar,es,1815,1.3817671877802695e-06,1
ejemplar,es,1813,9.30253634123801e-08,1
ejemplar,es,1777,1.350880722839065e-07,1
ejemplar,es,1776,1.4166304254104034e-06,1
ejemplar,es,1775,2.6245952966519326e-08,1
ejemplar,es,1774,0.0,1
ejemplar,es,1773,8.492617808997238e-08,1
ejemplar,es,1772,6.533853991186334e-08,1
ejemplar,es,1771,4.333659830990655e-08,1
ejemplar,es,1770,0.0,1
ejemplar,es,1769,0.0,1
ejemplar,es,1768,1.8600518103539798e-07,1
ejemplar,es,1767,4.180154462574137e-07,1
ejemplar,es,1766,1.7815480646277138e-07,1
ejemplar,es,1765,5.889263263725297e-07,1
ejemplar,es,1764,3.346618200339435e-06,1
ejemplar,es,1778,0.0,1
ejemplar,es,1763,7.646162316632399e-07,1
ejemplar,es,1761,4.457467781548985e-07,1
ejemplar,es,1760,1.7069280744408388e-07,1
ejemplar,es,1759,0.0,1
ejemplar,es,1758,0.0,1
ejemplar,es,1757,4.625252714163253e-08,1
ejemplar,es,1756,7.059820461563504e-08,1
ejemplar,es,1755,0.0,1
ejemplar,es,1754,5.706663159799064e-07,1
ejemplar,es,1753,1.7512941496988788e-07,1
ejemplar,es,1752,0.0,1
ejemplar,es,1751,0.0,1
ejemplar,es,1750,0.0,1
ejemplar,es,1749,0.0,1
ejemplar,es,1748,3.279602367456391e-07,1
ejemplar,es,1762,1.2277176892894204e-06,1
ejemplar,es,1779,0.0,1
ejemplar,es,1780,2.3007046934253594e-07,1
ejemplar,es,1781,5.554260314966086e-05,1
ejemplar,es,1812,1.3194274970373954e-06,1
ejemplar,es,1811,8.320630513480864e-07,1
ejemplar,es,1810,1.3961349054625316e-06,1
ejemplar,es,1809,7.761420661722696e-06,1
ejemplar,es,1808,7.514044995104996e-07,1
ejemplar,es,1807,4.7287016968766693e-07,1
ejemplar,es,1806,4.7400877178915835e-07,1
ejemplar,es,1805,1.5865323277353127e-07,1
ejemplar,es,1804,2.5221703481292934e-07,1
ejemplar,es,1803,1.4869346642853998e-07,1
ejemplar,es,1802,1.3298776480041852e-07,1
ejemplar,es,1801,2.7257815204961844e-07,1
ejemplar,es,1800,2.631610330539047e-06,1
ejemplar,es,1799,7.441828131504735e-08,1
ejemplar,es,1798,6.637666416509092e-08,1
ejemplar,es,1797,0.0,1
ejemplar,es,1796,0.0,1
ejemplar,es,1782,8.888726910072364e-07,1
ejemplar,es,1783,9.425491498404881e-07,1
ejemplar,es,1784,0.0,1
ejemplar,es,1785,0.0,1
ejemplar,es,1786,1.9450890995642567e-06,1
ejemplar,es,1787,2.1651070198913658e-06,1
ejemplar,es,1814,6.528146059281426e-07,1
ejemplar,es,1788,1.0260586122967652e-06,1
ejemplar,es,1790,0.0,1
ejemplar,es,1791,1.3336743549530183e-06,1
ejemplar,es,1792,1.9198354905825e-07,1
ejemplar,es,1793,0.0,1
ejemplar,es,1794,0.0,1
ejemplar,es,1795,7.4355128276693e-08,1
ejemplar,es,1789,8.692329345194594e-08,1
ejemplar,es,1883,5.945277553109918e-05,1
ejemplar,es,1884,2.6566269724526137e-05,1
ejemplar,es,1885,2.6438511767423734e-05,1
ejemplar,es,1985,2.4496192168044217e-05,1
ejemplar,es,1984,2.3964214193483713e-05,1
ejemplar,es,1983,2.5693300528928376e-05,1
ejemplar,es,1982,2.5761214601516258e-05,1
ejemplar,es,1981,2.728101628690638e-05,1
ejemplar,es,1980,2.7110921507755847e-05,1
ejemplar,es,1979,2.6150748112740985e-05,1
ejemplar,es,1978,2.7472078329537908e-05,1
ejemplar,es,1977,2.7241011082423938e-05,1
ejemplar,es,1976,2.5930207925739523e-05,1
ejemplar,es,1975,2.5690700340419426e-05,1
ejemplar,es,1974,2.7561511274143413e-05,1
ejemplar,es,1973,2.9094977378463227e-05,1
ejemplar,es,1972,2.60320050529117e-05,1
ejemplar,es,1986,2.457495511976049e-05,1
ejemplar,es,1971,2.563284135703725e-05,1
ejemplar,es,1969,2.9691925249153428e-05,1
ejemplar,es,1968,3.092707453333787e-05,1
ejemplar,es,1967,3.363626331065461e-05,1
ejemplar,es,1966,3.142031403058354e-05,1
ejemplar,es,1965,2.8938812192791374e-05,1
ejemplar,es,1964,2.9427441404550336e-05,1
ejemplar,es,1963,2.9768022898224444e-05,1
ejemplar,es,1962,3.272788910635427e-05,1
ejemplar,es,1961,3.4375490827187605e-05,1
ejemplar,es,1960,3.505113818391692e-05,1
ejemplar,es,1959,3.584934080436142e-05,1
ejemplar,es,1958,3.365089207818528e-05,1
ejemplar,es,1957,3.7436513991906395e-05,1
ejemplar,es,1956,3.6313479256477876e-05,1
ejemplar,es,1970,2.863977061906553e-05,1
ejemplar,es,1987,2.4077966600088985e-05,1
ejemplar,es,1988,2.401137146534893e-05,1
ejemplar,es,1989,2.487472789880485e-05,1
ejemplar,es,2020,1.3257603328042933e-05,1
ejemplar,es,2019,1.447861859560362e-05,1
ejemplar,es,2018,1.5145607399347227e-05,1
ejemplar,es,2017,1.4205059990501923e-05,1
ejemplar,es,2016,1.415079319144752e-05,1
ejemplar,es,2015,1.4550579997774093e-05,1
ejemplar,es,2014,1.5707744346116215e-05,1
ejemplar,es,2013,1.4733661977572865e-05,1
ejemplar,es,2012,1.6304348996243334e-05,1
ejemplar,es,2011,1.7109930723790967e-05,1
ejemplar,es,2010,1.9655162617482347e-05,1
ejemplar,es,2009,1.983556276741183e-05,1
ejemplar,es,2008,2.0621043432811348e-05,1
ejemplar,es,2007,2.0016489713725605e-05,1
ejemplar,es,2006,2.1155473689304927e-05,1
ejemplar,es,2005,2.2164302947658143e-05,1
ejemplar,es,2004,2.0160492226750648e-05,1
ejemplar,es,1990,2.2361859038255716e-05,1
ejemplar,es,1991,2.1171721073187655e-05,1
ejemplar,es,1992,2.31797416745394e-05,1
ejemplar,es,1993,2.252069626251796e-05,1
ejemplar,es,1994,2.2112052647571545e-05,1
ejemplar,es,1995,2.9460102155098866e-05,1
ejemplar,es,1955,3.5331475942257384e-05,1
ejemplar,es,1996,2.1362725760809553e-05,1
ejemplar,es,1998,2.490265325150176e-05,1
ejemplar,es,1999,2.288941612960116e-05,1
ejemplar,es,2000,2.4041510016559187e-05,1
ejemplar,es,2001,2.161638997222326e-05,1
ejemplar,es,2002,2.3511525853336934e-05,1
ejemplar,es,2003,2.1552901387167367e-05,1
ejemplar,es,1997,2.3253518804722262e-05,1
ejemplar,es,1954,3.4791270479672676e-05,1
ejemplar,es,1953,3.818747848072235e-05,1
ejemplar,es,1952,3.937066668413536e-05,1
ejemplar,es,1916,3.3342329004426574e-05,1
ejemplar,es,1915,3.23410539095903e-05,1
ejemplar,es,1914,3.3338520296410934e-05,1
ejemplar,es,1913,3.2630204884753766e-05,1
ejemplar,es,1912,3.32537701694946e-05,1
ejemplar,es,1911,3.335269701665311e-05,1
ejemplar,es,1910,3.0815957472896116e-05,1
ejemplar,es,1909,3.475320363577339e-05,1
ejemplar,es,1908,3.100707050407436e-05,1
ejemplar,es,1907,2.508759096997437e-05,1
ejemplar,es,1906,3.0698242170501544e-05,1
ejemplar,es,1905,3.34880719492503e-05,1
ejemplar,es,1904,3.563378653836935e-05,1
ejemplar,es,1903,3.620044299168512e-05,1
ejemplar,es,1902,2.80113904409518e-05,1
ejemplar,es,1901,2.9882336633590967e-05,1
ejemplar,es,1900,2.7380817442690386e-05,1
ejemplar,es,1886,3.1482699611729004e-05,1
ejemplar,es,1887,2.8199853403521047e-05,1
ejemplar,es,1888,2.8466715960462352e-05,1
ejemplar,es,1889,2.865368909965582e-05,1
ejemplar,es,1890,2.4444661164579884e-05,1
ejemplar,es,1891,3.364758580914895e-05,1
ejemplar,es,1917,3.084125111740832e-05,1
ejemplar,es,1892,2.54220172166697e-05,1
ejemplar,es,1894,5.392872414233807e-05,1
ejemplar,es,1895,3.2907620891364786e-05,1
ejemplar,es,1896,3.1880515948046195e-05,1
ejemplar,es,1897,3.114002240067748e-05,1
ejemplar,es,1898,5.9461087175805005e-05,1
ejemplar,es,1899,2.9032848090082553e-05,1
ejemplar,es,1893,2.7800004204436846e-05,1
ejemplar,es,1747,3.6151925542071695e-07,1
ejemplar,es,1918,3.375032036956327e-05,1
ejemplar,es,1920,2.9947490531867516e-05,1
ejemplar,es,1951,3.745271652633164e-05,1
ejemplar,es,1950,4.1286394889539224e-05,1
ejemplar,es,1949,4.061320504433752e-05,1
ejemplar,es,1948,3.749741517822258e-05,1
ejemplar,es,1947,3.939734489222246e-05,1
ejemplar,es,1946,3.677376628274942e-05,1
ejemplar,es,1945,3.8016378823613195e-05,1
ejemplar,es,1944,3.5542943180644215e-05,1
ejemplar,es,1943,4.01842716541978e-05,1
ejemplar,es,1942,3.75718401528502e-05,1
ejemplar,es,1941,3.8251959267654456e-05,1
ejemplar,es,1940,3.623917200457072e-05,1
ejemplar,es,1939,3.582371601851264e-05,1
ejemplar,es,1938,3.654047577583697e-05,1
ejemplar,es,1937,3.7765020067581645e-05,1
ejemplar,es,1936,3.8001319637714914e-05,1
ejemplar,es,1935,4.181738688657788e-05,1
ejemplar,es,1921,3.3390852820502914e-05,1
ejemplar,es,1922,3.6511552423235116e-05,1
ejemplar,es,1923,4.3545894300223154e-05,1
ejemplar,es,1924,3.933499010599917e-05,1
ejemplar,es,1925,3.980355432986471e-05,1
ejemplar,es,1926,4.7638785929393634e-05,1
ejemplar,es,1919,3.2124912650033366e-05,1
ejemplar,es,1927,3.816616901985981e-05,1
ejemplar,es,1929,3.967243242186669e-05,1
ejemplar,es,1930,4.170020997662505e-05,1
ejemplar,es,1931,3.9637254985791515e-05,1
ejemplar,es,1932,3.9397699083565385e-05,1
ejemplar,es,1933,4.114691068934917e-05,1
ejemplar,es,1934,4.0382393478921585e-05,1
ejemplar,es,1928,3.6863880382043135e-05,1
ejemplar,es,1746,2.1096430558031898e-07,1
ejemplar,es,1745,1.0076574881168199e-06,1
ejemplar,es,1744,4.486652471769048e-08,1
образец,ru,1992,1.8554567578377146e-05,1
образец,ru,1991,1.91321806681799e-05,1
образец,ru,1990,1.8920875803019044e-05,1
образец,ru,1989,1.9200639414407306e-05,1
образец,ru,1988,2.0100308212533946e-05,1
образец,ru,1987,2.172899969110631e-05,1
образец,ru,1986,2.131915609737689e-05,1
образец,ru,1985,2.1435333664499012e-05,1
образец,ru,1984,2.0418135076027966e-05,1
образец,ru,1983,2.1796535257578853e-05,1
образец,ru,1982,2.1558563894075178e-05,1
образец,ru,1981,2.2294366132769028e-05,1
образец,ru,1980,2.1179187172037928e-05,1
образец,ru,1979,2.189520121120836e-05,1
образец,ru,1993,1.8081988578444452e-05,1
образец,ru,1978,2.145906393735686e-05,1
образец,ru,1976,2.273318085599385e-05,1
образец,ru,1975,2.317891979330966e-05,1
образец,ru,1974,2.345945726744958e-05,1
образец,ru,1973,2.6530792627710298e-05,1
образец,ru,1972,2.503828642019812e-05,1
образец,ru,1971,2.444109841448494e-05,1
образец,ru,1970,2.4508874012951765e-05,1
образец,ru,1969,2.7251397636263164e-05,1
образец,ru,1968,2.7028134844897522e-05,1
образец,ru,1967,2.7038180192562322e-05,1
образец,ru,1966,2.677719493249242e-05,1
образец,ru,1965,2.746433920464142e-05,1
образец,ru,1964,2.3106224169566758e-05,1
образец,ru,1963,2.6314286799333786e-05,1
образец,ru,1977,2.3794842832103313e-05,1
образец,ru,1994,1.5473426685730374e-05,1
образец,ru,1995,1.6025054911494863e-05,1
образец,ru,1996,1.648696660083715e-05,1
ejemplar,es,1604,0.0,1
ejemplar,es,1603,2.132714094216226e-08,1
ejemplar,es,1602,0.0,1
ejemplar,es,1601,5.690646531775201e-08,1
ejemplar,es,1600,4.542074805158336e-08,1
образец,ru,2022,1.1019066860740168e-05,1
образец,ru,2021,9.202874384328652e-06,1
образец,ru,2020,1.0913240330978624e-05,1
образец,ru,2019,1.0160247363444341e-05,1
образец,ru,2018,9.843747733384589e-06,1
образец,ru,2017,1.2009627795350752e-05,1
образец,ru,2016,1.3699105956277435e-05,1
образец,ru,2015,1.39601322430849e-05,1
образец,ru,2014,1.3105279350611454e-05,1
образец,ru,2013,1.196991623686472e-05,1
образец,ru,2012,1.2782148548495798e-05,1
образец,ru,2011,1.4840000318372404e-05,1
образец,ru,1997,1.5813598366776205e-05,1
образец,ru,1998,1.53624254579654e-05,1
образец,ru,1999,1.5257672231427932e-05,1
образец,ru,2000,1.3971434036363917e-05,1
образец,ru,2001,1.4449136848782018e-05,1
образец,ru,2002,1.4316598566210814e-05,1
образец,ru,1962,2.638217612549454e-05,1
образец,ru,2003,1.6316809720251513e-05,1
образец,ru,2005,1.51286180880561e-05,1
образец,ru,2006,1.5588520909659564e-05,1
образец,ru,2007,1.4563837538617008e-05,1
образец,ru,2008,1.3561695617170244e-05,1
образец,ru,2009,1.4102780966140926e-05,1
образец,ru,2010,1.3715774812794734e-05,1
образец,ru,2004,1.559732819345072e-05,1
образец,ru,1961,2.5834376522482216e-05,1
образец,ru,1960,2.8691898691590723e-05,1
образец,ru,1959,2.6575945341278384e-05,1
образец,ru,1923,1.2105770135661942e-05,1
образец,ru,1922,7.209161953625198e-06,1
образец,ru,1921,5.650718435390445e-06,1
образец,ru,1920,6.376300575539062e-06,1
образец,ru,1919,6.182214093541916e-06,1
образец,ru,1918,1.9816939129668754e-06,1
образец,ru,1917,6.959154701391412e-07,1
образец,ru,1916,2.6791993334995823e-07,1
образец,ru,1915,4.09575456217226e-07,1
образец,ru,1914,8.152355857049542e-08,1
образец,ru,1913,6.655960049783971e-08,1
образец,ru,1912,3.5499875550293325e-07,1
образец,ru,1911,5.9576683586470836e-08,1
образец,ru,1910,3.499634819714714e-07,1
образец,ru,1909,8.080461810777706e-08,1
образец,ru,1908,6.197925017659145e-08,1
образец,ru,1907,3.31677481035797e-08,1
образец,ru,1893,2.3889720424108418e-08,1
образец,ru,1894,9.441217585504091e-09,1
образец,ru,1895,4.7959076709958026e-08,1
образец,ru,1896,2.0729034710953442e-08,1
образец,ru,1897,3.833163964017672e-08,1
образец,ru,1898,1.3430252465695958e-08,1
образец,ru,1924,1.374808422838214e-05,1
образец,ru,1899,3.666469083896118e-08,1
образец,ru,1901,1.52518921936462e-08,1
образец,ru,1902,6.092877224972426e-08,1
образец,ru,1903,4.154669142053535e-08,1
образец,ru,1904,4.516068852211674e-08,1
образец,ru,1905,2.9647678090327645e-08,1
образец,ru,1906,2.4431901124444266e-07,1
образец,ru,1900,6.920075468208609e-08,1
ejemplar,es,1605,7.563775739072298e-08,1
образец,ru,1925,9.94118806829647e-06,1
образец,ru,1927,1.2488246071029607e-05,1
образец,ru,1958,2.662774334183382e-05,1
образец,ru,1957,2.4571077176460676e-05,1
образец,ru,1956,2.5638422957996454e-05,1
образец,ru,1955,2.7623246410257707e-05,1
образец,ru,1954,2.409315460027983e-05,1
образец,ru,1953,2.3471058483437446e-05,1
образец,ru,1952,2.3511949081012062e-05,1
образец,ru,1951,2.11290259031216e-05,1
образец,ru,1950,2.1783289767540737e-05,1
образец,ru,1949,2.209748434722769e-05,1
образец,ru,1948,2.44559388811183e-05,1
образец,ru,1947,2.080459488240649e-05,1
образец,ru,1946,2.589698930499651e-05,1
образец,ru,1945,2.045928690108667e-05,1
образец,ru,1944,2.3412321799476388e-05,1
образец,ru,1943,1.808505203371169e-05,1
образец,ru,1942,1.8604833035951174e-05,1
образец,ru,1928,1.4585438172787235e-05,1
образец,ru,1929,1.2936195773249892e-05,1
образец,ru,1930,1.544118148189e-05,1
образец,ru,1931,1.771583249876585e-05,1
образец,ru,1932,1.8884630531346147e-05,1
образец,ru,1933,1.734279889831214e-05,1
образец,ru,1926,1.6331522985524316e-05,1
образец,ru,1934,2.2417867665325275e-05,1
образец,ru,1936,2.375496001150168e-05,1
образец,ru,1937,2.4951907825254693e-05,1
образец,ru,1938,2.5455244589522863e-05,1
образец,ru,1939,2.4129338044076576e-05,1
образец,ru,1940,2.734033967399796e-05,1
образец,ru,1941,2.5057720748122847e-05,1
образец,ru,1935,2.11952076725197e-05,1
образец,ru,1891,1.2377414293496258e-07,1
ejemplar,es,1606,0.0,1
ejemplar,es,1608,0.0,1
ejemplar,es,1708,0.0,1
ejemplar,es,1707,0.0,1
ejemplar,es,1706,0.0,1
ejemplar,es,1705,0.0,1
ejemplar,es,1704,0.0,1
ejemplar,es,1703,0.0,1
ejemplar,es,1702,0.0,1
ejemplar,es,1701,0.0,1
ejemplar,es,1700,0.0,1
ejemplar,es,1699,0.0,1
ejemplar,es,1698,0.0,1
ejemplar,es,1697,0.0,1
ejemplar,es,1696,7.935445296425314e-07,1
ejemplar,es,1695,0.0,1
ejemplar,es,1709,0.0,1
ejemplar,es,1694,0.0,1
ejemplar,es,1692,0.0,1
ejemplar,es,1691,0.0,1
ejemplar,es,1690,4.879966652993062e-08,1
ejemplar,es,1689,1.4603986073780106e-06,1
ejemplar,es,1688,0.0,1
ejemplar,es,1687,0.0,1
ejemplar,es,1686,0.0,1
ejemplar,es,1685,0.0,1
ejemplar,es,1684,3.1956199109117733e-07,1
ejemplar,es,1683,7.233191894329138e-07,1
ejemplar,es,1682,1.778250435791051e-07,1
ejemplar,es,1681,1.3330193269212032e-06,1
ejemplar,es,1680,0.0,1
ejemplar,es,1679,0.0,1
ejemplar,es,1693,0.0,1
ejemplar,es,1710,0.0,1
ejemplar,es,1711,0.0,1
ejemplar,es,1712,0.0,1
ejemplar,es,1743,5.476147180161206e-08,1
ejemplar,es,1742,4.814195264657428e-08,1
ejemplar,es,1741,2.20847766740917e-07,1
ejemplar,es,1740,0.0,1
ejemplar,es,1739,6.338116520510084e-08,1
ejemplar,es,1738,7.069677678828157e-07,1
ejemplar,es,1737,4.4260515608129936e-07,1
ejemplar,es,1736,2.223331563300235e-08,1
ejemplar,es,1735,9.456061889068224e-07,1
ejemplar,es,1734,1.771545043993683e-07,1
ejemplar,es,1733,1.9134038211632287e-06,1
ejemplar,es,1732,5.435513372731293e-08,1
ejemplar,es,1731,4.602582492907459e-08,1
ejemplar,es,1730,0.0,1
ejemplar,es,1729,0.0,1
ejemplar,es,1728,0.0,1
ejemplar,es,1727,0.0,1
ejemplar,es,1713,0.0,1
ejemplar,es,1714,0.0,1
ejemplar,es,1715,0.0,1
ejemplar,es,1716,0.0,1
ejemplar,es,1717,0.0,1
ejemplar,es,1718,0.0,1
ejemplar,es,1678,2.275586474809188e-08,1
ejemplar,es,1719,0.0,1
ejemplar,es,1721,0.0,1
ejemplar,es,1722,0.0,1
ejemplar,es,1723,0.0,1
ejemplar,es,1724,0.0,1
ejemplar,es,1725,0.0,1
ejemplar,es,1726,0.0,1
ejemplar,es,1720,0.0,1
ejemplar,es,1677,8.16316855889454e-07,1
ejemplar,es,1676,0.0,1
ejemplar,es,1675,4.716001456017693e-08,1
ejemplar,es,1639,3.7219685111722356e-08,1
ejemplar,es,1638,9.069049724530487e-07,1
ejemplar,es,1637,0.0,1
ejemplar,es,1636,7.699863147081487e-08,1
ejemplar,es,1635,4.0885217345021374e-07,1
ejemplar,es,1634,1.5477611725600582e-07,1
ejemplar,es,1633,0.0,1
ejemplar,es,1632,0.0,1
ejemplar,es,1631,7.729212150309195e-07,1
ejemplar,es,1630,3.5657919283949013e-08,1
ejemplar,es,1629,6.444432898433661e-08,1
ejemplar,es,1628,0.0,1
ejemplar,es,1627,1.2792389725291287e-07,1
ejemplar,es,1626,9.977825499163373e-08,1
ejemplar,es,1625,0.0,1
ejemplar,es,1624,1.5567638911306858e-07,1
ejemplar,es,1623,4.781521667496236e-08,1
ejemplar,es,1609,5.500670496871862e-07,1
ejemplar,es,1610,1.466707821862201e-08,1
ejemplar,es,1611,0.0,1
ejemplar,es,1612,0.0,1
ejemplar,es,1613,0.0,1
ejemplar,es,1614,0.0,1
ejemplar,es,1640,1.5305613487726077e-07,1
ejemplar,es,1615,1.7584198985787225e-07,1
ejemplar,es,1617,1.3980732660456852e-07,1
ejemplar,es,1618,0.0,1
ejemplar,es,1619,4.823122523589518e-08,1
ejemplar,es,1620,3.21968265382111e-08,1
ejemplar,es,1621,4.972811495917995e-08,1
ejemplar,es,1622,0.0,1
ejemplar,es,1616,2.366677875897949e-08,1
ejemplar,es,1607,0.0,1
ejemplar,es,1641,6.082448749111791e-07,1
ejemplar,es,1643,0.0,1
ejemplar,es,1674,3.029580142310806e-08,1
ejemplar,es,1673,0.0,1
ejemplar,es,1672,0.0,1
ejemplar,es,1671,1.975281193722367e-06,1
ejemplar,es,1670,0.0,1
ejemplar,es,1669,4.7556329008102693e-07,1
ejemplar,es,1668,2.916289965071428e-08,1
ejemplar,es,1667,0.0,1
ejemplar,es,1666,4.2463161662453786e-06,1
ejemplar,es,1665,8.04748253813159e-07,1
ejemplar,es,1664,0.0,1
ejemplar,es,1663,0.0,1
ejemplar,es,1662,0.0,1
ejemplar,es,1661,9.491220964719105e-08,1
ejemplar,es,1660,7.615286534701227e-08,1
ejemplar,es,1659,0.0,1
ejemplar,es,1658,8.113205751669739e-08,1
ejemplar,es,1644,6.308353306394565e-08,1
ejemplar,es,1645,1.957524773388286e-06,1
ejemplar,es,1646,0.0,1
ejemplar,es,1647,0.0,1
ejemplar,es,1648,7.978660505614243e-07,1
ejemplar,es,1649,0.0,1
ejemplar,es,1642,0.0,1
ejemplar,es,1650,4.325812312799826e-07,1
ejemplar,es,1652,0.0,1
ejemplar,es,1653,0.0,1
ejemplar,es,1654,0.0,1
ejemplar,es,1655,3.8847336014669054e-08,1
ejemplar,es,1656,0.0,1
ejemplar,es,1657,9.278081591901355e-08,1
ejemplar,es,1651,0.0,1
esemplare,it,1759,1.1619792239514481e-05,1
esemplare,it,1758,1.5790567886142526e-05,1
esemplare,it,1757,1.0033704949563571e-05,1
Exemplar,de,1623,7.910055956017459e-06,1
Exemplar,de,1622,4.76411477734473e-06,1
Exemplar,de,1621,6.588480118807638e-06,1
Exemplar,de,1620,6.441998380068981e-06,1
Exemplar,de,1619,6.1161109101703914e-06,1
Exemplar,de,1618,6.047474130355113e-06,1
Exemplar,de,1617,8.072665650615818e-06,1
Exemplar,de,1616,6.2430717662209645e-06,1
Exemplar,de,1615,1.1518551559674961e-05,1
Exemplar,de,1614,7.66054733958299e-06,1
Exemplar,de,1613,5.974954774501384e-06,1
Exemplar,de,1612,6.557314975452755e-06,1
Exemplar,de,1611,1.1425248061414095e-05,1
Exemplar,de,1610,7.152715369329599e-06,1
Exemplar,de,1609,5.874463738564373e-06,1
Exemplar,de,1608,8.289265053917916e-06,1
Exemplar,de,1607,5.792351885247626e-06,1
Exemplar,de,1601,7.272133018432214e-06,1
Exemplar,de,1602,1.3343419198008633e-05,1
Exemplar,de,1603,5.088220092375195e-06,1
Exemplar,de,1604,6.232670443750976e-06,1
Exemplar,de,1605,4.1166431401507e-06,1
Exemplar,de,1606,6.450475666497368e-06,1
Exemplar,de,1600,7.697191868771824e-06,1
典范,zh,2018,1.4541958080371842e-05,1
典范,zh,2017,1.5999432434909977e-05,1
典范,zh,2016,1.7410400687367655e-05,1
典范,zh,2015,1.7886819478007965e-05,1
典范,zh,2014,1.7406395272701047e-05,1
典范,zh,2013,1.4907624063198455e-05,1
典范,zh,2012,1.4438621292356402e-05,1
典范,zh,2011,1.5279198123607785e-05,1
典范,zh,2010,1.4087117051531095e-05,1
典范,zh,2009,1.1134139640489593e-05,1
典范,zh,2008,1.1110661034763325e-05,1
典范,zh,2007,1.1100887604698073e-05,1
典范,zh,2006,9.802207387110684e-06,1
典范,zh,2005,9.45933788898401e-06,1
典范,zh,2019,1.693153171800077e-05,1
典范,zh,2004,9.279038749809843e-06,1
典范,zh,2002,8.118059668049682e-06,1
典范,zh,2001,8.541493116354104e-06,1
典范,zh,2000,8.455997885903344e-06,1
典范,zh,1999,7.404332791338675e-06,1
典范,zh,1998,7.326317245315295e-06,1
典范,zh,1997,6.854761522845365e-06,1
典范,zh,1996,6.586781637452077e-06,1
典范,zh,1995,5.747772775066551e-06,1
典范,zh,1994,6.845089501439361e-06,1
典范,zh,1993,6.117695647844812e-06,1
典范,zh,1992,5.968576260784175e-06,1
典范,zh,1991,6.325303729681764e-06,1
典范,zh,1990,5.8088994592253584e-06,1
典范,zh,1989,5.63090816285694e-06,1
典范,zh,2003,7.811508112354204e-06,1
典范,zh,2020,1.9027929738513194e-05,1
典范,zh,2021,2.06214335776167e-05,1
典范,zh,2022,1.928626443259418e-05,1
典范,zh,1988,6.123916591604939e-06,1
典范,zh,1987,6.061089607101167e-06,1
典范,zh,1986,5.3280009524314664e-06,1
典范,zh,1985,4.9919544835574925e-06,1
典范,zh,1949,1.5216232895909343e-06,1
典范,zh,1948,8.614485409452755e-07,1
典范,zh,1947,1.640205937292194e-06,1
典范,zh,1946,1.4041729627933819e-06,1
典范,zh,1945,1.5642046946595656e-06,1
典范,zh,1944,2.601648020572611e-06,1
典范,zh,1943,1.1660877135000192e-06,1
典范,zh,1942,1.8357241060584784e-06,1
典范,zh,1941,3.319962388559361e-06,1
典范,zh,1940,6.56284839806176e-07,1
典范,zh,1939,2.669432888069423e-06,1
典范,zh,1938,5.726362815039465e-07,1
典范,zh,1937,7.002922188803495e-07,1
典范,zh,1936,5.438786274680751e-07,1
典范,zh,1935,4.380605673759419e-07,1
典范,zh,1934,4.397296322622424e-07,1
典范,zh,1933,1.06582808712119e-06,1
典范,zh,1919,7.922653821879067e-07,1
典范,zh,1920,7.411513536226266e-08,1
典范,zh,1921,1.2187874176561309e-07,1
典范,zh,1922,1.2546007610581e-07,1
典范,zh,1923,1.1317179371417296e-07,1
典范,zh,1924,9.032554260102188e-08,1
典范,zh,1950,2.5926226498995675e-06,1
典范,zh,1925,2.942082062418194e-07,1
典范,zh,1927,5.221844503466855e-07,1
典范,zh,1928,2.2544973887761444e-07,1
典范,zh,1929,4.945466685057909e-07,1
典范,zh,1930,4.3446650010992016e-07,1
典范,zh,1931,5.693236744264141e-07,1
典范,zh,1932,3.9428815057362954e-07,1
典范,zh,1926,2.453567446991656e-07,1
典范,zh,1951,2.409690068816417e-06,1
典范,zh,1953,3.663056304503698e-06,1
典范,zh,1984,6.104918611526955e-06,1
典范,zh,1983,5.283148766466184e-06,1
典范,zh,1982,5.443604095489718e-06,1
典范,zh,1981,5.305084869178245e-06,1
典范,zh,1980,4.922090738546103e-06,1
典范,zh,1979,4.781299594469601e-06,1
典范,zh,1978,4.703249942394905e-06,1
典范,zh,1977,3.860532615362899e-06,1
典范,zh,1976,3.7797428831254365e-06,1
典范,zh,1975,3.2737320907472167e-06,1
典范,zh,1974,2.2791209630668163e-06,1
典范,zh,1973,1.9039393919229042e-06,1
典范,zh,1972,2.3088928173820022e-06,1
典范,zh,1971,2.0433103600225877e-06,1
典范,zh,1970,2.3747884370095562e-06,1
典范,zh,1969,2.042616870312486e-06,1
典范,zh,1968,1.1762905387513456e-06,1
典范,zh,1954,3.374810376044479e-06,1
典范,zh,1955,2.380236310273176e-06,1
典范,zh,1956,3.570045009837486e-06,1
典范,zh,1957,2.9328064101719065e-06,1
典范,zh,1958,3.786782372117159e-06,1
典范,zh,1959,3.009335614478914e-06,1
典范,zh,1952,2.9161824386392254e-06,1
典范,zh,1960,3.6382705275173066e-06,1
典范,zh,1962,2.031334815910668e-06,1
典范,zh,1963,1.879308342722652e-06,1
典范,zh,1964,1.53076132392016e-06,1
典范,zh,1965,1.6444140555904596e-06,1
典范,zh,1966,2.3858870008552913e-06,1
典范,zh,1967,1.8921388118542382e-06,1
典范,zh,1961,3.101809170402703e-06,1
Exemplar,de,1624,4.824661345992354e-06,1
Exemplar,de,1625,7.002604377248645e-06,1
Exemplar,de,1626,6.837999080744339e-06,1
Exemplar,de,1627,7.390185260192084e-06,1
Exemplar,de,2005,9.306362350081088e-06,1
Exemplar,de,2004,9.131211239576942e-06,1
Exemplar,de,2003,9.611501132766875e-06,1
Exemplar,de,2002,1.0695124242232623e-05,1
Exemplar,de,2001,1.1854114547737993e-05,1
Exemplar,de,2000,1.1293408391566118e-05,1
Exemplar,de,1999,1.1608215891634188e-05,1
Exemplar,de,1998,1.2193757122247462e-05,1
Exemplar,de,1997,1.2208354159604085e-05,1
Exemplar,de,1996,1.1633973231894856e-05,1
Exemplar,de,1995,1.1112068815322118e-05,1
Exemplar,de,1994,1.1262889810126353e-05,1
Exemplar,de,1993,1.0575017739711257e-05,1
Exemplar,de,1992,1.2462641070243308e-05,1
Exemplar,de,2006,8.846636113446493e-06,1
Exemplar,de,1991,1.1982791006559523e-05,1
Exemplar,de,1989,1.1743157450005981e-05,1
Exemplar,de,1988,1.2909242711245383e-05,1
Exemplar,de,1987,1.2533245765666834e-05,1
Exemplar,de,1986,1.2285841374470863e-05,1
Exemplar,de,1985,1.1335132739098697e-05,1
Exemplar,de,1984,1.3393971191710818e-05,1
Exemplar,de,1983,1.2212354583596152e-05,1
Exemplar,de,1982,1.131110675345326e-05,1
Exemplar,de,1981,1.1533179618439249e-05,1
Exemplar,de,1980,1.170783173165546e-05,1
Exemplar,de,1979,2.1429078930879086e-05,1
Exemplar,de,1978,1.0389200305382928e-05,1
Exemplar,de,1977,1.3476728756955936e-05,1
Exemplar,de,1976,1.1289969952699153e-05,1
Exemplar,de,1990,1.1951003849652864e-05,1
Exemplar,de,2007,8.192217510583077e-06,1
Exemplar,de,2008,8.026052668697048e-06,1
Exemplar,de,2009,6.94619694696641e-06,1
esemplare,it,1617,2.715644594530886e-06,1
esemplare,it,1616,1.865624312813452e-06,1
esemplare,it,1615,3.705682274812716e-06,1
esemplare,it,1614,3.478586137362072e-06,1
esemplare,it,1613,2.5679796493705e-06,1
esemplare,it,1612,2.4862631420319303e-06,1
esemplare,it,1611,3.703866795490285e-06,1
esemplare,it,1610,6.967956380776741e-07,1
esemplare,it,1609,4.590347707278397e-06,1
esemplare,it,1608,2.150106723775025e-06,1
esemplare,it,1607,8.446097012893006e-07,1
esemplare,it,1606,1.3739771498322284e-06,1
esemplare,it,1605,1.264774070364183e-06,1
esemplare,it,1604,1.8434461903638066e-06,1
esemplare,it,1603,7.120665159732198e-07,1
esemplare,it,1602,9.342211342300288e-07,1
esemplare,it,1601,2.2474664547189604e-06,1
Exemplar,de,2010,6.554924799395678e-06,1
Exemplar,de,2011,6.692405693620174e-06,1
Exemplar,de,2012,6.336752994329231e-06,1
Exemplar,de,2013,4.60125466439365e-06,1
Exemplar,de,2014,5.518152616623695e-06,1
Exemplar,de,2015,5.84368899314569e-06,1
Exemplar,de,1975,1.261272253394452e-05,1
Exemplar,de,2016,5.703492341524452e-06,1
Exemplar,de,2018,6.103994246942079e-06,1
Exemplar,de,2019,5.8405743388334486e-06,1
Exemplar,de,2020,6.0943251636302875e-06,1
Exemplar,de,2021,6.122879728565067e-06,1
Exemplar,de,2022,6.5223886247522955e-06,1
esemplare,it,1600,1.8836044546333142e-06,1
Exemplar,de,2017,6.1970785090181835e-06,1
Exemplar,de,1974,1.1576657898970666e-05,1
Exemplar,de,1973,1.1263649260406794e-05,1
Exemplar,de,1972,1.3381041923832271e-05,1
Exemplar,de,1936,9.203900386722808e-06,1
Exemplar,de,1935,1.0586782010602036e-05,1
Exemplar,de,1934,1.1546922011218541e-05,1
Exemplar,de,1933,1.0547009837269528e-05,1
Exemplar,de,1932,1.0369118514930165e-05,1
Exemplar,de,1931,1.1304364933018007e-05,1
Exemplar,de,1930,1.3099759146761869e-05,1
Exemplar,de,1929,1.1808865572504601e-05,1
Exemplar,de,1928,1.1999354204039747e-05,1
Exemplar,de,1927,1.0174820590513889e-05,1
Exemplar,de,1926,1.2687870222904962e-05,1
Exemplar,de,1925,1.2918682971374551e-05,1
Exemplar,de,1924,1.4408698467249792e-05,1
Exemplar,de,1923,1.4841100259843643e-05,1
Exemplar,de,1922,1.0886540884769147e-05,1
Exemplar,de,1921,1.3000329164292168e-05,1
Exemplar,de,1920,1.21148984515429e-05,1
Exemplar,de,1906,1.6118314252189236e-05,1
Exemplar,de,1907,1.7537885252494334e-05,1
Exemplar,de,1908,1.6943233319466344e-05,1
Exemplar,de,1909,1.6835008883830938e-05,1
Exemplar,de,1910,1.6753579851869205e-05,1
Exemplar,de,1911,1.7413810009414554e-05,1
Exemplar,de,1937,1.031193589717816e-05,1
Exemplar,de,1912,1.6212913799940054e-05,1
Exemplar,de,1914,1.7734413196635046e-05,1
Exemplar,de,1915,1.937909153948425e-05,1
Exemplar,de,1916,1.4899158573111748e-05,1
Exemplar,de,1917,1.5546741837013656e-05,1
Exemplar,de,1918,1.3461025061722864e-05,1
Exemplar,de,1919,1.5161383600581502e-05,1
Exemplar,de,1913,1.6489280497467007e-05,1
esemplare,it,1618,1.4813731219476267e-06,1
Exemplar,de,1938,9.402208845710192e-06,1
Exemplar,de,1940,1.0499078238801474e-05,1
Exemplar,de,1971,1.1580587098158901e-05,1
Exemplar,de,1970,1.2088191131631731e-05,1
Exemplar,de,1969,1.1239456101375112e-05,1
Exemplar,de,1968,1.3599608349013081e-05,1
Exemplar,de,1967,1.0549446028740306e-05,1
Exemplar,de,1966,1.1172176282769897e-05,1
Exemplar,de,1965,1.046684272942855e-05,1
Exemplar,de,1964,1.1232559494978034e-05,1
Exemplar,de,1963,9.225199783635674e-06,1
Exemplar,de,1962,8.541786749916014e-06,1
Exemplar,de,1961,1.0112691030350618e-05,1
Exemplar,de,1960,1.0472015057327866e-05,1
Exemplar,de,1959,1.0414816390635906e-05,1
Exemplar,de,1958,1.0713445884213968e-05,1
Exemplar,de,1957,1.1251419605340374e-05,1
Exemplar,de,1956,1.054048132465013e-05,1
Exemplar,de,1955,1.0495021545153804e-05,1
Exemplar,de,1941,9.371733839635965e-06,1
Exemplar,de,1942,1.063323369798752e-05,1
Exemplar,de,1943,8.332403493183094e-06,1
Exemplar,de,1944,8.79361258965261e-06,1
Exemplar,de,1945,8.954397175742201e-06,1
Exemplar,de,1946,7.940097731307105e-06,1
Exemplar,de,1939,9.317011553044985e-06,1
Exemplar,de,1947,1.1247719594820182e-05,1
Exemplar,de,1949,7.734924260205389e-06,1
Exemplar,de,1950,7.538666023876317e-06,1
Exemplar,de,1951,1.0050303922426451e-05,1
Exemplar,de,1952,1.0540244241852292e-05,1
Exemplar,de,1953,9.654992558338904e-06,1
Exemplar,de,1954,1.1427537036645674e-05,1
Exemplar,de,1948,9.031584811580728e-06,1
Exemplar,de,1905,1.723976981615749e-05,1
esemplare,it,1619,2.8946236714233464e-06,1
esemplare,it,1621,4.060736188193914e-06,1
esemplare,it,1721,1.4128969439752836e-05,1
esemplare,it,1720,1.168883557056688e-05,1
esemplare,it,1719,1.9902689595951983e-05,1
esemplare,it,1718,9.798756430257072e-06,1
esemplare,it,1717,9.864483004662361e-06,1
esemplare,it,1716,1.5347575754276477e-05,1
esemplare,it,1715,1.2919109906306403e-05,1
esemplare,it,1714,2.0157151084276848e-05,1
esemplare,it,1713,2.431777359834797e-05,1
esemplare,it,1712,1.3056006496370287e-05,1
esemplare,it,1711,1.5938279281257905e-05,1
esemplare,it,1710,1.2572025555712685e-05,1
esemplare,it,1709,1.3849034644408675e-05,1
esemplare,it,1708,2.0678742998825328e-05,1
esemplare,it,1722,2.3152833662720695e-05,1
esemplare,it,1707,1.3700595673071803e-05,1
esemplare,it,1705,1.504992042100639e-05,1
esemplare,it,1704,1.5368766526080435e-05,1
esemplare,it,1703,2.065999166234178e-05,1
esemplare,it,1702,1.8631095922927443e-05,1
esemplare,it,1701,1.0106287845701445e-05,1
esemplare,it,1700,1.6575575500610285e-05,1
esemplare,it,1699,1.321402032772312e-05,1
esemplare,it,1698,1.7528673936340056e-05,1
esemplare,it,1697,1.3203169046960284e-05,1
esemplare,it,1696,1.5181693697741139e-05,1
esemplare,it,1695,1.3379999714402402e-05,1
esemplare,it,1694,1.214185358122677e-05,1
esemplare,it,1693,2.5358301510181036e-05,1
esemplare,it,1692,1.2268844670870749e-05,1
esemplare,it,1706,1.3854067447027774e-05,1
esemplare,it,1723,1.1011762182988605e-05,1
esemplare,it,1724,1.1788321813810398e-05,1
esemplare,it,1725,1.7807159935046002e-05,1
esemplare,it,1756,1.580467526451912e-05,1
esemplare,it,1755,1.0824481492477389e-05,1
esemplare,it,1754,1.3304818824444453e-05,1
esemplare,it,1753,1.5802202511849828e-05,1
esemplare,it,1752,1.9195687428918973e-05,1
esemplare,it,1751,1.1551341167148621e-05,1
esemplare,it,1750,9.997639949688164e-06,1
esemplare,it,1749,1.185219780808211e-05,1
esemplare,it,1748,1.2189626417580257e-05,1
esemplare,it,1747,1.2441065236679094e-05,1
esemplare,it,1746,1.1211845560410438e-05,1
esemplare,it,1745,1.5169013060756242e-05,1
esemplare,it,1744,9.469033606990251e-06,1
esemplare,it,1743,9.17483887974413e-06,1
esemplare,it,1742,1.3860425951861544e-05,1
esemplare,it,1741,1.212280050300052e-05,1
esemplare,it,1740,9.172928116640833e-06,1
esemplare,it,1726,1.1477237990220601e-05,1
esemplare,it,1727,1.5609115692427622e-05,1
esemplare,it,1728,1.7622513041715138e-05,1
esemplare,it,1729,1.0243427308154196e-05,1
esemplare,it,1730,1.3567125733970897e-05,1
esemplare,it,1731,1.4604239993332158e-05,1
esemplare,it,1691,1.0365382593136019e-05,1
esemplare,it,1732,1.7212981219927315e-05,1
esemplare,it,1734,1.65142361083781e-05,1
esemplare,it,1735,1.007490121196497e-05,1
esemplare,it,1736,1.2257298578788323e-05,1
esemplare,it,1737,1.6508617818544735e-05,1
esemplare,it,1738,1.3065185967775506e-05,1
esemplare,it,1739,1.3421923426903959e-05,1
esemplare,it,1733,1.2468086389105792e-05,1
esemplare,it,1690,1.8258125431103167e-05,1
esemplare,it,1689,1.1519169788698491e-05,1
esemplare,it,1688,1.3560893108888195e-05,1
esemplare,it,1652,1.0872149005081155e-05,1
esemplare,it,1651,1.2105642070991962e-05,1
esemplare,it,1650,7.1630304887548846e-06,1
esemplare,it,1649,9.743268073236777e-06,1
esemplare,it,1648,7.414135311023529e-06,1
esemplare,it,1647,9.698462832830046e-06,1
esemplare,it,1646,4.228570144704236e-06,1
esemplare,it,1645,8.82079119435275e-06,1
esemplare,it,1644,6.493158970499735e-06,1
esemplare,it,1643,1.0121671273566335e-05,1
esemplare,it,1642,4.754177709287433e-06,1
esemplare,it,1641,6.2847711888025515e-06,1
esemplare,it,1640,3.5529313180404642e-06,1
esemplare,it,1639,9.514218390904716e-06,1
esemplare,it,1638,5.4877398127928245e-06,1
esemplare,it,1637,2.5588517438279723e-06,1
esemplare,it,1636,5.868630516658868e-06,1
esemplare,it,1622,3.2655925608082725e-06,1
esemplare,it,1623,2.3655163428060177e-06,1
esemplare,it,1624,3.941833632836733e-06,1
esemplare,it,1625,1.8818879325976923e-06,1
esemplare,it,1626,3.5960010222879646e-06,1
esemplare,it,1627,2.861196968240165e-06,1
esemplare,it,1653,8.330193765004879e-06,1
esemplare,it,1628,3.251175925811367e-06,1
esemplare,it,1630,5.1870087673933085e-06,1
esemplare,it,1631,7.437915428454289e-06,1
esemplare,it,1632,7.2039095897480365e-06,1
esemplare,it,1633,3.825132907309126e-06,1
esemplare,it,1634,3.434379379996244e-06,1
esemplare,it,1635,3.1124678514515836e-06,1
esemplare,it,1629,3.1261974982044194e-06,1
esemplare,it,1620,2.1547158191026483e-06,1
esemplare,it,1654,1.040782725070244e-05,1
esemplare,it,1656,8.480160126111969e-06,1
esemplare,it,1687,1.4083927737829072e-05,1
esemplare,it,1686,1.0755531491213333e-05,1
esemplare,it,1685,7.172111050834928e-06,1
esemplare,it,1684,1.2535320252027304e-05,1
esemplare,it,1683,9.285304429340613e-06,1
esemplare,it,1682,1.2479051633818017e-05,1
esemplare,it,1681,1.2584619696554e-05,1
esemplare,it,1680,1.075966294195041e-05,1
esemplare,it,1679,7.70328445121038e-06,1
esemplare,it,1678,1.3562228986074842e-05,1
esemplare,it,1677,6.599858558331562e-06,1
esemplare,it,1676,9.553426465913617e-06,1
esemplare,it,1675,9.483469234794484e-06,1
esemplare,it,1674,1.196758928578845e-05,1
esemplare,it,1673,1.0648695567994082e-05,1
esemplare,it,1672,8.155755502059492e-06,1
esemplare,it,1671,8.798884145733155e-06,1
esemplare,it,1657,6.96618553774897e-06,1
esemplare,it,1658,1.1259941075536517e-05,1
esemplare,it,1659,1.431954029840199e-05,1
esemplare,it,1660,5.784998634794647e-06,1
esemplare,it,1661,5.935814868962552e-06,1
esemplare,it,1662,8.699203164042046e-06,1
esemplare,it,1655,9.816376405069605e-06,1
esemplare,it,1663,9.723885906254282e-06,1
esemplare,it,1665,4.768249766584631e-06,1
esemplare,it,1666,6.03376378194298e-06,1
esemplare,it,1667,1.0211010506466778e-05,1
esemplare,it,1668,6.928753492729811e-06,1
esemplare,it,1669,8.861653014946569e-06,1
esemplare,it,1670,8.228674751364906e-06,1
esemplare,it,1664,8.702333680332686e-06,1
典范,zh,1917,2.8194645551593567e-07,1
Exemplar,de,1904,1.7881855796542112e-05,1
Exemplar,de,1902,1.9834858936196298e-05,1
Exemplar,de,1727,9.521214508367848e-06,1
Exemplar,de,1726,6.876094516883313e-06,1
Exemplar,de,1725,8.775098422120209e-06,1
Exemplar,de,1724,8.0424991892869e-06,1
Exemplar,de,1723,8.968546922005771e-06,1
Exemplar,de,1722,5.627110326589246e-06,1
Exemplar,de,1721,7.092003102115996e-06,1
Exemplar,de,1720,7.003736413935258e-06,1
Exemplar,de,1719,7.319511746484153e-06,1
Exemplar,de,1718,5.710312791507022e-06,1
Exemplar,de,1717,7.915516846423998e-06,1
Exemplar,de,1716,5.513941175649961e-06,1
Exemplar,de,1715,7.5184170782449655e-06,1
Exemplar,de,1714,8.624092799891514e-06,1
Exemplar,de,1728,5.773200143721624e-06,1
Exemplar,de,1713,8.943326633925608e-06,1
Exemplar,de,1711,6.31980827137113e-06,1
Exemplar,de,1710,5.714027736303251e-06,1
Exemplar,de,1709,6.269031700867345e-06,1
Exemplar,de,1708,6.315803573464507e-06,1
Exemplar,de,1707,5.1507613534340635e-06,1
Exemplar,de,1706,5.974364839289592e-06,1
Exemplar,de,1705,6.1400512603171364e-06,1
Exemplar,de,1704,4.257472738800061e-06,1
Exemplar,de,1703,5.049075724627983e-06,1
Exemplar,de,1702,4.694287554229959e-06,1
Exemplar,de,1701,4.691502510922874e-06,1
Exemplar,de,1700,6.757793698852765e-06,1
Exemplar,de,1699,5.401541557148448e-06,1
Exemplar,de,1698,5.193132722070004e-06,1
Exemplar,de,1712,6.046175354157413e-06,1
Exemplar,de,1729,8.058827233980992e-06,1
Exemplar,de,1730,9.132245509135828e-06,1
Exemplar,de,1731,6.165721174511418e-06,1
Exemplar,de,1762,4.170262400293723e-06,1
Exemplar,de,1761,5.0113411589336465e-06,1
Exemplar,de,1760,5.503315207988635e-06,1
Exemplar,de,1759,5.294921322729351e-06,1
Exemplar,de,1758,4.286641626549681e-06,1
Exemplar,de,1757,4.918117121555099e-06,1
Exemplar,de,1756,5.252944053957265e-06,1
Exemplar,de,1755,6.008232190879426e-06,1
Exemplar,de,1754,6.929591222615272e-06,1
Exemplar,de,1753,7.310557407436136e-06,1
Exemplar,de,1752,7.280046541602303e-06,1
Exemplar,de,1751,6.132010526016529e-06,1
Exemplar,de,1750,5.711710003630799e-06,1
Exemplar,de,1749,5.374445692041263e-06,1
Exemplar,de,1748,5.9003694885539915e-06,1
Exemplar,de,1747,5.786124680051685e-06,1
Exemplar,de,1746,6.798050321776827e-06,1
Exemplar,de,1732,6.990333503154034e-06,1
Exemplar,de,1733,6.386562574789423e-06,1
Exemplar,de,1734,8.213531714318378e-06,1
Exemplar,de,1735,7.109734042387572e-06,1
Exemplar,de,1736,8.158164959581882e-06,1
Exemplar,de,1737,9.867193114132533e-06,1
Exemplar,de,1697,2.8616247238488768e-06,1
Exemplar,de,1738,8.40852260353131e-06,1
Exemplar,de,1740,1.0026015115016662e-05,1
Exemplar,de,1741,7.982455713317904e-06,1
Exemplar,de,1742,7.780569944770832e-06,1
Exemplar,de,1743,7.76874225039137e-06,1
Exemplar,de,1744,8.165168127405309e-06,1
Exemplar,de,1745,6.426673415660389e-06,1
Exemplar,de,1739,7.074041718624358e-06,1
Exemplar,de,1696,5.165470327028743e-06,1
Exemplar,de,1695,6.402956046258623e-06,1
Exemplar,de,1694,3.7011959079791268e-06,1
Exemplar,de,1658,3.006795452620281e-06,1
Exemplar,de,1657,6.72146023816822e-06,1
Exemplar,de,1656,5.1754596768205374e-06,1
Exemplar,de,1655,6.1970483784534736e-06,1
Exemplar,de,1654,1.10272228539543e-05,1
Exemplar,de,1653,9.007430890051182e-06,1
Exemplar,de,1652,1.3082633643080044e-05,1
Exemplar,de,1651,7.873984714024118e-06,1
Exemplar,de,1650,9.41133399123828e-06,1
Exemplar,de,1649,1.0117982128576841e-05,1
Exemplar,de,1648,6.7290362153471506e-06,1
Exemplar,de,1647,1.1718557516360306e-05,1
Exemplar,de,1646,2.5352658354904634e-06,1
Exemplar,de,1645,6.310795640729339e-06,1
Exemplar,de,1644,4.651086385365488e-06,1
Exemplar,de,1643,6.252540401874285e-06,1
Exemplar,de,1642,5.998616771307752e-06,1
Exemplar,de,1628,8.703154833256121e-06,1
Exemplar,de,1629,1.3586711361313064e-05,1
Exemplar,de,1630,1.8464601907908218e-05,1
Exemplar,de,1631,6.673570965176623e-06,1
Exemplar,de,1632,6.296486503742926e-06,1
Exemplar,de,1633,4.491550214424933e-06,1
Exemplar,de,1659,5.479629024307542e-06,1
Exemplar,de,1634,6.845448922376818e-06,1
Exemplar,de,1636,5.420199912009593e-06,1
Exemplar,de,1637,3.84246601470295e-06,1
Exemplar,de,1638,8.496533581592303e-06,1
Exemplar,de,1639,5.045420948590618e-06,1
Exemplar,de,1640,3.7213022778814775e-06,1
Exemplar,de,1641,9.194458471029066e-06,1
Exemplar,de,1635,9.500621331426373e-06,1
Exemplar,de,1763,4.552478046093711e-06,1
Exemplar,de,1660,5.857345030335637e-06,1
Exemplar,de,1662,3.0340080741098063e-06,1
Exemplar,de,1693,4.948586536102084e-06,1
Exemplar,de,1692,8.470722278275389e-06,1
Exemplar,de,1691,5.928456914716662e-06,1
Exemplar,de,1690,4.808502865216724e-06,1
Exemplar,de,1689,3.4759063396450074e-06,1
Exemplar,de,1688,8.105030815386272e-06,1
Exemplar,de,1687,5.1587891221061e-06,1
Exemplar,de,1686,3.7420134333387978e-06,1
Exemplar,de,1685,4.722351803820857e-06,1
Exemplar,de,1684,1.0822533340615337e-05,1
Exemplar,de,1683,3.525441371721172e-06,1
Exemplar,de,1682,5.483121526594914e-06,1
Exemplar,de,1681,6.458777363604895e-06,1
Exemplar,de,1680,3.869842274184521e-06,1
Exemplar,de,1679,3.0349243473892784e-06,1
Exemplar,de,1678,4.36516467061665e-06,1
Exemplar,de,1677,4.732526576844975e-06,1
Exemplar,de,1663,5.3323631306056996e-06,1
Exemplar,de,1664,6.286623630558097e-06,1
Exemplar,de,1665,3.5193793905818893e-06,1
Exemplar,de,1666,6.612665742977697e-06,1
Exemplar,de,1667,7.251211457059981e-06,1
Exemplar,de,1668,5.9711424000852276e-06,1
Exemplar,de,1661,3.644527666324393e-06,1
Exemplar,de,1669,5.26931222566418e-06,1
Exemplar,de,1671,6.976549514092767e-06,1
Exemplar,de,1672,5.294105591246989e-06,1
Exemplar,de,1673,7.0412691570709285e-06,1
Exemplar,de,1674,6.928471293576877e-06,1
Exemplar,de,1675,5.382932897646242e-06,1
Exemplar,de,1676,5.2799454692831205e-06,1
Exemplar,de,1670,5.799719048127372e-06,1
Exemplar,de,1903,1.748360506059754e-05,1
Exemplar,de,1764,4.798998190835846e-06,1
Exemplar,de,1766,6.1981205661254535e-06,1
Exemplar,de,1866,1.3202520364075099e-05,1
Exemplar,de,1865,1.3913572362245219e-05,1
Exemplar,de,1864,1.1483559276159738e-05,1
Exemplar,de,1863,1.345308746880658e-05,1
Exemplar,de,1862,1.3039231019362774e-05,1
Exemplar,de,1861,1.2081394032747994e-05,1
Exemplar,de,1860,1.1330435242484782e-05,1
Exemplar,de,1859,1.1247524426494238e-05,1
Exemplar,de,1858,1.133462418712039e-05,1
Exemplar,de,1857,1.2153212136656322e-05,1
Exemplar,de,1856,1.3385729985770922e-05,1
Exemplar,de,1855,1.236366097789876e-05,1
Exemplar,de,1854,1.2661881021891475e-05,1
Exemplar,de,1853,1.09272902653057e-05,1
Exemplar,de,1867,1.547733695328457e-05,1
Exemplar,de,1852,1.0550522403174334e-05,1
Exemplar,de,1850,1.144027748439802e-05,1
Exemplar,de,1849,8.697535903934295e-06,1
Exemplar,de,1848,8.884356333282994e-06,1
Exemplar,de,1847,1.1649249927359051e-05,1
Exemplar,de,1846,8.941192206179949e-06,1
Exemplar,de,1845,9.547488346584032e-06,1
Exemplar,de,1844,9.713114297760228e-06,1
Exemplar,de,1843,1.144207145031828e-05,1
Exemplar,de,1842,1.01160174352799e-05,1
Exemplar,de,1841,1.0361712574624704e-05,1
Exemplar,de,1840,1.035537421500976e-05,1
Exemplar,de,1839,1.105240601328994e-05,1
Exemplar,de,1838,9.330444470379007e-06,1
Exemplar,de,1837,1.0363064859575388e-05,1
Exemplar,de,1851,1.0747187303650207e-05,1
Exemplar,de,1868,1.3335414705384352e-05,1
Exemplar,de,1869,1.4074838396438416e-05,1
Exemplar,de,1870,1.4009905015655022e-05,1
Exemplar,de,1901,1.833543229490253e-05,1
Exemplar,de,1900,1.7518590316178972e-05,1
Exemplar,de,1899,1.8498748142026233e-05,1
Exemplar,de,1898,1.680022299410666e-05,1
Exemplar,de,1897,1.6548973006569323e-05,1
Exemplar,de,1896,1.615177153924119e-05,1
Exemplar,de,1895,1.57199377639472e-05,1
Exemplar,de,1894,1.4745171648122835e-05,1
Exemplar,de,1893,1.7184792113350555e-05,1
Exemplar,de,1892,1.6225730547603234e-05,1
Exemplar,de,1891,1.5828771636861028e-05,1
Exemplar,de,1890,1.6083269315458892e-05,1
Exemplar,de,1889,1.6844233511337237e-05,1
Exemplar,de,1888,1.6323533328921336e-05,1
Exemplar,de,1887,1.696608059786886e-05,1
Exemplar,de,1886,1.726877612506783e-05,1
Exemplar,de,1885,1.6897794433479163e-05,1
Exemplar,de,1871,1.3437141477723458e-05,1
Exemplar,de,1872,1.4232511290401817e-05,1
Exemplar,de,1873,1.4931857749034272e-05,1
Exemplar,de,1874,1.3305006897779137e-05,1
Exemplar,de,1875,1.399909744748129e-05,1
Exemplar,de,1876,1.4382893837816546e-05,1
Exemplar,de,1836,1.002097397950763e-05,1
Exemplar,de,1877,1.4382129464696192e-05,1
Exemplar,de,1879,1.4902323760557223e-05,1
Exemplar,de,1880,1.639104706963046e-05,1
Exemplar,de,1881,1.585850725738247e-05,1
Exemplar,de,1882,1.652030661603021e-05,1
Exemplar,de,1883,1.7317469721778167e-05,1
Exemplar,de,1884,1.6856152957434034e-05,1
Exemplar,de,1878,1.5193829752568888e-05,1
Exemplar,de,1835,1.0462698995183928e-05,1
Exemplar,de,1834,9.849126345606862e-06,1
Exemplar,de,1833,1.114892003006851e-05,1
Exemplar,de,1797,9.228960067275693e-06,1
Exemplar,de,1796,8.948636747163619e-06,1
Exemplar,de,1795,1.0582832373984274e-05,1
Exemplar,de,1794,9.53078459531298e-06,1
Exemplar,de,1793,7.682681939513714e-06,1
Exemplar,de,1792,8.502257764053667e-06,1
Exemplar,de,1791,1.4202307085042776e-05,1
Exemplar,de,1790,9.08824935663688e-06,1
Exemplar,de,1789,1.0493579824855104e-05,1
Exemplar,de,1788,1.5321915299182365e-05,1
Exemplar,de,1787,1.0588980944081783e-05,1
Exemplar,de,1786,9.632425218342178e-06,1
Exemplar,de,1785,9.463994719904889e-06,1
Exemplar,de,1784,9.986249650317802e-06,1
Exemplar,de,1783,1.3678140128980942e-05,1
Exemplar,de,1782,1.0552894167403792e-05,1
Exemplar,de,1781,1.0721838378913162e-05,1
Exemplar,de,1767,5.145663504624309e-06,1
Exemplar,de,1768,6.10305483594864e-06,1
Exemplar,de,1769,9.40272614080584e-06,1
Exemplar,de,1770,4.695287799449943e-06,1
Exemplar,de,1771,9.264315375068222e-06,1
Exemplar,de,1772,7.152282734068649e-06,1
Exemplar,de,1798,8.296916533367948e-06,1
Exemplar,de,1773,8.855019189013547e-06,1
Exemplar,de,1775,8.852927066982375e-06,1
Exemplar,de,1776,7.342732544657338e-06,1
Exemplar,de,1777,1.3019563823490898e-05,1
Exemplar,de,1778,7.759193948686516e-06,1
Exemplar,de,1779,1.0349532516329418e-05,1
Exemplar,de,1780,8.866199976864664e-06,1
Exemplar,de,1774,1.025658738740276e-05,1
Exemplar,de,1765,6.1771496007168025e-06,1
Exemplar,de,1799,1.0547086901624425e-05,1
Exemplar,de,1801,8.69724397034588e-06,1
Exemplar,de,1832,9.687631603583213e-06,1
Exemplar,de,1831,7.632795359313604e-06,1
Exemplar,de,1830,1.0572046022616632e-05,1
Exemplar,de,1829,9.814722460532721e-06,1
Exemplar,de,1828,9.929068494507476e-06,1
Exemplar,de,1827,9.121378170107164e-06,1
Exemplar,de,1826,1.1049651241101799e-05,1
Exemplar,de,1825,1.0087936487934712e-05,1
Exemplar,de,1824,1.0895925782961058e-05,1
Exemplar,de,1823,1.2599770883525707e-05,1
Exemplar,de,1822,1.0392506951006908e-05,1
Exemplar,de,1821,9.624642999028765e-06,1
Exemplar,de,1820,1.0199531928378747e-05,1
Exemplar,de,1819,9.71469646060541e-06,1
Exemplar,de,1818,9.716611870658198e-06,1
Exemplar,de,1817,9.575911619208455e-06,1
Exemplar,de,1816,9.064091607058344e-06,1
Exemplar,de,1802,1.0387323598592957e-05,1
Exemplar,de,1803,9.62492489975375e-06,1
Exemplar,de,1804,1.0926255750387526e-05,1
Exemplar,de,1805,9.636737345886104e-06,1
Exemplar,de,1806,9.024663467194216e-06,1
Exemplar,de,1807,8.460045702207708e-06,1
Exemplar,de,1800,1.017505456957224e-05,1
Exemplar,de,1808,9.0759079609537e-06,1
Exemplar,de,1810,1.0395096584070451e-05,1
Exemplar,de,1811,9.279344663326583e-06,1
Exemplar,de,1812,9.713324118365563e-06,1
Exemplar,de,1813,8.917716542100607e-06,1
Exemplar,de,1814,9.975015061058912e-06,1
Exemplar,de,1815,9.057171155291144e-06,1
Exemplar,de,1809,9.895282120364612e-06,1
Modell,de,1811,4.436876103852683e-06,1
caso,es,2022,0.0005029563242778257,1
Modell,de,1809,3.31912222217845e-06,1
Fall,de,1818,0.00019225957411861394,1
Fall,de,1817,0.00019110970591063037,1
Fall,de,1816,0.00018106685760521657,1
Fall,de,1815,0.00018909443724623998,1
Fall,de,1814,0.00017940200104060722,1
Fall,de,1813,0.00017760688726276008,1
Fall,de,1812,0.00018092834852723172,1
Fall,de,1811,0.0001825127409524896,1
Fall,de,1810,0.000189090366079947,1
Fall,de,1809,0.00020596228383018556,1
Fall,de,1808,0.0001841388798449195,1
Fall,de,1807,0.00019489266836458796,1
Fall,de,1806,0.00018532259845205346,1
Fall,de,1805,0.00019034714241517037,1
Fall,de,1819,0.0001909765987271328,1
Fall,de,1804,0.00019074934533813703,1
Fall,de,1802,0.00019173359674162782,1
Fall,de,1801,0.00019107249870842224,1
Fall,de,1800,0.0002033612927334616,1
Fall,de,1799,0.00019489395890559535,1
Fall,de,1798,0.0001947676920401875,1
Fall,de,1797,0.00019529176243704427,1
Fall,de,1796,0.00018838424693967681,1
Fall,de,1795,0.0001918828475682144,1
Fall,de,1794,0.00019663357397803338,1
Fall,de,1793,0.00017762000218191076,1
Fall,de,1792,0.0001810156561177223,1
Fall,de,1791,0.00017228678362268823,1
Fall,de,1790,0.0001834157352380572,1
Fall,de,1789,0.00018020558366638184,1
Fall,de,1803,0.00019409975357120857,1
Fall,de,1820,0.00019406328390481065,1
Fall,de,1821,0.00020135979097724022,1
Fall,de,1822,0.00021387370222925028,1
Fall,de,1853,0.00019138470476653957,1
Fall,de,1852,0.00019791301393823346,1
Fall,de,1851,0.0001948351137728288,1
Fall,de,1850,0.0001880371196421038,1
Fall,de,1849,0.00020460829587087837,1
Fall,de,1848,0.00019783734816547494,1
Fall,de,1847,0.00019209854527502124,1
Fall,de,1846,0.00017995997945086106,1
Fall,de,1845,0.00018972330014932481,1
Fall,de,1844,0.00019297351856817357,1
Fall,de,1843,0.00020142141339363206,1
Fall,de,1842,0.00019809092709266451,1
Fall,de,1841,0.0001828629306004359,1
Fall,de,1840,0.00019107137235430116,1
Fall,de,1839,0.00020587310569997186,1
Fall,de,1838,0.00019453941454061763,1
Fall,de,1837,0.00021105941826293773,1
Fall,de,1823,0.0002058865548746347,1
Fall,de,1824,0.0002006281090884965,1
Fall,de,1825,0.00018850261610003916,1
Fall,de,1826,0.00019480487204304175,1
Fall,de,1827,0.0001739732992973586,1
Fall,de,1828,0.00018582784004195219,1
Fall,de,1788,0.00017026529693764392,1
Fall,de,1829,0.00018903455986540862,1
Fall,de,1831,0.00022591777977609695,1
Fall,de,1832,0.00020484514178376045,1
Fall,de,1833,0.00021601875354271272,1
Fall,de,1834,0.00019589849565182504,1
Fall,de,1835,0.00018903787238144787,1
Fall,de,1836,0.00019431127889202315,1
Fall,de,1830,0.00018350588463578177,1
Fall,de,1854,0.0001754337503676595,1
Fall,de,1787,0.00015711966807430144,1
Fall,de,1785,0.00015876780015222636,1
Fall,de,1749,0.00013828952043937193,1
Fall,de,1748,0.0001387470110785216,1
Fall,de,1747,0.00015015604549262207,1
Fall,de,1746,0.00015961133722508514,1
Fall,de,1745,0.00013859604302624007,1
Fall,de,1744,0.00014240887685446069,1
Fall,de,1743,0.00012254699923963663,1
Fall,de,1742,0.00013218515414337162,1
Fall,de,1741,0.00014214273541313105,1
Fall,de,1740,0.0001362164712190861,1
Fall,de,1739,0.0001463763428546372,1
Fall,de,1738,0.00014777290380330044,1
Fall,de,1737,0.00016336880798917264,1
Fall,de,1736,0.00013517280707020518,1
Fall,de,1750,0.00012010185975075416,1
Fall,de,1735,0.00014202354486769764,1
Fall,de,1733,0.0001390776999647958,1
Fall,de,1732,0.00011523391493528656,1
Fall,de,1731,0.00016340599722752813,1
Fall,de,1730,0.00012147448796895333,1
Fall,de,1729,0.0001119928765547229,1
Fall,de,1728,0.00014823579835532286,1
Fall,de,1727,0.0001879502979136305,1
Fall,de,1726,0.00012569205136969686,1
Fall,de,1725,0.00014061658112041187,1
Fall,de,1724,0.00019219739078835119,1
Fall,de,1723,0.0001864167530221117,1
Fall,de,1722,0.00012393806120813977,1
Fall,de,1721,0.00016327525190718006,1
Fall,de,1720,0.0001959188574169879,1
Fall,de,1734,0.00015321796598888326,1
Fall,de,1751,0.00014997756898083026,1
Fall,de,1752,0.00014246314042765107,1
Fall,de,1753,0.0001239995151176565,1
Fall,de,1784,0.0001558244597159586,1
Fall,de,1783,0.00016676809652871327,1
Fall,de,1782,0.0001507954057160532,1
Fall,de,1781,0.0001481744366174098,1
Fall,de,1780,0.0001428996583854314,1
Fall,de,1779,0.00013027059139858466,1
Fall,de,1778,0.0001461616066080751,1
Fall,de,1777,0.00014138010101305554,1
Fall,de,1776,0.00014451577681029448,1
Fall,de,1775,0.00013802701050735777,1
Fall,de,1774,0.0001426030503353104,1
Fall,de,1773,0.00013922592461312888,1
Fall,de,1772,0.00012907587824884104,1
Fall,de,1771,0.0001460382391087478,1
Fall,de,1770,0.00012055404579092155,1
Fall,de,1769,0.00015665325827285415,1
Fall,de,1768,0.00012780705433290684,1
Fall,de,1754,0.00010868387835216708,1
Fall,de,1755,0.00013716430748900166,1
Fall,de,1756,0.00011761743826355087,1
Fall,de,1757,0.00012289621281524887,1
Fall,de,1758,0.00012111216074117692,1
Fall,de,1759,0.0001261776724277297,1
Fall,de,1786,0.00016792304557622373,1
Fall,de,1760,0.0001158204537183849,1
Fall,de,1762,0.00011793141534077733,1
Fall,de,1763,0.00011947803432121873,1
Fall,de,1764,0.00013829488216288155,1
Fall,de,1765,0.00011470655150214171,1
Fall,de,1766,0.00012852610689151334,1
Fall,de,1767,0.000127736550894042,1
Fall,de,1761,0.0001400885275870678,1
Fall,de,1855,0.00018749088881309106,1
Fall,de,1856,0.0001898382021705558,1
Fall,de,1857,0.00018471587452850713,1
Fall,de,1957,0.0002189325669322284,1
Fall,de,1956,0.0002170030920183308,1
Fall,de,1955,0.00021495551484917996,1
Fall,de,1954,0.00022760030988422386,1
Fall,de,1953,0.000212972504371578,1
Fall,de,1952,0.00022614678420040946,1
Fall,de,1951,0.00023139450659925842,1
Fall,de,1950,0.00018995496792229005,1
Fall,de,1949,0.000192123471762784,1
Fall,de,1948,0.0002420322375797923,1
Fall,de,1947,0.00023303603906299486,1
Fall,de,1946,0.000208509728921058,1
Fall,de,1945,0.00019657739380818384,1
Fall,de,1944,0.0002432730444184017,1
Fall,de,1958,0.00021474583670055836,1
Fall,de,1943,0.00021844307363494408,1
Fall,de,1941,0.00023762268695293187,1
Fall,de,1940,0.000247027314159709,1
Fall,de,1939,0.00023797079606424631,1
Fall,de,1938,0.0002309153262345376,1
Fall,de,1937,0.00025048222602208625,1
Fall,de,1936,0.00022551449450247674,1
Fall,de,1935,0.0002404178284187708,1
Fall,de,1934,0.0002508643378504871,1
Fall,de,1933,0.00026730962081400467,1
Fall,de,1932,0.0002699134607908604,1
Fall,de,1931,0.00024926016351400904,1
Fall,de,1930,0.0002577036446211878,1
Fall,de,1929,0.0002734078014725583,1
Fall,de,1928,0.00025183426205899195,1
Fall,de,1942,0.0002272471276043575,1
Fall,de,1959,0.00021307016016142155,1
Fall,de,1960,0.0002078786045558445,1
Fall,de,1961,0.00018742329619669817,1
Fall,de,1992,0.00018480372986573457,1
Fall,de,1991,0.00019436644862480534,1
Fall,de,1990,0.0001820247421880361,1
Fall,de,1989,0.00018157886665903789,1
Fall,de,1988,0.00017706954043650303,1
Fall,de,1987,0.00017241236972154184,1
Fall,de,1986,0.0001740503336122856,1
Fall,de,1985,0.00017893349920433677,1
Fall,de,1984,0.0001792911180871215,1
Fall,de,1983,0.00017905999408340811,1
Fall,de,1982,0.0001762837105493409,1
Fall,de,1981,0.00017928313096149395,1
Fall,de,1980,0.00017646673804472268,1
Fall,de,1979,0.000166675983280129,1
Fall,de,1978,0.00019209385329976847,1
Fall,de,1977,0.00018981244836879796,1
Fall,de,1976,0.00019261269733306108,1
Fall,de,1962,0.00018123623621590923,1
Fall,de,1963,0.00018518526856325934,1
Fall,de,1964,0.0001857718205258152,1
Fall,de,1965,0.00019662720291080404,1
Fall,de,1966,0.00018363891513217823,1
Fall,de,1967,0.00017820303328619502,1
Fall,de,1927,0.00025507657633738745,1
Fall,de,1968,0.00020675868873354375,1
Fall,de,1970,0.00020531232701159752,1
Fall,de,1971,0.00020251700593276745,1
Fall,de,1972,0.00019889300579867264,1
Fall,de,1973,0.00019523416715117037,1
Fall,de,1974,0.00018924255097374498,1
Fall,de,1975,0.0001926452883836971,1
Fall,de,1969,0.00019710220996671524,1
Fall,de,1926,0.0002597247327607022,1
Fall,de,1925,0.0002621244139007217,1
Fall,de,1924,0.00027251232436498185,1
Fall,de,1888,0.00020400094800976376,1
Fall,de,1887,0.00020380231826777617,1
Fall,de,1886,0.00019896492931614773,1
Fall,de,1885,0.00019565391084697126,1
Fall,de,1884,0.00019422944374181128,1
Fall,de,1883,0.0001886209434509567,1
Fall,de,1882,0.00019294755234522398,1
Fall,de,1881,0.0001899635921858156,1
Fall,de,1880,0.0001989350945343915,1
Fall,de,1879,0.0002034360850586836,1
Fall,de,1878,0.00019268782365067239,1
Fall,de,1877,0.00018851254729757017,1
Fall,de,1876,0.0001933555559867628,1
Fall,de,1875,0.00019197045973617932,1
Fall,de,1874,0.0001911797202467369,1
Fall,de,1873,0.00018882507607997923,1
Fall,de,1872,0.00018269785781832582,1
Fall,de,1858,0.00017937496223519034,1
Fall,de,1859,0.00018480506506790562,1
Fall,de,1860,0.00018232990685662642,1
Fall,de,1861,0.0001975103087934471,1
Fall,de,1862,0.00019682799344700186,1
Fall,de,1863,0.00018510879911515232,1
Fall,de,1889,0.00021387524766325328,1
Fall,de,1864,0.0001983215559357987,1
Fall,de,1866,0.00018798208625980806,1
Fall,de,1867,0.00018155491202787033,1
Fall,de,1868,0.00018415987838871217,1
Fall,de,1869,0.00019260942276311255,1
Fall,de,1870,0.00018772241551445745,1
Fall,de,1871,0.00018528816197349585,1
Fall,de,1865,0.00019040501473277516,1
Fall,de,1719,0.00016938459234472347,1
Fall,de,1890,0.0002098843230555758,1
Fall,de,1892,0.0002173410472956494,1
Fall,de,1923,0.00028858769986328525,1
Fall,de,1922,0.00028495527673300103,1
Fall,de,1921,0.00030829693306699824,1
Fall,de,1920,0.00029120320697018087,1
Fall,de,1919,0.0002873747539986482,1
Fall,de,1918,0.0002945710636410581,1
Fall,de,1917,0.000274788391388725,1
Fall,de,1916,0.0002554823363425385,1
Fall,de,1915,0.00026443625913685764,1
Fall,de,1914,0.0002830050954116814,1
Fall,de,1913,0.00027818246746846853,1
Fall,de,1912,0.000277087809244847,1
Fall,de,1911,0.0002710374165673102,1
Fall,de,1910,0.0002698155529152757,1
Fall,de,1909,0.00026442265253834307,1
Fall,de,1908,0.00026754612079571416,1
Fall,de,1907,0.0002715457487738604,1
Fall,de,1893,0.00021046046483519376,1
Fall,de,1894,0.00020985575656595756,1
Fall,de,1895,0.0002204965736627429,1
Fall,de,1896,0.0002230072530332583,1
Fall,de,1897,0.00022639910314481426,1
Fall,de,1898,0.00023122573327150064,1
Fall,de,1891,0.00021514555087165377,1
Fall,de,1899,0.0002481849664448532,1
Fall,de,1901,0.0002716133100975071,1
Fall,de,1902,0.0002745600186528918,1
Fall,de,1903,0.00027385799425871937,1
Fall,de,1904,0.0002781979481589758,1
Fall,de,1905,0.0002781704860979062,1
Fall,de,1906,0.0002764493071367724,1
Fall,de,1900,0.0002636551429269218,1
Fall,de,1718,0.00015850313342280486,1
Fall,de,1717,0.00014634570288762916,1
Fall,de,1716,0.00016623740702925716,1
cas,fr,1964,0.0005486031412353931,1
cas,fr,1963,0.0005696405585517983,1
cas,fr,1962,0.0005832255239246464,1
cas,fr,1961,0.0005848863735988252,1
cas,fr,1960,0.0005664749480858156,1
cas,fr,1959,0.0006097527974326944,1
cas,fr,1958,0.0005835056566594887,1
cas,fr,1957,0.0005838779753690182,1
cas,fr,1956,0.0006226589692166495,1
cas,fr,1955,0.000609786595588302,1
cas,fr,1954,0.0006211944564590288,1
cas,fr,1953,0.000620159284559163,1
cas,fr,1952,0.0006642588803070781,1
cas,fr,1951,0.0006388437853477313,1
cas,fr,1965,0.00053764381408139,1
cas,fr,1950,0.0006264154294974844,1
cas,fr,1948,0.000609197921352278,1
cas,fr,1947,0.0006111765457890161,1
cas,fr,1946,0.0005904245022958499,1
cas,fr,1945,0.0005827340368913525,1
cas,fr,1944,0.0006218861287168309,1
cas,fr,1943,0.0005978464407145889,1
cas,fr,1942,0.0005943097473322112,1
cas,fr,1941,0.0005913279731046828,1
cas,fr,1940,0.0006319498574889337,1
cas,fr,1939,0.0006685025370801734,1
cas,fr,1938,0.000671677628430678,1
cas,fr,1937,0.0006611612364821884,1
cas,fr,1936,0.0006366322404000035,1
cas,fr,1935,0.0006131500705564008,1
cas,fr,1949,0.0006514291761854363,1
cas,fr,1966,0.0005553823872130326,1
cas,fr,1967,0.0005465336256046394,1
cas,fr,1968,0.0005117562574648016,1
cas,fr,1999,0.00047839233753077526,1
cas,fr,1998,0.0004769945958867927,1
cas,fr,1997,0.0004752180906678616,1
cas,fr,1996,0.0004821984956823733,1
cas,fr,1995,0.0004734407699863441,1
cas,fr,1994,0.0004678854216408901,1
cas,fr,1993,0.0004694518562781136,1
cas,fr,1992,0.0004740568221575092,1
cas,fr,1991,0.00048686747230897165,1
cas,fr,1990,0.00048493816580585936,1
cas,fr,1989,0.000495488302015179,1
cas,fr,1988,0.0004966338584967978,1
cas,fr,1987,0.0004997920272855616,1
cas,fr,1986,0.0005184910264083298,1
cas,fr,1985,0.000488798969702664,1
cas,fr,1984,0.0005079654564407177,1
cas,fr,1983,0.0005078150633259781,1
cas,fr,1969,0.0005316642891936008,1
cas,fr,1970,0.0005397573535898537,1
cas,fr,1971,0.0005440351353047657,1
cas,fr,1972,0.0005693389350381883,1
cas,fr,1973,0.0005313544292425698,1
cas,fr,1974,0.0005500562980164658,1
cas,fr,1934,0.0006302625283212127,1
cas,fr,1975,0.000544693403825125,1
cas,fr,1977,0.0005030364812524946,1
cas,fr,1978,0.0004870249865408516,1
cas,fr,1979,0.0005025219310976214,1
cas,fr,1980,0.0005013317388353755,1
cas,fr,1981,0.0005061068731446738,1
cas,fr,1982,0.0004882210625911654,1
cas,fr,1976,0.0005203938332911662,1
cas,fr,1933,0.0006138150520236252,1
cas,fr,1932,0.0005994148681227607,1
cas,fr,1931,0.0006198914945365619,1
cas,fr,1895,0.0006381767370083891,1
cas,fr,1894,0.0006398584829490073,1
cas,fr,1893,0.0006470463352000744,1
cas,fr,1892,0.0006472145625637249,1
cas,fr,1891,0.0006437409543055272,1
cas,fr,1890,0.0006156700047518782,1
cas,fr,1889,0.0005765987780345094,1
cas,fr,1888,0.0006178247639835321,1
cas,fr,1887,0.0005905021068715044,1
cas,fr,1886,0.0005421943898936687,1
cas,fr,1885,0.0005706844543740264,1
cas,fr,1884,0.0005391873486094712,1
cas,fr,1883,0.0005724504354583937,1
cas,fr,1882,0.0005155686454167974,1
cas,fr,1881,0.0005225181881083341,1
cas,fr,1880,0.00047768788801638706,1
cas,fr,1879,0.0005053718591367939,1
cas,fr,1865,0.0004482930334249735,1
cas,fr,1866,0.0004176893506784851,1
cas,fr,1867,0.00044436825436122707,1
cas,fr,1868,0.000448602920075869,1
cas,fr,1869,0.00045645758043050266,1
cas,fr,1870,0.0004333547658756931,1
cas,fr,1896,0.0006390163138632055,1
cas,fr,1871,0.000494724503251609,1
cas,fr,1873,0.00046224142312345506,1
cas,fr,1874,0.00046365494011535446,1
cas,fr,1875,0.00044701283966525063,1
cas,fr,1876,0.00047667732373835037,1
cas,fr,1877,0.0005060539759041416,1
cas,fr,1878,0.00044881089733639357,1
cas,fr,1872,0.0004833399030550467,1
cas,fr,2000,0.00047584549608947757,1
cas,fr,1897,0.0006580954508740855,1
cas,fr,1899,0.0006090951072403872,1
cas,fr,1930,0.0006501890626129381,1
cas,fr,1929,0.0006306591441875842,1
cas,fr,1928,0.0006631797505249892,1
cas,fr,1927,0.0006350428516266327,1
cas,fr,1926,0.0006497301168082448,1
cas,fr,1925,0.0006062737299004084,1
cas,fr,1924,0.0006252343052137732,1
cas,fr,1923,0.0006244707464134747,1
cas,fr,1922,0.0006714787939724465,1
cas,fr,1921,0.0006940212253141453,1
cas,fr,1920,0.000657847962558189,1
cas,fr,1919,0.000626096512120311,1
cas,fr,1918,0.0006255074845995523,1
cas,fr,1917,0.0006518962477359835,1
cas,fr,1916,0.0006585265141434427,1
cas,fr,1915,0.0006338248974060434,1
cas,fr,1914,0.0006448014557016712,1
cas,fr,1900,0.0005803171966396459,1
cas,fr,1901,0.0006176372944861064,1
cas,fr,1902,0.0006501620393899454,1
cas,fr,1903,0.0006474675086067805,1
cas,fr,1904,0.0006462242910592053,1
cas,fr,1905,0.000660778236023396,1
cas,fr,1898,0.0006732908077328181,1
cas,fr,1906,0.0006422275275990152,1
cas,fr,1908,0.0006431181069781466,1
cas,fr,1909,0.00065578060474758,1
cas,fr,1910,0.0006441559048155909,1
cas,fr,1911,0.0006222357917873289,1
cas,fr,1912,0.0006409212619239435,1
cas,fr,1913,0.0006197247337249578,1
cas,fr,1907,0.000666790728016009,1
Fall,de,1993,0.0001877262934723012,1
cas,fr,2001,0.0004883454353438177,1
cas,fr,2003,0.0005057280917419305,1
Fall,de,1680,0.00015807887757546268,1
Fall,de,1679,0.0001292621273023542,1
Fall,de,1678,0.00015832000826776493,1
Fall,de,1677,0.00016245676306425594,1
Fall,de,1676,0.00013060218589089345,1
Fall,de,1675,0.00013833503908244893,1
Fall,de,1674,0.00014047920128845703,1
Fall,de,1673,0.00016989466166705824,1
Fall,de,1672,0.00014155030839901883,1
Fall,de,1671,0.0001465292046773925,1
Fall,de,1670,0.00015712088716490769,1
Fall,de,1669,0.00017126085367635824,1
Fall,de,1668,0.00023095163851394318,1
Fall,de,1667,0.0001294506000704132,1
Fall,de,1681,0.00012418931146385148,1
Fall,de,1666,0.00016214117022173014,1
Fall,de,1664,0.00010906725401582662,1
Fall,de,1663,0.00015546222573536994,1
Fall,de,1662,0.00011481261659795905,1
Fall,de,1661,0.00012823898759961594,1
Fall,de,1660,0.00020844067694270052,1
Fall,de,1659,0.00012033926395815797,1
Fall,de,1658,9.857243178679198e-05,1
Fall,de,1657,0.00022310389613267034,1
Fall,de,1656,0.0001233128205058165,1
Fall,de,1655,0.00016660065011819825,1
Fall,de,1654,0.0001485982138547115,1
Fall,de,1653,0.00019926745881093666,1
Fall,de,1652,0.00015430267729321656,1
Fall,de,1651,0.00012217976836836897,1
Fall,de,1665,0.0001261876002107698,1
Fall,de,1682,0.0001464226788812084,1
Fall,de,1683,0.00014806853505433537,1
Fall,de,1684,0.00014551079220836982,1
Fall,de,1715,0.00017260074831426664,1
Fall,de,1714,0.0001797170067847631,1
Fall,de,1713,0.0002084740225507531,1
Fall,de,1712,0.00014580141032638494,1
Fall,de,1711,0.00012981488180230372,1
Fall,de,1710,0.0001552743018704561,1
Fall,de,1709,0.00013900291838986334,1
Fall,de,1708,0.00010676974687662266,1
Fall,de,1707,0.00015738619807947885,1
Fall,de,1706,0.0001299714981612965,1
Fall,de,1705,0.00014978182120728434,1
Fall,de,1704,0.00019220221111027058,1
Fall,de,1703,0.00013886105443816632,1
Fall,de,1702,0.00013052213073727614,1
Fall,de,1701,0.0001265656901523471,1
Fall,de,1700,0.00013609826256200108,1
Fall,de,1699,0.0001367834793200018,1
Fall,de,1685,0.00015456093329646592,1
Fall,de,1686,0.00013870572355045852,1
Fall,de,1687,0.0001517152995802462,1
Fall,de,1688,0.0001533358754386427,1
Fall,de,1689,0.00013245797345007304,1
Fall,de,1690,0.00014072627150341077,1
Fall,de,1650,0.00011088439350714907,1
Fall,de,1691,0.00013379385875467165,1
Fall,de,1693,0.00013715007766457177,1
Fall,de,1694,0.00013504397611541208,1
Fall,de,1695,0.00012220387907291297,1
Fall,de,1696,0.00013305198262969498,1
Fall,de,1697,0.00012904244067613035,1
Fall,de,1698,0.00015455491484317463,1
Fall,de,1692,0.00016303071788570378,1
Fall,de,1649,0.00012235698886797763,1
Fall,de,1648,0.0002023128909058869,1
Fall,de,1647,0.0001406699484505225,1
Fall,de,1611,0.0001538691794849001,1
Fall,de,1610,0.0001310686748183798,1
Fall,de,1609,0.000133199530992556,1
Fall,de,1608,0.00014987372940566956,1
Fall,de,1607,0.00014590807404601946,1
Fall,de,1606,0.00012951387543580495,1
Fall,de,1605,0.00011441327842476312,1
Fall,de,1604,0.00011351674038451165,1
Fall,de,1603,0.00010567228673608042,1
Fall,de,1602,0.00012064768452546559,1
Fall,de,1601,0.00015416921814903617,1
Fall,de,1600,0.00016238114039879292,1
cas,fr,2022,0.0004443370875399921,1
cas,fr,2021,0.00044137760418144767,1
cas,fr,2020,0.00045744717501916554,1
cas,fr,2019,0.00044902544475922124,1
cas,fr,2018,0.0004613807780649015,1
cas,fr,2004,0.0005071434145342835,1
cas,fr,2005,0.0005155878505038736,1
cas,fr,2006,0.0004992506016019416,1
cas,fr,2007,0.0004859765230917912,1
cas,fr,2008,0.0005003655894932346,1
cas,fr,2009,0.0005176116220307336,1
Fall,de,1612,0.00011871740207425319,1
cas,fr,2010,0.0005153910803125106,1
cas,fr,2012,0.0004999640648728487,1
cas,fr,2013,0.0004934303221470204,1
cas,fr,2014,0.0004520794616845736,1
cas,fr,2015,0.0004844413727163044,1
cas,fr,2016,0.00042822588408988893,1
cas,fr,2017,0.0004764188236937861,1
cas,fr,2011,0.000537322945617702,1
cas,fr,2002,0.0004841612923617289,1
Fall,de,1613,0.0001312456042796839,1
Fall,de,1615,0.0001551517671032343,1
Fall,de,1646,0.00013114567991578951,1
Fall,de,1645,0.00015000807258047644,1
Fall,de,1644,0.0001875780726550147,1
Fall,de,1643,0.00018007316975854337,1
Fall,de,1642,0.0002255089711979963,1
Fall,de,1641,0.0001648723429887866,1
Fall,de,1640,0.00016495705785501968,1
Fall,de,1639,0.00012584993601194583,1
Fall,de,1638,0.0001314755791099742,1
Fall,de,1637,0.00016983699606498703,1
Fall,de,1636,0.00012307686483836733,1
Fall,de,1635,0.00020373554434627295,1
Fall,de,1634,0.00016429077368229628,1
Fall,de,1633,0.00018340496171731502,1
Fall,de,1632,0.00016101015971159427,1
Fall,de,1631,0.00015375513612525538,1
Fall,de,1630,0.0001946188713191077,1
Fall,de,1616,0.00020131505152676255,1
Fall,de,1617,0.00015814796017465937,1
Fall,de,1618,0.0001729717041598633,1
Fall,de,1619,0.00012958235311089084,1
Fall,de,1620,0.00018898288544733077,1
Fall,de,1621,0.00020628979727277397,1
Fall,de,1614,0.0001487539047957398,1
Fall,de,1622,0.0001663470102357678,1
Fall,de,1624,0.00014593791274819523,1
Fall,de,1625,0.0001868550170911476,1
Fall,de,1626,0.0001600913528818637,1
Fall,de,1627,0.00020608059276128188,1
Fall,de,1628,0.00013215551007306203,1
Fall,de,1629,0.0001723631939967163,1
Fall,de,1623,0.00018738043581834063,1
cas,fr,1864,0.0004189860490148578,1
Fall,de,1994,0.000184902359668504,1
Fall,de,1996,0.0001814369228549384,1
caso,it,1950,0.0005245545419505504,1
caso,it,1949,0.0005537061802109999,1
caso,it,1948,0.0005546831870226754,1
caso,it,1947,0.0005888569113250419,1
caso,it,1946,0.0006828937255627388,1
caso,it,1945,0.00048538455246038836,1
caso,it,1944,0.000577317517973519,1
caso,it,1943,0.0006695315543145952,1
caso,it,1942,0.0006521801010421768,1
caso,it,1941,0.0006066811684428686,1
caso,it,1940,0.0006496453591964269,1
caso,it,1939,0.0005998650263343563,1
caso,it,1938,0.0006150726649869487,1
caso,it,1937,0.0006154373711981798,1
caso,it,1951,0.0005121824758687055,1
caso,it,1936,0.0006483559839551845,1
caso,it,1934,0.0006584610730711038,1
caso,it,1933,0.0006409887837435235,1
caso,it,1932,0.0006291888844520699,1
caso,it,1931,0.0006339909329347027,1
caso,it,1930,0.0006196462812113612,1
caso,it,1929,0.000574422056362156,1
caso,it,1928,0.0005969583023668346,1
caso,it,1927,0.0006019694316623525,1
caso,it,1926,0.0006012858832988854,1
caso,it,1925,0.000575704476623029,1
caso,it,1924,0.0005729614563447782,1
caso,it,1923,0.0006286549229763683,1
caso,it,1922,0.0006105346459006622,1
caso,it,1921,0.0005983641026334752,1
caso,it,1935,0.0006536206495084684,1
caso,it,1952,0.0006040983302160186,1
caso,it,1953,0.0005876950215930599,1
caso,it,1954,0.0005326970994619096,1
caso,it,1985,0.0005193354440261588,1
caso,it,1984,0.000535771457355172,1
caso,it,1983,0.0004984050679694985,1
caso,it,1982,0.0005357078863572617,1
caso,it,1981,0.0005442212894632981,1
caso,it,1980,0.0005436799600326836,1
caso,it,1979,0.0005017092447427984,1
caso,it,1978,0.0005201976738542502,1
caso,it,1977,0.0005093320535820567,1
caso,it,1976,0.0004905291931602829,1
caso,it,1975,0.0004940651134899277,1
caso,it,1974,0.0005104126010335719,1
caso,it,1973,0.0005205129482805937,1
caso,it,1972,0.0004951055735298304,1
caso,it,1971,0.00046055708166137244,1
caso,it,1970,0.0004954643041203965,1
caso,it,1969,0.0004569727217158537,1
caso,it,1955,0.0005583525263403999,1
caso,it,1956,0.0005404779798983128,1
caso,it,1957,0.0005649432891474682,1
caso,it,1958,0.0006308296096282362,1
caso,it,1959,0.0005586081153303724,1
caso,it,1960,0.0005157330794649528,1
caso,it,1920,0.000611353068255216,1
caso,it,1961,0.0004992310365525832,1
caso,it,1963,0.0005390845543129519,1
caso,it,1964,0.0005065221929676511,1
caso,it,1965,0.0004984147059161614,1
caso,it,1966,0.0004771753052081884,1
caso,it,1967,0.0005087302309328967,1
caso,it,1968,0.0004745817233239302,1
caso,it,1962,0.0005534971460103844,1
caso,it,1986,0.0005275265512234562,1
caso,it,1919,0.0005919935717577651,1
caso,it,1917,0.0006318805376177572,1
caso,it,1881,0.0004830953319769904,1
caso,it,1880,0.0005022931836826672,1
caso,it,1879,0.000416015924679769,1
caso,it,1878,0.00043906273035632104,1
caso,it,1877,0.0005076311860656713,1
caso,it,1876,0.00047517046879241853,1
caso,it,1875,0.00046087796853067076,1
caso,it,1874,0.0005192985964797003,1
caso,it,1873,0.000501928268811902,1
caso,it,1872,0.00046931940438565967,1
caso,it,1871,0.0005016061817924022,1
caso,it,1870,0.0005061400517756276,1
caso,it,1869,0.00039024080898286684,1
caso,it,1868,0.000479749717865241,1
caso,it,1882,0.0004974049546058179,1
caso,it,1867,0.0004553989802946745,1
caso,it,1865,0.0004437208786769453,1
caso,it,1864,0.0004117527185871772,1
caso,it,1863,0.0004369306085916236,1
caso,it,1862,0.00045669099907663657,1
caso,it,1861,0.00037673606471289034,1
caso,it,1860,0.0004389470185559574,1
caso,it,1859,0.00042845449084527587,1
caso,it,1858,0.00042500346906915176,1
caso,it,1857,0.0003742669692297085,1
caso,it,1856,0.0004441968788526651,1
caso,it,1855,0.000485214878081619,1
caso,it,1854,0.0004289750272035153,1
caso,it,1853,0.00044551869381947995,1
caso,it,1852,0.00041238666074927544,1
caso,it,1866,0.0005784933559311867,1
caso,it,1883,0.0005347616512616504,1
caso,it,1884,0.0006012083152899805,1
caso,it,1885,0.0005460084769750573,1
caso,it,1916,0.0006368310516298159,1
caso,it,1915,0.0006456970404644657,1
caso,it,1914,0.0006216818486144415,1
caso,it,1913,0.0006324446593111155,1
caso,it,1912,0.0005779210369958321,1
caso,it,1911,0.000600844754530705,1
caso,it,1910,0.0006256771015937801,1
caso,it,1909,0.0006429818321855851,1
caso,it,1908,0.0006313235338650802,1
caso,it,1907,0.0005860768268126648,1
caso,it,1906,0.0006405178301349679,1
caso,it,1905,0.0006378753305771312,1
caso,it,1904,0.0006432774440252587,1
caso,it,1903,0.000581484637600882,1
caso,it,1902,0.0006283795853541108,1
caso,it,1901,0.0006040235426234553,1
caso,it,1900,0.0005524192507602166,1
caso,it,1886,0.0005074081878346792,1
caso,it,1887,0.0004976317166789368,1
caso,it,1888,0.0005769452324277946,1
caso,it,1889,0.0005073342570911521,1
caso,it,1890,0.000538202577766711,1
caso,it,1891,0.000552792702991356,1
caso,it,1918,0.0006067726404670459,1
caso,it,1892,0.0005772195625146637,1
caso,it,1894,0.0005625011998691143,1
caso,it,1895,0.0006370966313546944,1
caso,it,1896,0.0005881279520001392,1
caso,it,1897,0.0006124993957641323,1
caso,it,1898,0.0006065029456134852,1
caso,it,1899,0.0006200342960660521,1
caso,it,1893,0.0005854372767482019,1
caso,it,1987,0.0005572642617723833,1
caso,it,1988,0.0005390352142371491,1
caso,it,1989,0.0005471273164765478,1
случай,ru,1666,0.0,1
случай,ru,1665,0.0,1
случай,ru,1664,0.0,1
случай,ru,1663,0.0,1
случай,ru,1662,0.0,1
случай,ru,1661,0.0,1
случай,ru,1660,0.0,1
случай,ru,1659,0.0,1
случай,ru,1658,6.250130536500365e-05,1
случай,ru,1657,0.0,1
случай,ru,1656,0.0,1
случай,ru,1655,0.0,1
случай,ru,1654,0.0,1
случай,ru,1653,0.0,1
случай,ru,1667,0.0,1
случай,ru,1652,0.0,1
случай,ru,1650,0.0,1
случай,ru,1649,2.179147668357473e-05,1
случай,ru,1648,0.0,1
случай,ru,1647,0.0,1
случай,ru,1646,0.0,1
случай,ru,1645,0.0,1
случай,ru,1644,0.0,1
случай,ru,1643,0.0,1
случай,ru,1642,0.0,1
случай,ru,1641,0.0,1
случай,ru,1640,0.0,1
случай,ru,1639,0.0,1
случай,ru,1638,0.0,1
случай,ru,1637,0.0,1
случай,ru,1651,0.0,1
случай,ru,1668,0.0,1
случай,ru,1669,0.0,1
случай,ru,1670,0.0,1
случай,ru,1701,8.816631452646106e-05,1
случай,ru,1700,0.0,1
случай,ru,1699,0.0,1
случай,ru,1698,0.0,1
случай,ru,1697,0.0,1
случай,ru,1696,0.0,1
случай,ru,1695,0.0,1
случай,ru,1694,0.0,1
случай,ru,1693,0.0,1
случай,ru,1692,2.2929820261197165e-05,1
случай,ru,1691,0.0,1
случай,ru,1690,0.0,1
случай,ru,1689,0.0,1
случай,ru,1688,0.0,1
случай,ru,1687,0.0,1
случай,ru,1686,0.0,1
случай,ru,1685,0.0,1
случай,ru,1671,0.0,1
случай,ru,1672,0.0,1
случай,ru,1673,0.0,1
случай,ru,1674,0.0,1
случай,ru,1675,0.0,1
случай,ru,1676,0.0,1
случай,ru,1636,0.0,1
случай,ru,1677,0.0,1
случай,ru,1679,0.0,1
случай,ru,1680,0.0,1
случай,ru,1681,0.0,1
случай,ru,1682,0.0,1
случай,ru,1683,0.0,1
случай,ru,1684,0.0,1
случай,ru,1678,0.0,1
случай,ru,1635,0.0,1
случай,ru,1634,0.0,1
случай,ru,1633,0.0,1
caso,it,2020,0.0006087426664782014,1
caso,it,2019,0.0005429033049051957,1
caso,it,2018,0.0005290050066981689,1
caso,it,2017,0.0006044737550204293,1
caso,it,2016,0.0006217449746852011,1
caso,it,2015,0.0006383413165333973,1
caso,it,2014,0.0006546333474732879,1
caso,it,2013,0.0006955370544349249,1
caso,it,2012,0.0008280250188557603,1
caso,it,2011,0.0009111740236470434,1
caso,it,2010,0.0008113813133934222,1
caso,it,2009,0.000813192174113464,1
caso,it,2008,0.0007747067283517817,1
caso,it,2007,0.000710997338948971,1
caso,it,2006,0.0006590815427198748,1
caso,it,2005,0.0005364136441848855,1
caso,it,2004,0.0005447248826135898,1
caso,it,1990,0.000550219826089271,1
caso,it,1991,0.0005088741213530312,1
caso,it,1992,0.0005404036787772792,1
caso,it,1993,0.0005315113722526021,1
caso,it,1994,0.0005289642367902747,1
caso,it,1995,0.0005215452097677709,1
caso,it,2021,0.0005682830816711171,1
caso,it,1996,0.0005541859072980548,1
caso,it,1998,0.0005246905028025717,1
caso,it,1999,0.0005234435516675573,1
caso,it,2000,0.0005171004119959299,1
caso,it,2001,0.0005455202335296061,1
caso,it,2002,0.0005108710218015844,1
caso,it,2003,0.0005101061868248991,1
caso,it,1997,0.0005446427164486067,1
caso,it,1851,0.0004184688401664971,1
caso,it,2022,0.0006062939875181583,1
случай,ru,1601,0.0,1
случай,ru,1632,0.0,1
случай,ru,1631,0.0,1
случай,ru,1630,0.0,1
случай,ru,1629,0.0,1
случай,ru,1628,6.950236274860799e-05,1
случай,ru,1627,0.0,1
случай,ru,1626,0.0,1
случай,ru,1625,0.0,1
случай,ru,1624,0.0,1
случай,ru,1623,0.0,1
случай,ru,1622,0.0,1
случай,ru,1621,0.0,1
случай,ru,1620,0.0,1
случай,ru,1619,0.0,1
случай,ru,1618,0.0,1
случай,ru,1617,8.814894681563601e-05,1
случай,ru,1616,0.0,1
случай,ru,1602,0.0,1
случай,ru,1603,0.0,1
случай,ru,1604,0.0,1
случай,ru,1605,0.0,1
случай,ru,1606,0.0,1
случай,ru,1607,0.0,1
случай,ru,1600,0.0,1
случай,ru,1608,0.0,1
случай,ru,1610,0.0,1
случай,ru,1611,0.0,1
случай,ru,1612,0.0,1
случай,ru,1613,0.0,1
случай,ru,1614,0.0,1
случай,ru,1615,0.0,1
случай,ru,1609,1.9555120161385275e-05,1
caso,it,1850,0.00045100724281565974,1
caso,it,1849,0.00039839149998988077,1
caso,it,1848,0.0003642424783114606,1
caso,it,1673,0.00042080165805202796,1
caso,it,1672,0.00014086967691184782,1
caso,it,1671,0.00014582857296829843,1
caso,it,1670,0.0001333113742276737,1
caso,it,1669,0.00013113644823370407,1
caso,it,1668,0.0001729434234531979,1
caso,it,1667,0.00022141559286481538,1
caso,it,1666,0.00010925653878679498,1
caso,it,1665,0.0001295029041870066,1
caso,it,1664,0.00014589090330208165,1
caso,it,1663,0.0001258435744269093,1
caso,it,1662,0.0001640257667077094,1
caso,it,1661,0.00014782202162066937,1
caso,it,1660,0.00013638684237271548,1
caso,it,1674,0.00017668541456927755,1
caso,it,1659,0.00015195322641403664,1
caso,it,1657,0.00016576593375816628,1
caso,it,1656,0.00017057606586590168,1
caso,it,1655,0.00021659972912857484,1
caso,it,1654,0.0001431694409266271,1
caso,it,1653,0.00012838618134303204,1
caso,it,1652,0.00017681810541603227,1
caso,it,1651,0.00016335815755752492,1
caso,it,1650,0.0001267724390316971,1
caso,it,1649,0.00015431928652276383,1
caso,it,1648,0.00014554193640137214,1
caso,it,1647,0.00020701159659797241,1
caso,it,1646,0.00016852808342804337,1
caso,it,1645,0.00018427978795898525,1
caso,it,1644,0.0002228538475854691,1
caso,it,1658,0.00018035960368045778,1
caso,it,1675,0.00017828266182284835,1
caso,it,1676,0.0001681649959692777,1
caso,it,1677,0.00018122578773827058,1
caso,it,1708,0.00019193717911036856,1
caso,it,1707,0.00021648603726376336,1
caso,it,1706,0.000133965610270792,1
caso,it,1705,0.0001659074530948601,1
caso,it,1704,0.00014732742613432492,1
caso,it,1703,9.449155746921178e-05,1
caso,it,1702,0.00012845280424045313,1
caso,it,1701,0.00016642737215200043,1
caso,it,1700,0.00021571268818831868,1
caso,it,1699,0.0001747479122968798,1
caso,it,1698,0.00015923583807619934,1
caso,it,1697,0.00020401104558231964,1
caso,it,1696,0.00016113159927044762,1
caso,it,1695,0.0001699228347575854,1
caso,it,1694,0.0001309179500097457,1
caso,it,1693,0.00014220154741195756,1
caso,it,1692,0.00017270538774027955,1
caso,it,1678,0.00013845635256259925,1
caso,it,1679,0.00020343931789135183,1
caso,it,1680,0.00015132748487278747,1
caso,it,1681,0.0002121018652019302,1
caso,it,1682,0.00014694472965892658,1
caso,it,1683,0.00010420175269132415,1
caso,it,1643,0.00016742931687474538,1
caso,it,1684,0.00014594693847058693,1
caso,it,1686,0.00019628056712406305,1
caso,it,1687,0.0001736235342235659,1
caso,it,1688,0.00015151320643802535,1
caso,it,1689,0.0001517585968002777,1
caso,it,1690,0.00019008999989367226,1
caso,it,1691,0.00012759125146999395,1
caso,it,1685,0.0001361315215699932,1
caso,it,1642,0.00016769112724546176,1
caso,it,1641,0.00011434483752736924,1
caso,it,1640,0.00014486791061329996,1
caso,it,1604,0.0001415874107806303,1
caso,it,1603,0.00023288049169423175,1
caso,it,1602,0.0001526165405492108,1
caso,it,1601,0.00016984142328269058,1
caso,it,1600,0.00018719440543257804,1
Fall,de,2022,0.00025662418271993337,1
Fall,de,2021,0.00028032069765646095,1
Fall,de,2020,0.00028900159759878696,1
Fall,de,2019,0.0002839899384451533,1
Fall,de,2018,0.00028338970342123293,1
Fall,de,2017,0.00026743508764359714,1
Fall,de,2016,0.0002705495339796471,1
Fall,de,2015,0.00027269781298538964,1
Fall,de,2014,0.00028033480752195916,1
Fall,de,2013,0.00035401276355752354,1
Fall,de,2012,0.00027580449020803144,1
Fall,de,2011,0.0002966410531032304,1
Fall,de,1997,0.0001972179216522818,1
Fall,de,1998,0.0001986556709141496,1
Fall,de,1999,0.00020751230863425008,1
Fall,de,2000,0.00021043703353307297,1
Fall,de,2001,0.00021649387505817685,1
Fall,de,2002,0.0002185352172716648,1
caso,it,1605,0.00014148077757170086,1
Fall,de,2003,0.00022647350215354578,1
Fall,de,2005,0.00024807125898829163,1
Fall,de,2006,0.00026406459900840673,1
Fall,de,2007,0.00027783074287413,1
Fall,de,2008,0.0002750929798895907,1
Fall,de,2009,0.0002815296826973457,1
Fall,de,2010,0.00029281338601722107,1
Fall,de,2004,0.00023885520261046622,1
caso,it,1709,0.00022055777647267405,1
caso,it,1606,0.0002112971393515295,1
caso,it,1608,0.00013731528156313288,1
caso,it,1639,0.0001782125719813621,1
caso,it,1638,0.00012963490449635628,1
caso,it,1637,0.00015885351578504014,1
caso,it,1636,0.00016723881310554134,1
caso,it,1635,0.00018828175407037406,1
caso,it,1634,0.00016720917845702843,1
caso,it,1633,0.00012446394040921405,1
caso,it,1632,0.00014236537265333027,1
caso,it,1631,0.00017124914560895377,1
caso,it,1630,0.00013964817371459048,1
caso,it,1629,0.000145534906881295,1
caso,it,1628,0.0001434418842904961,1
caso,it,1627,0.00014620072066051648,1
caso,it,1626,0.000174368847410733,1
caso,it,1625,0.00015504964554224898,1
caso,it,1624,0.00017742943263421296,1
caso,it,1623,0.0001566367970466942,1
caso,it,1609,0.00021913548071950117,1
caso,it,1610,0.00015267742563196407,1
caso,it,1611,0.00015317979617179844,1
caso,it,1612,0.00013159082369895714,1
caso,it,1613,0.00014577763898770968,1
caso,it,1614,0.00018311633349554768,1
caso,it,1607,0.00014661431346141285,1
caso,it,1615,0.0001324378660712,1
caso,it,1617,0.00017563997076308624,1
caso,it,1618,0.00012171658649151595,1
caso,it,1619,0.00016762929971392282,1
caso,it,1620,0.00015778139548672243,1
caso,it,1621,0.000393049801516554,1
caso,it,1622,0.00018336396317408798,1
caso,it,1616,0.0001434171862193523,1
Fall,de,1995,0.0001759234158060785,1
caso,it,1710,0.00016888479653864863,1
caso,it,1712,0.00016470654900757609,1
caso,it,1812,0.0003039734933807381,1
caso,it,1811,0.0003287839359966682,1
caso,it,1810,0.00040575577188572964,1
caso,it,1809,0.0004299457224661296,1
caso,it,1808,0.00035238514219759765,1
caso,it,1807,0.00034911561950679015,1
caso,it,1806,0.00028131430017097614,1
caso,it,1805,0.0002724004496350574,1
caso,it,1804,0.00032896308771235283,1
caso,it,1803,0.00031213120907747083,1
caso,it,1802,0.00033348634629248863,1
caso,it,1801,0.0003167047526595468,1
caso,it,1800,0.00030170378298777223,1
caso,it,1799,0.00037724496753988035,1
caso,it,1813,0.0003542859735787829,1
caso,it,1798,0.0003776884563571059,1
caso,it,1796,0.00015064963950806032,1
caso,it,1795,0.00018426639965873903,1
caso,it,1794,0.0002765068455801156,1
caso,it,1793,0.00021966950664520368,1
caso,it,1792,0.00021356286167417693,1
caso,it,1791,0.00016169140953792294,1
caso,it,1790,0.0002103563121291785,1
caso,it,1789,0.0002261730102404158,1
caso,it,1788,0.00024119497770414,1
caso,it,1787,0.00020780962838173878,1
caso,it,1786,0.00026629401252620255,1
caso,it,1785,0.0002172276444625254,1
caso,it,1784,0.00019782989659233863,1
caso,it,1783,0.00019398712637030968,1
caso,it,1797,0.00030709786656935023,1
caso,it,1814,0.0003090367864615473,1
caso,it,1815,0.00042173889428909206,1
caso,it,1816,0.000352452884445853,1
caso,it,1847,0.00038314239672487815,1
caso,it,1846,0.0003661281080908907,1
caso,it,1845,0.0003897506106189663,1
caso,it,1844,0.00042207943893579625,1
caso,it,1843,0.0004281557813552439,1
caso,it,1842,0.0004167507248702407,1
caso,it,1841,0.00041634204126328456,1
caso,it,1840,0.00034476304159625215,1
caso,it,1839,0.0003549056429354991,1
caso,it,1838,0.00032119287102005956,1
caso,it,1837,0.00038938891279194365,1
caso,it,1836,0.0003509508295405084,1
caso,it,1835,0.0003449931689307739,1
caso,it,1834,0.0002867935582113734,1
caso,it,1833,0.0003105450060303383,1
caso,it,1832,0.0003467662763023682,1
caso,it,1831,0.00033441708004122717,1
caso,it,1817,0.0003061170843237093,1
caso,it,1818,0.00033890253359913913,1
caso,it,1819,0.00039793309854552206,1
caso,it,1820,0.00031571861886892094,1
caso,it,1821,0.000303883288813811,1
caso,it,1822,0.0002824792872271331,1
caso,it,1782,0.0002526747343578606,1
caso,it,1823,0.00029566888565879523,1
caso,it,1825,0.00028084492143420903,1
caso,it,1826,0.0002676930482437001,1
caso,it,1827,0.0002859517436961667,1
caso,it,1828,0.00029896468056023195,1
caso,it,1829,0.0002722291489305473,1
caso,it,1830,0.00028616721735330586,1
caso,it,1824,0.0002991198633601755,1
caso,it,1781,0.00020627724789434865,1
caso,it,1780,0.00018824140243545173,1
caso,it,1779,0.00015446497931925762,1
caso,it,1743,0.00020559750356063944,1
caso,it,1742,0.00016738908789193374,1
caso,it,1741,0.0001608733431339715,1
caso,it,1740,0.0002680065483886551,1
caso,it,1739,0.00019514037729706502,1
caso,it,1738,0.00020791276961418248,1
caso,it,1737,0.0001961909128809225,1
caso,it,1736,0.00015309366747473518,1
caso,it,1735,0.00014179299564709424,1
caso,it,1734,0.00018569540640100968,1
caso,it,1733,0.00022418902570109367,1
caso,it,1732,0.00018681423057387292,1
caso,it,1731,0.00016750231034023955,1
caso,it,1730,0.00013360552051189245,1
caso,it,1729,0.00021495314757302708,1
caso,it,1728,0.00017206179779449826,1
caso,it,1727,0.0001315106896981888,1
caso,it,1713,0.00016687832847495088,1
caso,it,1714,0.00020399957368510968,1
caso,it,1715,0.00018305894319681215,1
caso,it,1716,0.00017464095962793635,1
caso,it,1717,0.00018634754457025338,1
caso,it,1718,0.0001493895260438194,1
caso,it,1744,0.00014128218406384008,1
caso,it,1719,0.00019854970163635244,1
caso,it,1721,0.00019136595848578963,1
caso,it,1722,0.0001502812253022512,1
caso,it,1723,0.00017757131197626563,1
caso,it,1724,0.00016837500296063013,1
caso,it,1725,0.00016397804111534242,1
caso,it,1726,0.0001740403866676843,1
caso,it,1720,0.00019056252725135892,1
caso,it,1711,0.00018530499268898382,1
caso,it,1745,0.00020443879255083175,1
caso,it,1747,0.00014010218654547657,1
caso,it,1778,0.00019272340272102895,1
caso,it,1777,0.00017661127919410546,1
caso,it,1776,0.00020423101577371483,1
caso,it,1775,0.0002545145569836649,1
caso,it,1774,0.00021114735470462165,1
caso,it,1773,0.0002244968183369167,1
caso,it,1772,0.00019421379686157536,1
caso,it,1771,0.00019874401032637934,1
caso,it,1770,0.000209174543488011,1
caso,it,1769,0.0001945336748363502,1
caso,it,1768,0.00021670374412963156,1
caso,it,1767,0.00017924144644609896,1
caso,it,1766,0.00020892765289204362,1
caso,it,1765,0.000245226642164198,1
caso,it,1764,0.0002261602887223546,1
caso,it,1763,0.00016698295949879594,1
caso,it,1762,0.00016838747300340628,1
caso,it,1748,0.0002105782522789923,1
caso,it,1749,0.00019125409921372238,1
caso,it,1750,0.00022130253321250848,1
caso,it,1751,0.0001790457836179371,1
caso,it,1752,0.00015457910913241335,1
caso,it,1753,0.00019574115898635114,1
caso,it,1746,0.00015954921140348688,1
caso,it,1754,0.0001705899370065822,1
caso,it,1756,0.00016671723196282073,1
caso,it,1757,0.0001971397751496795,1
caso,it,1758,0.00018771245595416985,1
caso,it,1759,0.00018384874537957785,1
caso,it,1760,0.00019085497210014069,1
caso,it,1761,0.00021025551135522846,1
caso,it,1755,0.00016716949101436285,1
cas,fr,1863,0.00043248851968891167,1
cas,fr,1862,0.0004203454885045588,1
cas,fr,1861,0.0004483278220635545,1
case,en,1976,0.0004079336437007204,1
case,en,1975,0.0004082499395189551,1
case,en,1974,0.00040837341422275686,1
case,en,1973,0.00040521232478946123,1
case,en,1972,0.00039512413172151234,1
case,en,1971,0.000417560846104649,1
case,en,1970,0.0004048251169215186,1
case,en,1969,0.0004135658989739971,1
case,en,1968,0.00041763128140356875,1
case,en,1967,0.00039141628740523016,1
case,en,1966,0.00041113917070826483,1
case,en,1965,0.000400765819560861,1
case,en,1964,0.000419497048474847,1
case,en,1963,0.000391521331246078,1
case,en,1977,0.0004055005727204297,1
case,en,1962,0.0004147049820012322,1
case,en,1960,0.00040667680524840433,1
case,en,1959,0.0004134390797598253,1
case,en,1958,0.00042101319238654206,1
case,en,1957,0.0004207159123299012,1
case,en,1956,0.00039760790439584415,1
case,en,1955,0.0004140127307367958,1
case,en,1954,0.00040945534598832434,1
case,en,1953,0.00041438018804030446,1
case,en,1952,0.0004077833516856408,1
case,en,1951,0.0004210033044516545,1
case,en,1950,0.00040438917554852516,1
case,en,1949,0.0004232289332419814,1
case,en,1948,0.0004355409652060799,1
case,en,1947,0.0004173731660567781,1
case,en,1961,0.00040027822491391085,1
case,en,1978,0.00040913975398291016,1
case,en,1979,0.00041607864429230035,1
case,en,1980,0.0004196752295723104,1
case,en,2011,0.000400398807376412,1
case,en,2010,0.0004127240348722472,1
case,en,2009,0.0004302476095491281,1
case,en,2008,0.0004413422471803985,1
case,en,2007,0.0004307950904626767,1
case,en,2006,0.0004324105196007316,1
case,en,2005,0.00042770129363350895,1
case,en,2004,0.00042674213811053074,1
case,en,2003,0.0004286078522021744,1
case,en,2002,0.00042414419723059427,1
case,en,2001,0.0004199598819149067,1
case,en,2000,0.00042276600346531634,1
case,en,1999,0.00042772890028598687,1
case,en,1998,0.0004246423983399472,1
case,en,1997,0.0004212697395729048,1
case,en,1996,0.0004145136411244574,1
case,en,1995,0.00041447385189197217,1
case,en,1981,0.000424956170897578,1
case,en,1982,0.00041487260779197316,1
case,en,1983,0.000400870280644533,1
case,en,1984,0.0004313321034006626,1
case,en,1985,0.0004212347614654943,1
case,en,1986,0.0004244674746320398,1
case,en,1946,0.00042709519545049146,1
case,en,1987,0.00044029959233073124,1
case,en,1989,0.00043516046538975145,1
case,en,1990,0.0004268417640005892,1
case,en,1991,0.00044197911881262153,1
case,en,1992,0.0004245990815312656,1
case,en,1993,0.00039914129920522873,1
case,en,1994,0.00042198441531433525,1
case,en,1988,0.0004340283724060326,1
case,en,2012,0.00042473209005056134,1
case,en,1945,0.00042572045716891826,1
case,en,1943,0.0004249326997920466,1
case,en,1907,0.0005885473081611997,1
case,en,1906,0.0005898466942438341,1
case,en,1905,0.0006134017657727503,1
case,en,1904,0.0005938451392706046,1
case,en,1903,0.0005793230310808112,1
case,en,1902,0.0005801475582544735,1
case,en,1901,0.0005939187289648595,1
case,en,1900,0.0005477288499580318,1
case,en,1899,0.0005629349772201531,1
case,en,1898,0.0006166223169967594,1
case,en,1897,0.0005779713664077896,1
case,en,1896,0.0006071575352760705,1
case,en,1895,0.0006088059309569543,1
case,en,1894,0.0006104281201707584,1
case,en,1908,0.00060646186026031,1
case,en,1893,0.0005877994275392817,1
case,en,1891,0.000580207306174127,1
case,en,1890,0.0005763113396592412,1
case,en,1889,0.0005756195387493501,1
case,en,1888,0.0006046574458878906,1
case,en,1887,0.0006316282736471002,1
case,en,1886,0.0006171330220597904,1
case,en,1885,0.0005900545829717885,1
case,en,1884,0.0006042329510174693,1
case,en,1883,0.0005837711398622436,1
case,en,1882,0.0006001713181831292,1
case,en,1881,0.0005517579378500059,1
case,en,1880,0.0005538539690912447,1
case,en,1879,0.0005543897272824727,1
case,en,1878,0.0005511819418602126,1
case,en,1892,0.0005963914672630216,1
case,en,1909,0.0005967406252182506,1
case,en,1910,0.0006017788963021131,1
case,en,1911,0.0005956343395153857,1
case,en,1942,0.00042510302987702753,1
case,en,1941,0.00045075349650844365,1
case,en,1940,0.0004624487719153414,1
case,en,1939,0.00048259634763306303,1
case,en,1938,0.0004575505917407824,1
case,en,1937,0.0004509770069462682,1
case,en,1936,0.0005115019461853013,1
case,en,1935,0.00047811547129922305,1
case,en,1934,0.0004855503307270581,1
case,en,1933,0.00047754929860172046,1
case,en,1932,0.00048531528789150236,1
case,en,1931,0.0004683370766181416,1
case,en,1930,0.0004746387347901726,1
case,en,1929,0.0004809679217214341,1
case,en,1928,0.0004872635459134411,1
case,en,1927,0.000492710371874025,1
case,en,1926,0.0005246261240466621,1
case,en,1912,0.0006192678998657719,1
case,en,1913,0.0005739512133174432,1
case,en,1914,0.0005892748459642161,1
case,en,1915,0.000605339667040683,1
case,en,1916,0.0005805433782544653,1
case,en,1917,0.0005639887246273317,1
case,en,1944,0.0004131869431131391,1
case,en,1918,0.0005572851313009261,1
case,en,1920,0.0005405130468412109,1
case,en,1921,0.0005427619517132803,1
case,en,1922,0.0005399964570706461,1
case,en,1923,0.0005122815252915774,1
case,en,1924,0.0005221516674783766,1
case,en,1925,0.0005038213003752956,1
case,en,1919,0.0005319882797238176,1
case,en,2013,0.00042308494001486174,1
case,en,2014,0.00038997692876119316,1
case,en,2015,0.0003949379547600884,1
案件,zh,1692,0.0,1
案件,zh,1691,0.0,1
案件,zh,1690,0.0,1
案件,zh,1689,0.0,1
案件,zh,1688,0.0,1
案件,zh,1687,0.0,1
案件,zh,1686,0.0,1
案件,zh,1685,3.212103081295936e-07,1
案件,zh,1684,0.0,1
案件,zh,1683,0.0,1
案件,zh,1682,0.0,1
案件,zh,1681,0.0,1
案件,zh,1680,0.0,1
案件,zh,1679,1.2067937404935947e-06,1
案件,zh,1693,0.0,1
案件,zh,1678,0.0,1
案件,zh,1676,0.0,1
案件,zh,1675,0.0,1
案件,zh,1674,0.0,1
案件,zh,1673,0.0,1
案件,zh,1672,1.0918783033275758e-07,1
案件,zh,1671,0.0,1
案件,zh,1670,0.0,1
案件,zh,1669,0.0,1
案件,zh,1668,0.0,1
案件,zh,1667,0.0,1
案件,zh,1666,0.0,1
案件,zh,1665,0.0,1
案件,zh,1664,0.0,1
案件,zh,1663,6.8164931690262165e-06,1
案件,zh,1677,0.0,1
案件,zh,1694,2.0369959656818537e-06,1
案件,zh,1695,0.0,1
案件,zh,1696,0.0,1
案件,zh,1727,2.023041218990329e-07,1
案件,zh,1726,0.0,1
案件,zh,1725,0.0,1
案件,zh,1724,0.0,1
案件,zh,1723,0.0,1
案件,zh,1722,0.0,1
案件,zh,1721,0.0,1
案件,zh,1720,0.0,1
案件,zh,1719,0.0,1
案件,zh,1718,0.0,1
案件,zh,1717,0.0,1
案件,zh,1716,5.981206641081371e-07,1
案件,zh,1715,0.0,1
案件,zh,1714,0.0,1
案件,zh,1713,0.0,1
案件,zh,1712,0.0,1
案件,zh,1711,2.988425649164128e-07,1
案件,zh,1697,4.2726040305751667e-07,1
案件,zh,1698,0.0,1
案件,zh,1699,0.0,1
案件,zh,1700,0.0,1
案件,zh,1701,0.0,1
案件,zh,1702,0.0,1
案件,zh,1662,0.0,1
案件,zh,1703,0.0,1
案件,zh,1705,0.0,1
案件,zh,1706,0.0,1
案件,zh,1707,3.0347163715305214e-07,1
案件,zh,1708,0.0,1
案件,zh,1709,0.0,1
案件,zh,1710,2.489620953838312e-07,1
案件,zh,1704,0.0,1
案件,zh,1661,0.0,1
案件,zh,1660,0.0,1
案件,zh,1659,0.0,1
案件,zh,1623,0.0,1
案件,zh,1622,0.0,1
案件,zh,1621,0.0,1
案件,zh,1620,0.0,1
案件,zh,1619,0.0,1
案件,zh,1618,1.142230530604138e-06,1
案件,zh,1617,0.0,1
案件,zh,1616,0.0,1
案件,zh,1615,0.0,1
案件,zh,1614,0.0,1
案件,zh,1613,0.0,1
案件,zh,1612,0.0,1
案件,zh,1611,0.0,1
案件,zh,1610,0.0,1
案件,zh,1609,0.0,1
案件,zh,1608,0.0,1
案件,zh,1607,0.0,1
case,en,2016,0.0004272535330431815,1
case,en,2017,0.00040997483359528353,1
case,en,2018,0.00041849826710138593,1
case,en,2019,0.00040777585417967055,1
case,en,2020,0.00037736932252629973,1
case,en,2021,0.00040534039903672436,1
案件,zh,1624,0.0,1
case,en,2022,0.0003871472655789798,1
案件,zh,1601,1.2944950640303432e-06,1
案件,zh,1602,0.0,1
案件,zh,1603,0.0,1
案件,zh,1604,0.0,1
案件,zh,1605,0.0,1
案件,zh,1606,0.0,1
案件,zh,1600,0.0,1
case,en,1877,0.0005813129922920823,1
案件,zh,1625,0.0,1
案件,zh,1627,0.0,1
案件,zh,1658,0.0,1
案件,zh,1657,0.0,1
案件,zh,1656,1.0787800874823006e-06,1
案件,zh,1655,0.0,1
案件,zh,1654,0.0,1
案件,zh,1653,0.0,1
案件,zh,1652,0.0,1
案件,zh,1651,0.0,1
案件,zh,1650,0.0,1
案件,zh,1649,0.0,1
案件,zh,1648,4.107801214559004e-05,1
案件,zh,1647,0.0,1
案件,zh,1646,0.0,1
案件,zh,1645,0.0,1
案件,zh,1644,0.0,1
案件,zh,1643,8.373105515602219e-07,1
案件,zh,1642,5.455079303828825e-07,1
案件,zh,1628,0.0,1
案件,zh,1629,0.0,1
案件,zh,1630,0.0,1
案件,zh,1631,2.6305890514777275e-06,1
案件,zh,1632,0.0,1
案件,zh,1633,0.0,1
案件,zh,1626,0.0,1
案件,zh,1634,0.0,1
案件,zh,1636,0.0,1
案件,zh,1637,8.200653383028111e-07,1
案件,zh,1638,0.0,1
案件,zh,1639,0.0,1
案件,zh,1640,0.0,1
案件,zh,1641,0.0,1
案件,zh,1635,0.0,1
case,en,1876,0.0005453306277297676,1
case,en,1875,0.0005456429125842988,1
case,en,1874,0.0005363273394043966,1
case,en,1699,0.00011504607255119481,1
case,en,1698,0.00012029353752041061,1
case,en,1697,0.00010633873156962181,1
case,en,1696,9.325955549854825e-05,1
case,en,1695,9.123358267970616e-05,1
case,en,1694,0.0001001490579426445,1
case,en,1693,8.003750340890292e-05,1
case,en,1692,0.00013414612658380065,1
case,en,1691,7.409669910884986e-05,1
case,en,1690,0.00012817580693536001,1
case,en,1689,0.0001284599023847477,1
case,en,1688,0.00012647845443325423,1
case,en,1687,0.00016576170883553232,1
case,en,1686,0.0001377127366026798,1
case,en,1700,0.00010538647006796964,1
case,en,1685,0.0001404994902713952,1
case,en,1683,0.00011137517151382781,1
case,en,1682,0.0001507946525407533,1
case,en,1681,0.0001610230889923514,1
case,en,1680,0.00024672816053339375,1
case,en,1679,9.433392108348926e-05,1
case,en,1678,0.00011274576030473327,1
case,en,1677,0.00010184137420310435,1
case,en,1676,0.00013660413935667748,1
case,en,1675,8.299239193831909e-05,1
case,en,1674,0.00011452060266492481,1
case,en,1673,8.664853599782418e-05,1
case,en,1672,9.702964069902009e-05,1
case,en,1671,0.0001793392945401706,1
case,en,1670,7.946291989924248e-05,1
case,en,1684,0.00012169458136668254,1
case,en,1701,0.00010839101241799654,1
case,en,1702,0.00011408943464630283,1
case,en,1703,0.00014938212069637302,1
case,en,1734,0.00011272780284343753,1
case,en,1733,8.09601051514619e-05,1
case,en,1732,0.00010129305121608922,1
case,en,1731,9.142964449893043e-05,1
case,en,1730,0.0001112243689931347,1
case,en,1729,9.78081334324088e-05,1
case,en,1728,0.00010399868392596545,1
case,en,1727,0.0001112262694960009,1
case,en,1726,0.0001466472923539186,1
case,en,1725,0.0001109596928472456,1
case,en,1724,0.0001199818997292823,1
case,en,1723,9.527109136797662e-05,1
case,en,1722,7.53620838054303e-05,1
case,en,1721,0.00010841394555427541,1
case,en,1720,9.950184835361142e-05,1
case,en,1719,0.00011045751068650134,1
case,en,1718,0.00011192822978500772,1
case,en,1704,9.86204531727708e-05,1
case,en,1705,0.00010365293883296545,1
case,en,1706,8.217642073304887e-05,1
case,en,1707,0.00010482028920932862,1
case,en,1708,0.00010686816392535547,1
case,en,1709,8.321710885184075e-05,1
case,en,1669,0.00036761026194653823,1
case,en,1710,0.00011459440440830804,1
case,en,1712,8.864287002552373e-05,1
case,en,1713,9.175559716823045e-05,1
case,en,1714,8.933444860304007e-05,1
case,en,1715,8.586634521634551e-05,1
case,en,1716,0.00011215180961698934,1
case,en,1717,9.703296370844328e-05,1
case,en,1711,8.599191414759844e-05,1
case,en,1668,0.00010795355444770394,1
case,en,1667,0.00010433171996737656,1
case,en,1666,0.0001019231549079791,1
case,en,1630,5.601624769724367e-05,1
case,en,1629,0.0001653432484829409,1
case,en,1628,0.00013231259722346067,1
case,en,1627,9.058319301402662e-05,1
case,en,1626,4.702893124886032e-05,1
case,en,1625,5.197926467559455e-05,1
case,en,1624,5.3861136166233337e-05,1
case,en,1623,6.755412517378545e-05,1
case,en,1622,3.9967530938156415e-05,1
case,en,1621,0.00011123075370278457,1
case,en,1620,8.177095060091233e-05,1
case,en,1619,8.142027366631055e-05,1
case,en,1618,7.647310155789455e-05,1
case,en,1617,7.297725537114275e-05,1
case,en,1616,6.052285229429799e-05,1
case,en,1615,6.768616545826944e-05,1
case,en,1614,6.876710896364102e-05,1
case,en,1600,6.24968256062175e-05,1
case,en,1601,0.0003219097725377651,1
case,en,1602,7.073230544563103e-05,1
case,en,1603,4.993637676875551e-05,1
case,en,1604,0.00017566672670454864,1
case,en,1605,3.903720801190502e-05,1
case,en,1631,6.0537445278896485e-05,1
case,en,1606,8.026586942833092e-05,1
case,en,1608,5.129435669459781e-05,1
case,en,1609,6.280268061686911e-05,1
case,en,1610,7.007800596170455e-05,1
case,en,1611,6.516346601870282e-05,1
case,en,1612,7.364478877036618e-05,1
case,en,1613,4.630398183280704e-05,1
case,en,1607,0.00011649154073722912,1
case,en,1735,7.769339435981237e-05,1
case,en,1632,5.7835695315588964e-05,1
case,en,1634,7.273210417224618e-05,1
case,en,1665,0.00014793753004482824,1
case,en,1664,0.0001446066996919626,1
case,en,1663,0.00015287296309907106,1
case,en,1662,7.71509578498808e-05,1
case,en,1661,8.133987822134259e-05,1
case,en,1660,9.278879244334348e-05,1
case,en,1659,0.00013050555168092615,1
case,en,1658,0.0002035788272003458,1
case,en,1657,0.00012872467303282065,1
case,en,1656,0.0002568405457736844,1
case,en,1655,0.00011681235190508232,1
case,en,1654,0.00011073924952142988,1
case,en,1653,0.00012545498412919187,1
case,en,1652,0.0001575447701256394,1
case,en,1651,0.0001847533149117453,1
case,en,1650,0.00012965397817765734,1
case,en,1649,8.817637109359566e-05,1
case,en,1635,4.5584770319351264e-05,1
case,en,1636,8.093680305876205e-05,1
case,en,1637,5.452599350519449e-05,1
case,en,1638,6.265943352445902e-05,1
case,en,1639,0.00017695032090614404,1
case,en,1640,3.778933509579474e-05,1
case,en,1633,9.39941411388645e-05,1
case,en,1641,8.672076689464348e-05,1
case,en,1643,8.242028133054191e-05,1
case,en,1644,0.00012390050710564537,1
case,en,1645,5.3335972097556805e-05,1
case,en,1646,7.234675078393593e-05,1
case,en,1647,0.0001644477301852021,1
case,en,1648,0.0001233026596878517,1
case,en,1642,0.00012327038365356202,1
案件,zh,1728,0.0,1
case,en,1736,8.58378969690321e-05,1
case,en,1738,0.00010089626721310196,1
case,en,1838,0.0004911830511802884,1
case,en,1837,0.0004888788253083476,1
case,en,1836,0.0005122914112689614,1
case,en,1835,0.0004615913367160829,1
case,en,1834,0.0004894248804703238,1
case,en,1833,0.00045450454820250563,1
case,en,1832,0.0009914166475616382,1
case,en,1831,0.0004857668555100503,1
case,en,1830,0.00047630638891860144,1
case,en,1829,0.0004824843081223662,1
case,en,1828,0.00047734863892401336,1
case,en,1827,0.00048006341012296616,1
case,en,1826,0.0005269170389864408,1
case,en,1825,0.00042848771681747166,1
case,en,1839,0.0005246527912149412,1
case,en,1824,0.0004713569501291204,1
case,en,1822,0.0004635201294149738,1
case,en,1821,0.0004880910253177717,1
case,en,1820,0.0004743814224639209,1
case,en,1819,0.0003630494970001674,1
case,en,1818,0.000455469787993934,1
case,en,1817,0.0004937040425723183,1
case,en,1816,0.0005250649714980682,1
case,en,1815,0.00039587916416472524,1
case,en,1814,0.0004136516813559865,1
case,en,1813,0.0004307877781806191,1
case,en,1812,0.0005171794146008324,1
case,en,1811,0.00043495489671840915,1
case,en,1810,0.00029231460803202935,1
case,en,1809,0.0003950567659103399,1
case,en,1823,0.00046056791994841806,1
case,en,1840,0.0005158447920621256,1
case,en,1841,0.000482624881897209,1
case,en,1842,0.0005054861326243554,1
case,en,1873,0.0005427061329655591,1
case,en,1872,0.0005527489105441596,1
case,en,1871,0.0005453765782200692,1
case,en,1870,0.0005115754556754837,1
case,en,1869,0.0005201914480206793,1
case,en,1868,0.0005459112263920263,1
case,en,1867,0.0005037074408987263,1
case,en,1866,0.0005037569858359348,1
case,en,1865,0.0004911949489476153,1
case,en,1864,0.0005048104503657669,1
case,en,1863,0.0005113762919462528,1
case,en,1862,0.0005280059604046983,1
case,en,1861,0.0005148316668055486,1
case,en,1860,0.0005085991156192904,1
case,en,1859,0.0004943267067574197,1
case,en,1858,0.0005195268439884826,1
case,en,1857,0.0005374954407670884,1
case,en,1843,0.0005584498649113812,1
case,en,1844,0.0005138664313580898,1
case,en,1845,0.0005302818053678493,1
case,en,1846,0.0005335448126970732,1
case,en,1847,0.0004878802692455664,1
case,en,1848,0.0005131654724753187,1
case,en,1808,0.0003689603645398165,1
case,en,1849,0.0005080457108306291,1
case,en,1851,0.0005404822922358554,1
case,en,1852,0.000537997187888023,1
case,en,1853,0.0005284564826979476,1
case,en,1854,0.0005022342224947351,1
case,en,1855,0.0005212566884438274,1
case,en,1856,0.0005210618405579737,1
case,en,1850,0.0004953836487643914,1
case,en,1807,0.00027408351888880134,1
case,en,1806,0.0002729059094690456,1
case,en,1805,0.00025001228641485795,1
case,en,1769,0.00011798364857895649,1
case,en,1768,8.310900921060238e-05,1
case,en,1767,0.00010633525448611181,1
case,en,1766,0.00011391157477191882,1
case,en,1765,0.0001509549465481541,1
case,en,1764,0.00014044606359675527,1
case,en,1763,9.77837273694604e-05,1
case,en,1762,0.00012081607383152004,1
case,en,1761,9.032998877955833e-05,1
case,en,1760,8.099521073745564e-05,1
case,en,1759,7.861463564040605e-05,1
case,en,1758,9.212293161908747e-05,1
case,en,1757,0.00010595664070933708,1
case,en,1756,8.312671843668795e-05,1
case,en,1755,9.912787397503564e-05,1
case,en,1754,8.383596014027717e-05,1
case,en,1753,9.231686749444634e-05,1
case,en,1739,0.0001035251775647339,1
case,en,1740,0.0001080397519217513,1
case,en,1741,0.00011974120116065023,1
case,en,1742,0.00015106069690773438,1
case,en,1743,0.00011088488895438786,1
case,en,1744,0.00012217714447615435,1
case,en,1770,9.835221453613485e-05,1
case,en,1745,9.15804339456372e-05,1
case,en,1747,7.077849204506492e-05,1
case,en,1748,7.028823199561884e-05,1
case,en,1749,8.628372006569407e-05,1
case,en,1750,9.306453375756973e-05,1
case,en,1751,8.830983506413759e-05,1
case,en,1752,0.00010480679156898987,1
case,en,1746,8.669004046168993e-05,1
case,en,1737,8.233991479755787e-05,1
case,en,1771,0.00010462032514624298,1
case,en,1773,0.00013512602299670107,1
case,en,1804,0.00041343225984746823,1
case,en,1803,0.00019357732935532113,1
case,en,1802,0.0001777344150468707,1
case,en,1801,0.00016594334465480642,1
case,en,1800,0.00017316407047474058,1
case,en,1799,0.00014792190086154733,1
case,en,1798,0.00011995444174317527,1
case,en,1797,0.00010500365328880434,1
case,en,1796,0.00013508566212294681,1
case,en,1795,0.00010398944982625835,1
case,en,1794,0.00014605744854634395,1
case,en,1793,0.00017327212572126882,1
case,en,1792,0.0001596354022694868,1
case,en,1791,0.00016792620408523362,1
case,en,1790,0.00013978072456666268,1
case,en,1789,0.00010089549755321059,1
case,en,1788,9.969328721126658e-05,1
case,en,1774,0.0001241830141225364,1
case,en,1775,0.000132071950702084,1
case,en,1776,0.00011315859167204678,1
case,en,1777,9.805697663978208e-05,1
case,en,1778,0.00010261012016599125,1
case,en,1779,9.604252136341529e-05,1
case,en,1772,0.0001153225393863977,1
case,en,1780,9.09571119791508e-05,1
case,en,1782,9.580482674209634e-05,1
case,en,1783,0.00011024288460248499,1
case,en,1784,9.057604657325413e-05,1
case,en,1785,0.00010986080860675429,1
case,en,1786,0.00011222549164813245,1
case,en,1787,0.0001410600029885245,1
case,en,1781,0.00011398241213100846,1
案件,zh,1729,0.0,1
案件,zh,1730,3.0269063699961407e-07,1
案件,zh,1731,4.759047442348674e-05,1
cas,fr,1686,0.000139617373945633,1
cas,fr,1685,0.0003121427640166985,1
cas,fr,1684,0.00015221026629319567,1
cas,fr,1683,0.00011332108315897926,1
cas,fr,1682,0.0001439458128231763,1
cas,fr,1681,0.0002136531843177636,1
cas,fr,1680,0.00017044858710590916,1
cas,fr,1679,0.00022080988046013772,1
cas,fr,1678,0.00026268635023374287,1
cas,fr,1677,0.0002626631500133314,1
cas,fr,1676,0.0001419776871012246,1
cas,fr,1675,0.00012332372619994203,1
cas,fr,1674,9.51426267103983e-05,1
cas,fr,1673,0.00014740931163714777,1
cas,fr,1687,0.00014620822750543994,1
cas,fr,1672,0.00011729218122980001,1
cas,fr,1670,0.00013308411661228092,1
cas,fr,1669,0.00019911479267609167,1
cas,fr,1668,0.00016554185810946365,1
cas,fr,1667,0.0002853872539509972,1
cas,fr,1666,0.00028809635749516005,1
cas,fr,1665,0.00017094709657916596,1
cas,fr,1664,0.00020160618027498245,1
cas,fr,1663,0.00012348027652819837,1
cas,fr,1662,0.00019549964202170145,1
cas,fr,1661,0.00018080198506709166,1
cas,fr,1660,0.00016536754867502168,1
cas,fr,1659,0.00019349543086377707,1
cas,fr,1658,0.00020246869695483838,1
cas,fr,1657,0.00014702658249721168,1
cas,fr,1671,0.000179425739785799,1
cas,fr,1688,0.00016776871727497422,1
cas,fr,1689,0.0002395672584105668,1
cas,fr,1690,0.0001885161701249416,1
cas,fr,1721,0.00019431331576402755,1
cas,fr,1720,0.00019032435926424895,1
cas,fr,1719,0.0002267838823573065,1
cas,fr,1718,0.0001863375150215063,1
cas,fr,1717,0.00013589249743972687,1
cas,fr,1716,0.00014009139636073087,1
cas,fr,1715,0.00018278369342250578,1
cas,fr,1714,0.0003098792975606557,1
cas,fr,1713,0.00018014847004010903,1
cas,fr,1712,0.00022546536919776372,1
cas,fr,1711,0.00019592095137888066,1
cas,fr,1710,0.00021805123639495605,1
cas,fr,1709,0.00021047071425517316,1
cas,fr,1708,0.00021930154231064591,1
cas,fr,1707,0.00015630701536739622,1
cas,fr,1706,0.00022942154855165597,1
cas,fr,1705,0.0002054971600609079,1
cas,fr,1691,0.00012621259175205068,1
cas,fr,1692,0.00027583352876092704,1
cas,fr,1693,0.00017213785636904788,1
cas,fr,1694,0.00012900615572553065,1
cas,fr,1695,0.00018476328728045388,1
cas,fr,1696,0.00013490823880246694,1
cas,fr,1656,0.0001592365850839883,1
cas,fr,1697,0.00017370073442801726,1
cas,fr,1699,0.0001557415151864916,1
cas,fr,1700,0.0001857745836439939,1
cas,fr,1701,0.0002058671835118986,1
cas,fr,1702,0.00015542687700431657,1
cas,fr,1703,0.0001982286354120788,1
cas,fr,1704,0.00015952526478102413,1
cas,fr,1698,0.0001657358936881792,1
cas,fr,1655,0.0001321912131899694,1
cas,fr,1654,0.0001341051930978665,1
cas,fr,1653,0.00014656105610644232,1
cas,fr,1617,0.0002093249580070733,1
cas,fr,1616,0.00018865078855867523,1
cas,fr,1615,0.00028464734612043685,1
cas,fr,1614,0.0002102963552843562,1
cas,fr,1613,0.00022794963584260586,1
cas,fr,1612,0.00022664162954555422,1
cas,fr,1611,0.0002741729281243721,1
cas,fr,1610,0.00021997376269133895,1
cas,fr,1609,0.00019700023132962485,1
cas,fr,1608,0.0002582585115149527,1
cas,fr,1607,0.00022703520464517624,1
cas,fr,1606,0.0002471894210529513,1
cas,fr,1605,0.00022037058061918913,1
cas,fr,1604,0.00025721774039411116,1
cas,fr,1603,0.0003592053517191829,1
cas,fr,1602,0.00016294134510985714,1
cas,fr,1601,0.00019224811504869876,1
案件,zh,2010,8.498869283357635e-05,1
案件,zh,2011,8.028517913771793e-05,1
案件,zh,2012,7.732819358352572e-05,1
案件,zh,2013,8.061453263508156e-05,1
案件,zh,2014,9.314897761214525e-05,1
案件,zh,2015,7.486504182452336e-05,1
cas,fr,1618,0.00022624465373155545,1
案件,zh,2016,9.803535795072094e-05,1
案件,zh,2018,8.200878801289946e-05,1
案件,zh,2019,9.678901551524177e-05,1
案件,zh,2020,9.12929535843432e-05,1
案件,zh,2021,8.056619117269292e-05,1
案件,zh,2022,8.391316805500537e-05,1
cas,fr,1600,0.00031559103777922815,1
案件,zh,2017,9.933915134752169e-05,1
cas,fr,1722,0.00017862678358193662,1
cas,fr,1619,0.0002194455697832609,1
cas,fr,1621,0.00029237687536465273,1
cas,fr,1652,0.00015799820431894318,1
cas,fr,1651,0.0001354672907893928,1
cas,fr,1650,0.0001592240743555351,1
cas,fr,1649,0.0001494795980025998,1
cas,fr,1648,0.00019708218246705655,1
cas,fr,1647,0.00014898720799205734,1
cas,fr,1646,0.00020066300515431124,1
cas,fr,1645,0.00020192798626794684,1
cas,fr,1644,0.00018223102930114976,1
cas,fr,1643,0.00017592005988120718,1
cas,fr,1642,0.00016956892878283725,1
cas,fr,1641,0.00015900019897685524,1
cas,fr,1640,0.00023617976688683484,1
cas,fr,1639,0.00017275881903344725,1
cas,fr,1638,0.00021278206082797624,1
cas,fr,1637,0.0001550198434543404,1
cas,fr,1636,0.00023619168987920602,1
cas,fr,1622,0.00019464504711663722,1
cas,fr,1623,0.00015939689694732806,1
cas,fr,1624,0.00015349310422863027,1
cas,fr,1625,0.00024281438208539896,1
cas,fr,1626,0.00016981619518574576,1
cas,fr,1627,0.000254940179274854,1
cas,fr,1620,0.00023713724978335904,1
cas,fr,1628,0.00018248116493779776,1
cas,fr,1630,0.0001757966190893967,1
cas,fr,1631,0.0002563118159280009,1
cas,fr,1632,0.0002355420558206589,1
cas,fr,1633,0.0001803691474560054,1
cas,fr,1634,0.0001825964782256051,1
cas,fr,1635,0.0003213700237552075,1
cas,fr,1629,0.00031313528916143696,1
案件,zh,2009,0.00011621163866948336,1
cas,fr,1723,0.00018720794476068114,1
cas,fr,1725,0.00024579170713567855,1
cas,fr,1825,0.00039818098279431613,1
cas,fr,1824,0.0004024677362214346,1
cas,fr,1823,0.0003432774896211521,1
cas,fr,1822,0.000328342211205479,1
cas,fr,1821,0.0003909887253443767,1
cas,fr,1820,0.0003046025205113434,1
cas,fr,1819,0.00035135351027815176,1
cas,fr,1818,0.0003060265582925936,1
cas,fr,1817,0.0003057283232283936,1
cas,fr,1816,0.0004512061639490028,1
cas,fr,1815,0.00042307000211749823,1
cas,fr,1814,0.00032668139726865775,1
cas,fr,1813,0.0004987785173633519,1
cas,fr,1812,0.000559968430252411,1
cas,fr,1826,0.00040733645358592696,1
cas,fr,1811,0.0004141521307370333,1
cas,fr,1809,0.0004957265132361499,1
cas,fr,1808,0.0005299213374847511,1
cas,fr,1807,0.0005856627224587463,1
cas,fr,1806,0.0003525693097117255,1
cas,fr,1805,0.0003313518698178086,1
cas,fr,1804,0.0002870304247153399,1
cas,fr,1803,0.0003231104428778053,1
cas,fr,1802,0.00031937925174752024,1
cas,fr,1801,0.00028469699403688153,1
cas,fr,1800,0.00030233525845790865,1
cas,fr,1799,0.0003098785350794664,1
cas,fr,1798,0.0003370070838351058,1
cas,fr,1797,0.00026970698422079664,1
cas,fr,1796,0.0003169588698854753,1
cas,fr,1810,0.00042181098734772604,1
cas,fr,1827,0.00045373448863550436,1
cas,fr,1828,0.0004706151874778186,1
cas,fr,1829,0.00045271248939937614,1
cas,fr,1860,0.00045381021384161,1
cas,fr,1859,0.00047823612359298995,1
cas,fr,1858,0.00046440030539707244,1
cas,fr,1857,0.0004499423428528937,1
cas,fr,1856,0.0005021890295852094,1
cas,fr,1855,0.0004409590392296381,1
cas,fr,1854,0.0004582730558817527,1
cas,fr,1853,0.000479304908419409,1
cas,fr,1852,0.0005717369381288417,1
cas,fr,1851,0.0005927616566785421,1
cas,fr,1850,0.0006085421706778504,1
cas,fr,1849,0.0006305070962799864,1
cas,fr,1848,0.0005633643877178685,1
cas,fr,1847,0.0005642858642110893,1
cas,fr,1846,0.0005257088404753141,1
cas,fr,1845,0.0005736589602525211,1
cas,fr,1844,0.0005021249276591089,1
cas,fr,1830,0.0005077898212120235,1
cas,fr,1831,0.0004789207498783199,1
cas,fr,1832,0.0005257464637349329,1
cas,fr,1833,0.0005058063636553811,1
cas,fr,1834,0.0004751576514741007,1
cas,fr,1835,0.00043592414196691465,1
cas,fr,1795,0.00033836118905128387,1
cas,fr,1836,0.0003887930293346997,1
cas,fr,1838,0.0004372442998789583,1
cas,fr,1839,0.0004479730923622194,1
cas,fr,1840,0.0004972425474265574,1
cas,fr,1841,0.0005587596160130937,1
cas,fr,1842,0.0004720458419136264,1
cas,fr,1843,0.0004996187422615095,1
cas,fr,1837,0.000492250264438443,1
cas,fr,1794,0.0003032287067270545,1
cas,fr,1793,0.00029893502332800637,1
cas,fr,1792,0.00034930305483271695,1
cas,fr,1756,0.00034099387035357864,1
cas,fr,1755,0.000271783804469905,1
cas,fr,1754,0.00031270253038062634,1
cas,fr,1753,0.0002835475959237499,1
cas,fr,1752,0.00024898223758573756,1
cas,fr,1751,0.0002988192259580913,1
cas,fr,1750,0.0002916831634678374,1
cas,fr,1749,0.0002599190650376393,1
cas,fr,1748,0.0003291274085164275,1
cas,fr,1747,0.0002759541316499359,1
cas,fr,1746,0.0003991811374666199,1
cas,fr,1745,0.00023784154895700738,1
cas,fr,1744,0.00027531741184283476,1
cas,fr,1743,0.00028015147721527356,1
cas,fr,1742,0.00023121296865280527,1
cas,fr,1741,0.00029187628332860704,1
cas,fr,1740,0.0002089523533062021,1
cas,fr,1726,0.0004021498062156681,1
cas,fr,1727,0.0002751829962108765,1
cas,fr,1728,0.00026659548039198455,1
cas,fr,1729,0.0002800164951395345,1
cas,fr,1730,0.0002757771086858707,1
cas,fr,1731,0.0002012830452708947,1
cas,fr,1757,0.00029011750172602824,1
cas,fr,1732,0.0001307130849599325,1
cas,fr,1734,0.0003543905213518883,1
cas,fr,1735,0.00019954668113086882,1
cas,fr,1736,0.0002807343619410929,1
cas,fr,1737,0.00022294266867772805,1
cas,fr,1738,0.0002962204728853557,1
cas,fr,1739,0.00020596346938717147,1
cas,fr,1733,0.0002285599230478219,1
cas,fr,1724,0.0003986425787492198,1
cas,fr,1758,0.00026099778289356834,1
cas,fr,1760,0.0002855518955304781,1
cas,fr,1791,0.00033819696718340175,1
cas,fr,1790,0.00042137127993857604,1
cas,fr,1789,0.0002927170812041524,1
cas,fr,1788,0.00030635541359091967,1
cas,fr,1787,0.0003548967684865456,1
cas,fr,1786,0.00030585660049808894,1
cas,fr,1785,0.0003995130325460394,1
cas,fr,1784,0.00039177838194059955,1
cas,fr,1783,0.00035773992588139514,1
cas,fr,1782,0.0003489286125599733,1
cas,fr,1781,0.00031619159028650756,1
cas,fr,1780,0.0003131454680938006,1
cas,fr,1779,0.00031362175718641083,1
cas,fr,1778,0.0003629233517616903,1
cas,fr,1777,0.0003296042467888505,1
cas,fr,1776,0.00034870141962617396,1
cas,fr,1775,0.0003433652132773801,1
cas,fr,1761,0.0003491434355487044,1
cas,fr,1762,0.00031631741467208485,1
cas,fr,1763,0.00027150136230602584,1
cas,fr,1764,0.00033401851534131666,1
cas,fr,1765,0.0003074924992461092,1
cas,fr,1766,0.00030689989797627604,1
cas,fr,1759,0.000265089379439587,1
cas,fr,1767,0.00031645132017432687,1
cas,fr,1769,0.00033733255906476245,1
cas,fr,1770,0.0003902534658407619,1
cas,fr,1771,0.00036849744551803454,1
cas,fr,1772,0.00030909266160961124,1
cas,fr,1773,0.00032341757030018847,1
cas,fr,1774,0.0003701205026276355,1
cas,fr,1768,0.00031505503023032677,1
случай,ru,1702,0.0,1
案件,zh,2008,7.824396743671969e-05,1
案件,zh,2006,0.00012897273700218648,1
案件,zh,1831,4.226304554322269e-06,1
案件,zh,1830,7.3194210017391015e-06,1
案件,zh,1829,5.543660677176376e-07,1
案件,zh,1828,4.934499884257093e-06,1
案件,zh,1827,2.187885911553167e-06,1
案件,zh,1826,2.1275587869240553e-07,1
案件,zh,1825,2.7457431315269787e-06,1
案件,zh,1824,2.0062097974005155e-06,1
案件,zh,1823,5.540753591048997e-06,1
案件,zh,1822,3.4705631151155103e-06,1
案件,zh,1821,1.3321919141162653e-06,1
案件,zh,1820,1.35392465381301e-05,1
案件,zh,1819,2.0318614133429946e-06,1
案件,zh,1818,2.1967049178783782e-05,1
案件,zh,1832,1.178410639113281e-05,1
案件,zh,1817,2.3768319579176023e-07,1
案件,zh,1815,7.459414632648986e-07,1
案件,zh,1814,5.972493113404198e-07,1
案件,zh,1813,2.829696086337208e-07,1
案件,zh,1812,1.4621980426454684e-06,1
案件,zh,1811,6.493021373898955e-07,1
案件,zh,1810,6.358121709126863e-07,1
案件,zh,1809,2.3565060018881923e-06,1
案件,zh,1808,6.995982744228968e-07,1
案件,zh,1807,1.1035664329028805e-06,1
案件,zh,1806,0.0,1
案件,zh,1805,3.7287620671122568e-06,1
案件,zh,1804,3.148257974316948e-07,1
案件,zh,1803,6.334294653242978e-07,1
案件,zh,1802,6.853124432382174e-07,1
案件,zh,1816,2.630788458191091e-07,1
案件,zh,1833,0.0,1
案件,zh,1834,1.8474751414032653e-05,1
案件,zh,1835,1.5185591109911911e-05,1
案件,zh,1866,5.367694484448293e-06,1
案件,zh,1865,3.3133430861198576e-06,1
案件,zh,1864,1.4423488892134628e-06,1
案件,zh,1863,2.4555413347115973e-06,1
案件,zh,1862,3.0338080705405446e-06,1
案件,zh,1861,4.3293704266034183e-07,1
案件,zh,1860,3.9073003677003726e-07,1
案件,zh,1859,7.2302027547266334e-06,1
案件,zh,1858,9.987566045310814e-07,1
案件,zh,1857,3.118977929261746e-06,1
案件,zh,1856,3.7514334962907014e-06,1
案件,zh,1855,4.515215096034808e-06,1
案件,zh,1854,4.779157620760088e-07,1
案件,zh,1853,1.8615091903484426e-06,1
案件,zh,1852,1.765540218912065e-05,1
案件,zh,1851,1.5691884982516058e-05,1
案件,zh,1850,4.228220859658904e-06,1
案件,zh,1836,2.736612077569589e-05,1
案件,zh,1837,1.4502652447845321e-05,1
案件,zh,1838,5.122181846672902e-06,1
案件,zh,1839,3.024636498594191e-06,1
案件,zh,1840,3.4465916542103514e-05,1
案件,zh,1841,1.0464441402291413e-05,1
案件,zh,1801,2.1535363714519917e-07,1
案件,zh,1842,5.338193318493722e-07,1
案件,zh,1844,7.308083809220989e-07,1
案件,zh,1845,1.109074901251006e-06,1
案件,zh,1846,1.10975929601409e-06,1
案件,zh,1847,3.030216248589568e-05,1
案件,zh,1848,3.355393118908978e-07,1
案件,zh,1849,1.8640777454947965e-07,1
案件,zh,1843,4.778653419634793e-06,1
案件,zh,1800,1.3736054143009824e-06,1
案件,zh,1799,1.4821250715613132e-06,1
案件,zh,1798,2.89823191224059e-07,1
案件,zh,1762,0.0002077272511087358,1
案件,zh,1761,0.0,1
案件,zh,1760,0.0,1
案件,zh,1759,0.0,1
案件,zh,1758,0.0,1
案件,zh,1757,0.0,1
案件,zh,1756,0.0,1
案件,zh,1755,0.0,1
案件,zh,1754,2.10725056604133e-06,1
案件,zh,1753,0.0,1
案件,zh,1752,0.0,1
案件,zh,1751,0.0,1
案件,zh,1750,0.0,1
案件,zh,1749,2.1722969734128128e-07,1
案件,zh,1748,0.0,1
案件,zh,1747,7.323399699998845e-07,1
案件,zh,1746,1.5500225345022045e-05,1
案件,zh,1732,1.39121902975603e-05,1
案件,zh,1733,0.0,1
案件,zh,1734,3.4358035918558016e-05,1
案件,zh,1735,5.164990284356463e-07,1
案件,zh,1736,3.1215341778079164e-07,1
案件,zh,1737,4.939333848597016e-07,1
案件,zh,1763,1.8443202861817554e-05,1
案件,zh,1738,1.215084580508119e-06,1
案件,zh,1740,0.0,1
案件,zh,1741,9.787234375835396e-06,1
案件,zh,1742,0.0,1
案件,zh,1743,9.183984843730286e-07,1
案件,zh,1744,0.0,1
案件,zh,1745,0.0,1
案件,zh,1739,7.214428478619084e-05,1
案件,zh,1867,2.17348269870854e-06,1
案件,zh,1764,0.0,1
案件,zh,1766,0.0,1
案件,zh,1797,3.4950284089063643e-07,1
案件,zh,1796,1.8258954526118032e-07,1
案件,zh,1795,1.250309878741973e-06,1
案件,zh,1794,0.0,1
案件,zh,1793,3.2397125323768705e-05,1
案件,zh,1792,7.980498821780202e-07,1
案件,zh,1791,2.9891970143580693e-07,1
案件,zh,1790,4.3343857214495074e-07,1
案件,zh,1789,4.332361640990712e-06,1
案件,zh,1788,0.0,1
案件,zh,1787,0.0,1
案件,zh,1786,8.422102268923481e-07,1
案件,zh,1785,3.013049081346253e-07,1
案件,zh,1784,0.0,1
案件,zh,1783,3.857128103845753e-05,1
案件,zh,1782,0.0,1
案件,zh,1781,0.0,1
案件,zh,1767,2.9497437026293483e-06,1
案件,zh,1768,0.0,1
案件,zh,1769,0.0,1
案件,zh,1770,5.275327339404612e-07,1
案件,zh,1771,0.0,1
案件,zh,1772,0.0,1
案件,zh,1765,0.0,1
案件,zh,1773,0.0,1
案件,zh,1775,0.0,1
案件,zh,1776,0.0,1
案件,zh,1777,0.0,1
案件,zh,1778,0.0,1
案件,zh,1779,0.0,1
案件,zh,1780,3.9840344356889545e-07,1
案件,zh,1774,0.0,1
案件,zh,2007,9.75143993855454e-05,1
案件,zh,1868,5.469079496833729e-06,1
案件,zh,1870,5.354787390388083e-06,1
案件,zh,1970,4.068533598911017e-05,1
案件,zh,1969,3.699744411278516e-05,1
案件,zh,1968,3.2572825148236006e-05,1
案件,zh,1967,3.1045325158629566e-05,1
案件,zh,1966,4.4380103645380586e-05,1
案件,zh,1965,3.4808945201803e-05,1
案件,zh,1964,3.413918238948099e-05,1
案件,zh,1963,3.473063770798035e-05,1
案件,zh,1962,1.969905679288786e-05,1
案件,zh,1961,3.488993024802767e-05,1
案件,zh,1960,4.278967026039027e-05,1
案件,zh,1959,2.4917917471611872e-05,1
案件,zh,1958,2.6496194550418295e-05,1
案件,zh,1957,3.962375922128558e-05,1
案件,zh,1971,6.62949969409965e-05,1
案件,zh,1956,3.678181747091003e-05,1
案件,zh,1954,5.133545710123144e-05,1
案件,zh,1953,3.2895059121074155e-05,1
案件,zh,1952,3.9744641981087625e-05,1
案件,zh,1951,4.125306804780848e-05,1
案件,zh,1950,3.337778980494477e-05,1
案件,zh,1949,2.180993396905251e-05,1
案件,zh,1948,5.879219315829687e-05,1
案件,zh,1947,5.694517676602118e-05,1
案件,zh,1946,7.187794835772365e-05,1
案件,zh,1945,4.889768752036616e-05,1
案件,zh,1944,4.563395486911759e-05,1
案件,zh,1943,2.768070226011332e-05,1
案件,zh,1942,4.118774086236954e-05,1
案件,zh,1941,3.659043795778416e-05,1
案件,zh,1955,2.79801242868416e-05,1
案件,zh,1972,4.1737675928743556e-05,1
案件,zh,1973,3.985636431025341e-05,1
案件,zh,1974,3.5202509025111794e-05,1
案件,zh,2005,0.0001108221331378445,1
案件,zh,2004,9.154636063612998e-05,1
案件,zh,2003,7.883144280640408e-05,1
案件,zh,2002,7.78772882767953e-05,1
案件,zh,2001,8.434554911218584e-05,1
案件,zh,2000,9.229694114765152e-05,1
案件,zh,1999,0.00010035304876510054,1
案件,zh,1998,9.661039075581357e-05,1
案件,zh,1997,7.879755139583722e-05,1
案件,zh,1996,8.109069312922657e-05,1
案件,zh,1995,7.794355769874528e-05,1
案件,zh,1994,8.152406371664256e-05,1
案件,zh,1993,8.335054735653102e-05,1
案件,zh,1992,8.461959805572405e-05,1
案件,zh,1991,7.873599679442123e-05,1
案件,zh,1990,7.284206367330626e-05,1
案件,zh,1989,6.496870628325269e-05,1
案件,zh,1975,3.2292424293700606e-05,1
案件,zh,1976,6.586863310076296e-05,1
案件,zh,1977,2.5007275326061063e-05,1
案件,zh,1978,3.389803896425292e-05,1
案件,zh,1979,3.20396720780991e-05,1
案件,zh,1980,3.53889336111024e-05,1
案件,zh,1940,6.802971620345488e-05,1
案件,zh,1981,4.012650970253162e-05,1
案件,zh,1983,3.221233782824129e-05,1
案件,zh,1984,3.419237327761948e-05,1
案件,zh,1985,4.024771260446869e-05,1
案件,zh,1986,4.13366433349438e-05,1
案件,zh,1987,4.72191022709012e-05,1
案件,zh,1988,5.2141596825094894e-05,1
案件,zh,1982,4.769324368680827e-05,1
案件,zh,1939,1.3330921319720801e-05,1
案件,zh,1938,1.585202699061483e-05,1
案件,zh,1937,5.025988502893597e-05,1
案件,zh,1901,9.109182428801432e-06,1
案件,zh,1900,3.749133975361474e-05,1
案件,zh,1899,1.67907819559332e-05,1
案件,zh,1898,1.7251808458240703e-05,1
案件,zh,1897,6.4875721363932826e-06,1
案件,zh,1896,1.3345908882911317e-05,1
案件,zh,1895,2.7880089419340948e-06,1
案件,zh,1894,6.269761797739193e-06,1
案件,zh,1893,1.4047682270756923e-05,1
案件,zh,1892,1.4947673662391026e-05,1
案件,zh,1891,8.738815267861355e-06,1
案件,zh,1890,2.6101401999767404e-06,1
案件,zh,1889,1.9758258531510364e-06,1
案件,zh,1888,3.330858362460276e-06,1
案件,zh,1887,1.3200213288655505e-05,1
案件,zh,1886,1.0519337592995726e-05,1
案件,zh,1885,1.5464238458662294e-05,1
案件,zh,1871,1.0355176982557168e-06,1
案件,zh,1872,4.285946033633081e-06,1
案件,zh,1873,2.9776119845337234e-06,1
案件,zh,1874,7.767427632643376e-06,1
案件,zh,1875,4.950277343596099e-06,1
案件,zh,1876,3.7192910440353444e-06,1
案件,zh,1902,1.0022912647400517e-05,1
案件,zh,1877,5.028850409871666e-06,1
案件,zh,1879,1.1834042652481003e-06,1
案件,zh,1880,1.020326635625679e-05,1
案件,zh,1881,5.42663769920182e-07,1
案件,zh,1882,6.176305760163814e-06,1
案件,zh,1883,3.345133791299304e-06,1
案件,zh,1884,4.129307853872888e-06,1
案件,zh,1878,4.138870735914679e-06,1
案件,zh,1869,1.5442943777088658e-06,1
案件,zh,1903,1.387954307574546e-05,1
案件,zh,1905,3.8789526115579065e-06,1
案件,zh,1936,1.7326681700069457e-05,1
案件,zh,1935,1.8752592950477265e-05,1
案件,zh,1934,2.2829135559732094e-05,1
案件,zh,1933,5.098863039165735e-05,1
案件,zh,1932,2.7537585992831737e-05,1
案件,zh,1931,4.8313238949049264e-05,1
案件,zh,1930,3.271319292252883e-05,1
案件,zh,1929,1.6347516066161916e-05,1
案件,zh,1928,2.3433889509760775e-05,1
案件,zh,1927,3.0432907806243747e-05,1
案件,zh,1926,1.9815011910395697e-05,1
案件,zh,1925,2.58351574302651e-05,1
案件,zh,1924,9.219896128342953e-06,1
案件,zh,1923,1.3319449863047339e-05,1
案件,zh,1922,3.200372520950623e-05,1
案件,zh,1921,6.118312739999965e-05,1
案件,zh,1920,6.741183460690081e-05,1
案件,zh,1906,1.955450716195628e-05,1
案件,zh,1907,2.8157339329482056e-05,1
案件,zh,1908,2.2890519176144153e-05,1
案件,zh,1909,3.421939254621975e-05,1
案件,zh,1910,2.900277468143031e-05,1
案件,zh,1911,2.755031528067775e-05,1
案件,zh,1904,1.2507352948887274e-05,1
案件,zh,1912,2.6207459086435847e-05,1
案件,zh,1914,4.563804395729676e-05,1
案件,zh,1915,7.200353138614446e-05,1
案件,zh,1916,5.690813486580737e-05,1
案件,zh,1917,8.77088459674269e-05,1
案件,zh,1918,5.0850263505708426e-05,1
案件,zh,1919,7.70343467593193e-05,1
案件,zh,1913,1.9695853552548215e-05,1
случай,ru,1703,0.0,1
случай,ru,1704,0.0,1
случай,ru,1705,0.0,1
模型,zh,1924,5.0883386393252295e-06,1
模型,zh,1923,5.2755467550014146e-06,1
模型,zh,1922,5.771163614554098e-06,1
模型,zh,1921,1.3294158634380437e-05,1
模型,zh,1920,8.251485269283876e-06,1
模型,zh,1919,5.938144568062853e-06,1
模型,zh,1918,4.02362275053747e-06,1
模型,zh,1917,6.660985036432976e-06,1
模型,zh,1916,7.680219823669177e-06,1
模型,zh,1915,8.407787390751764e-06,1
模型,zh,1914,5.778966169600608e-06,1
模型,zh,1913,3.307640326966066e-06,1
模型,zh,1912,3.563378186299815e-06,1
模型,zh,1911,1.1460733730928041e-05,1
模型,zh,1925,5.911746029596543e-06,1
模型,zh,1910,5.671289727615658e-06,1
模型,zh,1908,5.064212018623948e-06,1
模型,zh,1907,8.51343520480441e-06,1
模型,zh,1906,8.844654075801373e-06,1
模型,zh,1905,1.026404220283439e-06,1
模型,zh,1904,4.200736043458164e-07,1
模型,zh,1903,3.4522720397944795e-06,1
模型,zh,1902,3.2594837762189854e-07,1
模型,zh,1901,1.0263867977755581e-07,1
模型,zh,1900,3.81957070203498e-05,1
模型,zh,1899,1.3051820246801071e-07,1
模型,zh,1898,2.856259584405052e-07,1
模型,zh,1897,7.526185896722382e-08,1
模型,zh,1896,9.813168588834742e-08,1
模型,zh,1895,1.8182666394750413e-07,1
模型,zh,1909,6.4601476879033726e-06,1
模型,zh,1926,7.252745945152128e-06,1
模型,zh,1927,5.670922746503493e-06,1
模型,zh,1928,6.222413048817543e-06,1
模型,zh,1959,1.2481393241614569e-05,1
模型,zh,1958,1.5173452084127348e-05,1
模型,zh,1957,9.468334610573947e-06,1
模型,zh,1956,1.6525358660146594e-05,1
模型,zh,1955,1.0646866940078326e-05,1
模型,zh,1954,1.2991014045837801e-05,1
模型,zh,1953,1.7577236576471478e-05,1
模型,zh,1952,1.4263800039771013e-05,1
模型,zh,1951,1.6098925698315725e-05,1
模型,zh,1950,1.3562323147198185e-05,1
模型,zh,1949,9.786125701793935e-06,1
模型,zh,1948,1.2661290384130552e-05,1
模型,zh,1947,9.569793292030226e-06,1
模型,zh,1946,6.971768016228452e-06,1
模型,zh,1945,6.859689165139571e-06,1
模型,zh,1944,6.201908036018722e-06,1
模型,zh,1943,6.4412465690111276e-06,1
模型,zh,1929,6.275247869780287e-06,1
模型,zh,1930,8.981348400993738e-06,1
模型,zh,1931,7.682266186748166e-06,1
模型,zh,1932,6.114595635153819e-06,1
模型,zh,1933,9.856465112534352e-06,1
模型,zh,1934,4.740169060823973e-06,1
模型,zh,1894,0.0,1
模型,zh,1935,5.774798410129733e-06,1
模型,zh,1937,6.11510404269211e-06,1
模型,zh,1938,7.626061233168002e-06,1
模型,zh,1939,7.2448301580152474e-06,1
模型,zh,1940,6.277171451074537e-06,1
模型,zh,1941,5.141892870597076e-06,1
模型,zh,1942,7.0052919909358025e-06,1
模型,zh,1936,4.719759999716189e-06,1
模型,zh,1960,1.0775351256597787e-05,1
模型,zh,1893,0.0,1
模型,zh,1891,1.1745719064037985e-07,1
模型,zh,1855,1.2203284427414474e-07,1
模型,zh,1854,0.0,1
模型,zh,1853,7.756288056270932e-08,1
模型,zh,1852,0.0,1
模型,zh,1851,2.139802575129579e-07,1
模型,zh,1850,8.996214262424473e-08,1
模型,zh,1849,9.320388727473983e-08,1
模型,zh,1848,1.3421572475635912e-07,1
模型,zh,1847,0.0,1
模型,zh,1846,7.926851708361937e-08,1
模型,zh,1845,3.696916337503353e-07,1
模型,zh,1844,1.8270209523052472e-07,1
模型,zh,1843,9.557306412943944e-08,1
模型,zh,1842,0.0,1
模型,zh,1856,1.7863969503650878e-07,1
模型,zh,1841,0.0,1
模型,zh,1839,7.561591246485477e-07,1
模型,zh,1838,0.0,1
模型,zh,1837,0.0,1
模型,zh,1836,0.0,1
模型,zh,1835,0.0,1
模型,zh,1834,0.0,1
模型,zh,1833,0.0,1
模型,zh,1832,1.8129394163679535e-07,1
模型,zh,1831,0.0,1
模型,zh,1830,0.0,1
模型,zh,1829,0.0,1
模型,zh,1828,0.0,1
模型,zh,1827,0.0,1
模型,zh,1826,0.0,1
模型,zh,1840,0.0,1
模型,zh,1857,2.9704551707254723e-07,1
模型,zh,1858,1.498134906796622e-06,1
模型,zh,1859,0.0,1
模型,zh,1890,1.0136466954691059e-07,1
模型,zh,1889,4.265987740836863e-07,1
模型,zh,1888,2.8880274172138343e-08,1
模型,zh,1887,4.089285354780259e-08,1
模型,zh,1886,2.050553149501866e-08,1
模型,zh,1885,4.349996984842619e-08,1
模型,zh,1884,7.330132234528719e-08,1
模型,zh,1883,6.116816280155035e-07,1
模型,zh,1882,2.8125253948019235e-07,1
模型,zh,1881,6.827060019531928e-07,1
模型,zh,1880,1.1274327960109076e-07,1
模型,zh,1879,4.671332760608493e-07,1
模型,zh,1878,1.0522552429392817e-07,1
模型,zh,1877,9.701962255803664e-08,1
模型,zh,1876,2.032399493145931e-08,1
模型,zh,1875,1.550361616864393e-06,1
模型,zh,1874,1.5230250483000418e-07,1
模型,zh,1860,5.860950835767653e-08,1
模型,zh,1861,7.215617614519942e-08,1
模型,zh,1862,0.0,1
模型,zh,1863,0.0,1
模型,zh,1864,0.0,1
模型,zh,1865,8.60608579955624e-08,1
模型,zh,1892,1.1205152361526416e-07,1
模型,zh,1866,0.0,1
模型,zh,1868,7.491889419952713e-08,1
模型,zh,1869,0.0,1
模型,zh,1870,1.290310223112101e-07,1
模型,zh,1871,1.344828159943745e-08,1
模型,zh,1872,0.0,1
模型,zh,1873,1.6095199839583074e-08,1
模型,zh,1867,0.0,1
模型,zh,1961,9.57005704549374e-06,1
模型,zh,1962,6.125017080194084e-06,1
模型,zh,1963,9.136329936154652e-06,1
modèle,fr,1640,1.709836965346767e-07,1
modèle,fr,1639,0.0,1
modèle,fr,1638,0.0,1
modèle,fr,1637,7.257483503053663e-08,1
modèle,fr,1636,0.0,1
modèle,fr,1635,0.0,1
modèle,fr,1634,3.844447746814694e-07,1
modèle,fr,1633,0.0,1
modèle,fr,1632,2.7047890860387724e-07,1
modèle,fr,1631,0.0,1
modèle,fr,1630,0.0,1
modèle,fr,1629,5.217182419414712e-08,1
modèle,fr,1628,0.0,1
modèle,fr,1627,1.3651415109450227e-08,1
modèle,fr,1641,2.2026546098175004e-07,1
modèle,fr,1626,1.850252751012249e-08,1
modèle,fr,1624,5.019942506123698e-08,1
modèle,fr,1623,1.0175352826991002e-07,1
modèle,fr,1622,7.16792669663846e-08,1
modèle,fr,1621,1.5204996373086033e-08,1
modèle,fr,1620,0.0,1
modèle,fr,1619,1.50759529304878e-08,1
modèle,fr,1618,0.0,1
modèle,fr,1617,8.758366476513402e-08,1
modèle,fr,1616,0.0,1
modèle,fr,1615,0.0,1
modèle,fr,1614,0.0,1
modèle,fr,1613,0.0,1
modèle,fr,1612,0.0,1
modèle,fr,1611,1.3727178505007487e-08,1
modèle,fr,1625,0.0,1
modèle,fr,1642,5.760466237347828e-08,1
modèle,fr,1643,1.143823524785148e-08,1
modèle,fr,1644,5.026507921002121e-08,1
modèle,fr,1675,2.440362578681743e-08,1
modèle,fr,1674,2.4157071010222353e-08,1
modèle,fr,1673,1.2974095398021745e-07,1
modèle,fr,1672,6.874698676995195e-08,1
modèle,fr,1671,2.6310043921284887e-08,1
modèle,fr,1670,1.3001786669519788e-07,1
modèle,fr,1669,1.9214766400210692e-07,1
modèle,fr,1668,1.639921265450539e-08,1
modèle,fr,1667,1.7098477655963507e-07,1
modèle,fr,1666,3.596185038645672e-08,1
modèle,fr,1665,2.2454803305649307e-07,1
modèle,fr,1664,5.323386176314671e-07,1
modèle,fr,1663,2.089344803835047e-07,1
modèle,fr,1662,1.028529048596738e-07,1
modèle,fr,1661,1.132986504615019e-08,1
modèle,fr,1660,8.47430303707597e-09,1
modèle,fr,1659,4.9152930614582147e-08,1
modèle,fr,1645,1.1746145389679441e-08,1
modèle,fr,1646,9.309039938898422e-08,1
modèle,fr,1647,4.856167024058777e-08,1
modèle,fr,1648,5.081729526068557e-08,1
modèle,fr,1649,2.2632992369153726e-08,1
modèle,fr,1650,1.2947151795117406e-08,1
modèle,fr,1610,2.401591459033625e-08,1
modèle,fr,1651,8.461417877470012e-08,1
modèle,fr,1653,0.0,1
modèle,fr,1654,1.3429319878355273e-08,1
modèle,fr,1655,1.1987958181691738e-08,1
modèle,fr,1656,2.873269266956413e-08,1
modèle,fr,1657,1.269988647578657e-08,1
modèle,fr,1658,7.078617869638038e-08,1
modèle,fr,1652,5.463284935558477e-08,1
modèle,fr,1609,5.1062784223177005e-08,1
modèle,fr,1608,3.392484160258391e-08,1
modèle,fr,1607,0.0,1
模型,zh,1994,3.469852890702896e-05,1
模型,zh,1993,3.2793435821076855e-05,1
模型,zh,1992,3.764447319554165e-05,1
模型,zh,1991,3.642490628408268e-05,1
模型,zh,1990,3.603076402214356e-05,1
模型,zh,1989,3.714422200573608e-05,1
模型,zh,1988,4.1441850044066086e-05,1
模型,zh,1987,4.308508869144134e-05,1
模型,zh,1986,3.783332431339659e-05,1
模型,zh,1985,3.044799632334616e-05,1
模型,zh,1984,3.231169466744177e-05,1
模型,zh,1983,2.6683193937060423e-05,1
模型,zh,1982,2.4309973014169373e-05,1
模型,zh,1981,2.1887910406803712e-05,1
模型,zh,1980,2.757043876044918e-05,1
模型,zh,1979,1.8015896785072982e-05,1
模型,zh,1978,1.518207682238426e-05,1
模型,zh,1964,9.40734662435716e-06,1
模型,zh,1965,7.537260898970999e-06,1
模型,zh,1966,8.841688213578891e-06,1
模型,zh,1967,5.800044618808897e-06,1
模型,zh,1968,5.445182978291996e-06,1
模型,zh,1969,8.52835364639759e-06,1
模型,zh,1995,3.0050585337448865e-05,1
模型,zh,1970,1.0226160156889819e-05,1
模型,zh,1972,1.4018500223755836e-05,1
模型,zh,1973,1.237915512319887e-05,1
模型,zh,1974,9.973109627026133e-06,1
模型,zh,1975,1.7255770217161626e-05,1
模型,zh,1976,1.606719524716027e-05,1
模型,zh,1977,1.2161599443061277e-05,1
模型,zh,1971,1.1111716048617382e-05,1
模型,zh,1825,0.0,1
模型,zh,1996,3.501783066894859e-05,1
模型,zh,1998,3.945409844163805e-05,1
modèle,fr,1606,0.0,1
modèle,fr,1605,0.0,1
modèle,fr,1604,0.0,1
modèle,fr,1603,2.3107452307158383e-07,1
modèle,fr,1602,5.7505324946305336e-08,1
modèle,fr,1601,4.0473288720477285e-08,1
modèle,fr,1600,2.578932765118225e-07,1
模型,zh,2022,0.00012870688806287944,1
模型,zh,2021,9.36382930376567e-05,1
模型,zh,2020,0.0001243191654793918,1
模型,zh,2019,0.00014906730211805552,1
模型,zh,2018,0.00016099768981803209,1
模型,zh,2017,0.0001033967564580962,1
模型,zh,2016,8.378009806619957e-05,1
模型,zh,2015,6.774132634745911e-05,1
模型,zh,2014,7.520900544477627e-05,1
模型,zh,2013,6.585293886018917e-05,1
模型,zh,1999,4.311586235417053e-05,1
模型,zh,2000,4.481635187403299e-05,1
模型,zh,2001,4.664013613364659e-05,1
模型,zh,2002,5.1087510655634105e-05,1
模型,zh,2003,5.679540481651202e-05,1
模型,zh,2004,7.084084063535556e-05,1
模型,zh,1997,3.4738684917101637e-05,1
模型,zh,2005,0.00010014467261498794,1
模型,zh,2007,7.28789673303254e-05,1
模型,zh,2008,8.976477693067864e-05,1
模型,zh,2009,0.0001225158484885469,1
模型,zh,2010,0.00013753841631114483,1
模型,zh,2011,0.00012166843225713819,1
模型,zh,2012,8.518345566699281e-05,1
模型,zh,2006,8.411861927015707e-05,1
模型,zh,1824,0.0,1
模型,zh,1823,2.1728445176449895e-07,1
模型,zh,1822,0.0,1
模型,zh,1647,0.0,1
模型,zh,1646,0.0,1
模型,zh,1645,0.0,1
模型,zh,1644,0.0,1
模型,zh,1643,0.0,1
模型,zh,1642,0.0,1
模型,zh,1641,0.0,1
模型,zh,1640,0.0,1
模型,zh,1639,0.0,1
模型,zh,1638,0.0,1
模型,zh,1637,0.0,1
模型,zh,1636,0.0,1
模型,zh,1635,0.0,1
模型,zh,1634,0.0,1
模型,zh,1648,6.319694421108579e-06,1
模型,zh,1633,0.0,1
模型,zh,1631,0.0,1
模型,zh,1630,0.0,1
模型,zh,1629,0.0,1
模型,zh,1628,0.0,1
模型,zh,1627,0.0,1
模型,zh,1626,0.0,1
模型,zh,1625,0.0,1
模型,zh,1624,0.0,1
模型,zh,1623,0.0,1
模型,zh,1622,0.0,1
模型,zh,1621,0.0,1
模型,zh,1620,1.1511758657434257e-06,1
模型,zh,1619,0.0,1
模型,zh,1618,0.0,1
模型,zh,1632,0.0,1
模型,zh,1649,0.0,1
模型,zh,1650,0.0,1
模型,zh,1651,0.0,1
模型,zh,1682,0.0,1
模型,zh,1681,0.0,1
模型,zh,1680,0.0,1
模型,zh,1679,0.0,1
模型,zh,1678,0.0,1
模型,zh,1677,0.0,1
模型,zh,1676,0.0,1
模型,zh,1675,0.0,1
模型,zh,1674,0.0,1
模型,zh,1673,0.0,1
模型,zh,1672,2.1837566066551517e-07,1
模型,zh,1671,0.0,1
模型,zh,1670,0.0,1
模型,zh,1669,0.0,1
模型,zh,1668,0.0,1
模型,zh,1667,0.0,1
模型,zh,1666,0.0,1
模型,zh,1652,0.0,1
模型,zh,1653,0.0,1
模型,zh,1654,0.0,1
模型,zh,1655,0.0,1
模型,zh,1656,0.0,1
模型,zh,1657,0.0,1
模型,zh,1617,0.0,1
模型,zh,1658,0.0,1
模型,zh,1660,0.0,1
模型,zh,1661,0.0,1
模型,zh,1662,0.0,1
模型,zh,1663,0.0,1
模型,zh,1664,0.0,1
模型,zh,1665,0.0,1
模型,zh,1659,0.0,1
模型,zh,1616,0.0,1
模型,zh,1615,0.0,1
模型,zh,1614,0.0,1
model,en,2001,0.0002486338489470982,1
model,en,2000,0.00024302777675682535,1
model,en,1999,0.00024105523019250785,1
model,en,1998,0.00025047652729229264,1
model,en,1997,0.0002485837330559182,1
model,en,1996,0.0002608950279690825,1
model,en,1995,0.0002660378975746225,1
model,en,1994,0.0002644967733456127,1
model,en,1993,0.00024664279639234274,1
model,en,1992,0.0002560738282875799,1
model,en,1991,0.0002585683981075129,1
model,en,1990,0.00026044656184342346,1
model,en,1989,0.00024928908769724506,1
model,en,1988,0.00024866716098496944,1
model,en,1987,0.0002538127909748056,1
model,en,1986,0.00025166470467488655,1
model,en,1985,0.00024656142468273967,1
model,en,1971,0.00016186091555592252,1
model,en,1972,0.00016411915196606897,1
model,en,1973,0.00017778422997610788,1
model,en,1974,0.00018748379392413694,1
model,en,1975,0.00018800392891780981,1
model,en,1976,0.00019936886487428515,1
model,en,2002,0.0002536697555088341,1
model,en,1977,0.00020782835095425195,1
model,en,1979,0.00020868813873195502,1
model,en,1980,0.00022527413088955714,1
model,en,1981,0.00022203793268902455,1
model,en,1982,0.00022281002274586112,1
model,en,1983,0.00022326646556833363,1
model,en,1984,0.00023327876328872732,1
model,en,1978,0.0002145724529745846,1
模型,zh,1683,0.0,1
model,en,2003,0.0002673315384016939,1
model,en,2005,0.00027368062563316864,1
模型,zh,1613,0.0,1
模型,zh,1612,0.0,1
模型,zh,1611,0.0,1
模型,zh,1610,0.0,1
模型,zh,1609,0.0,1
模型,zh,1608,0.0,1
模型,zh,1607,0.0,1
模型,zh,1606,0.0,1
模型,zh,1605,0.0,1
模型,zh,1604,0.0,1
模型,zh,1603,0.0,1
模型,zh,1602,0.0,1
模型,zh,1601,0.0,1
模型,zh,1600,0.0,1
model,en,2022,0.0002652236463743102,1
model,en,2021,0.0002754533865934883,1
model,en,2020,0.00023884075736956,1
model,en,2006,0.0002727870011971535,1
model,en,2007,0.00026556771159208514,1
model,en,2008,0.00025692261989784804,1
model,en,2009,0.00025734174581074076,1
model,en,2010,0.0002436683883724755,1
model,en,2011,0.00025778808795884345,1
model,en,2004,0.0002655145102315598,1
model,en,2012,0.0003228182892718867,1
model,en,2014,0.0002507684893069406,1
model,en,2015,0.00023921204412175046,1
model,en,2016,0.0002607694197224175,1
model,en,2017,0.00026042246931684554,1
model,en,2018,0.00028248253145701785,1
model,en,2019,0.0002661387599382503,1
model,en,2013,0.0003010686678193708,1
modèle,fr,1676,7.915289756965649e-08,1
模型,zh,1684,0.0,1
模型,zh,1686,0.0,1
模型,zh,1786,0.0,1
模型,zh,1785,0.0,1
模型,zh,1784,0.0,1
模型,zh,1783,0.0,1
模型,zh,1782,0.0,1
模型,zh,1781,0.0,1
模型,zh,1780,0.0,1
模型,zh,1779,0.0,1
模型,zh,1778,0.0,1
模型,zh,1777,7.122710030671442e-07,1
模型,zh,1776,0.0,1
模型,zh,1775,0.0,1
模型,zh,1774,0.0,1
模型,zh,1773,0.0,1
模型,zh,1787,0.0,1
模型,zh,1772,0.0,1
模型,zh,1770,0.0,1
模型,zh,1769,0.0,1
模型,zh,1768,3.390999552266294e-07,1
模型,zh,1767,0.0,1
模型,zh,1766,0.0,1
模型,zh,1765,0.0,1
模型,zh,1764,0.0,1
模型,zh,1763,0.0,1
模型,zh,1762,0.0,1
模型,zh,1761,0.0,1
模型,zh,1760,0.0,1
模型,zh,1759,0.0,1
模型,zh,1758,0.0,1
模型,zh,1757,0.0,1
模型,zh,1771,0.0,1
模型,zh,1788,0.0,1
模型,zh,1789,7.220602356028394e-07,1
模型,zh,1790,0.0,1
模型,zh,1821,0.0,1
模型,zh,1820,0.0,1
模型,zh,1819,9.235733955392789e-07,1
模型,zh,1818,0.0,1
模型,zh,1817,0.0,1
模型,zh,1816,0.0,1
模型,zh,1815,1.2432357721081644e-07,1
模型,zh,1814,0.0,1
模型,zh,1813,9.432320524638271e-08,1
模型,zh,1812,0.0,1
模型,zh,1811,0.0,1
模型,zh,1810,0.0,1
模型,zh,1809,0.0,1
模型,zh,1808,0.0,1
模型,zh,1807,3.678554776342935e-07,1
模型,zh,1806,0.0,1
模型,zh,1805,0.0,1
模型,zh,1791,0.0,1
模型,zh,1792,0.0,1
模型,zh,1793,5.634282842947869e-06,1
模型,zh,1794,2.2077077233007003e-07,1
模型,zh,1795,3.572313858057896e-07,1
模型,zh,1796,0.0,1
模型,zh,1756,0.0,1
模型,zh,1797,0.0,1
模型,zh,1799,0.0,1
模型,zh,1800,0.0,1
模型,zh,1801,0.0,1
模型,zh,1802,0.0,1
模型,zh,1803,3.167147326621489e-07,1
模型,zh,1804,0.0,1
模型,zh,1798,0.0,1
模型,zh,1755,0.0,1
模型,zh,1754,0.0,1
模型,zh,1753,0.0,1
模型,zh,1717,0.0,1
模型,zh,1716,0.0,1
模型,zh,1715,0.0,1
模型,zh,1714,0.0,1
模型,zh,1713,0.0,1
模型,zh,1712,0.0,1
模型,zh,1711,9.961418356851937e-08,1
模型,zh,1710,0.0,1
模型,zh,1709,0.0,1
模型,zh,1708,0.0,1
模型,zh,1707,0.0,1
模型,zh,1706,9.325426617579069e-07,1
模型,zh,1705,0.0,1
模型,zh,1704,0.0,1
模型,zh,1703,0.0,1
模型,zh,1702,0.0,1
模型,zh,1701,0.0,1
模型,zh,1687,0.0,1
模型,zh,1688,0.0,1
模型,zh,1689,0.0,1
模型,zh,1690,0.0,1
模型,zh,1691,0.0,1
模型,zh,1692,0.0,1
模型,zh,1718,0.0,1
模型,zh,1693,0.0,1
模型,zh,1695,0.0,1
模型,zh,1696,0.0,1
模型,zh,1697,0.0,1
模型,zh,1698,0.0,1
模型,zh,1699,0.0,1
模型,zh,1700,0.0,1
模型,zh,1694,0.0,1
模型,zh,1685,0.0,1
模型,zh,1719,0.0,1
模型,zh,1721,0.0,1
模型,zh,1752,0.0,1
模型,zh,1751,0.0,1
模型,zh,1750,0.0,1
模型,zh,1749,0.0,1
模型,zh,1748,0.0,1
模型,zh,1747,0.0,1
模型,zh,1746,0.0,1
模型,zh,1745,0.0,1
模型,zh,1744,0.0,1
模型,zh,1743,0.0,1
模型,zh,1742,0.0,1
模型,zh,1741,4.4487430272965867e-07,1
模型,zh,1740,0.0,1
模型,zh,1739,9.909928877505081e-08,1
模型,zh,1738,0.0,1
模型,zh,1737,0.0,1
模型,zh,1736,0.0,1
模型,zh,1722,2.2853788550492027e-07,1
模型,zh,1723,0.0,1
模型,zh,1724,0.0,1
模型,zh,1725,0.0,1
模型,zh,1726,0.0,1
模型,zh,1727,0.0,1
模型,zh,1720,0.0,1
模型,zh,1728,0.0,1
模型,zh,1730,0.0,1
模型,zh,1731,0.0,1
模型,zh,1732,0.0,1
模型,zh,1733,0.0,1
模型,zh,1734,0.0,1
模型,zh,1735,0.0,1
模型,zh,1729,0.0,1
modèle,fr,1677,4.1757186153290604e-08,1
modèle,fr,1678,9.465554740017978e-08,1
modèle,fr,1679,9.360033459415718e-08,1
Modell,de,1634,0.0,1
Modell,de,1633,5.121943011943131e-07,1
Modell,de,1632,1.3838432266766176e-07,1
Modell,de,1631,4.273715532576716e-07,1
Modell,de,1630,5.529506381662941e-07,1
Modell,de,1629,1.5890890736613983e-07,1
Modell,de,1628,1.5135921174191935e-06,1
Modell,de,1627,5.489851844231453e-07,1
Modell,de,1626,0.0,1
Modell,de,1625,1.877373847491981e-07,1
Modell,de,1624,5.180844340202384e-07,1
Modell,de,1623,4.83392312844444e-07,1
Modell,de,1622,7.940191437683097e-08,1
Modell,de,1621,1.759060310746463e-07,1
Modell,de,1635,1.2315620097069768e-06,1
Modell,de,1620,4.048250303867462e-07,1
Modell,de,1618,2.9627395292664005e-07,1
Modell,de,1617,2.5425718455096558e-06,1
Modell,de,1616,7.875875098761753e-07,1
Modell,de,1615,9.618832130797728e-08,1
Modell,de,1614,4.642755868644599e-08,1
Modell,de,1613,0.0,1
Modell,de,1612,0.0,1
Modell,de,1611,5.5061434522940544e-08,1
Modell,de,1610,5.272271863532296e-08,1
Modell,de,1609,0.0,1
Modell,de,1608,0.0,1
Modell,de,1607,0.0,1
Modell,de,1606,0.0,1
Modell,de,1605,0.0,1
Modell,de,1619,2.2000399724220188e-08,1
Modell,de,1636,1.3687373723314522e-06,1
Modell,de,1637,2.8818493547078106e-07,1
Modell,de,1638,1.1034458680114767e-07,1
Modell,de,1669,1.1654865232912925e-06,1
Modell,de,1668,1.3156753704279822e-06,1
Modell,de,1667,2.1424033533889997e-06,1
Modell,de,1666,3.402294918686266e-06,1
Modell,de,1665,4.25045811880409e-07,1
Modell,de,1664,9.911343816781937e-07,1
Modell,de,1663,1.921962905271357e-06,1
Modell,de,1662,9.473779556401496e-07,1
Modell,de,1661,1.8147025571124686e-07,1
Modell,de,1660,4.774011586050619e-07,1
Modell,de,1659,1.6533363833559633e-06,1
Modell,de,1658,3.1539813960534957e-07,1
Modell,de,1657,2.429443384244223e-07,1
Modell,de,1656,9.837651120392366e-07,1
Modell,de,1655,9.99523926736856e-07,1
Modell,de,1654,5.669523375217977e-07,1
Modell,de,1653,1.8817752334143734e-06,1
Modell,de,1639,5.235814484194634e-07,1
Modell,de,1640,2.8943461671815385e-07,1
Modell,de,1641,3.529774915023154e-05,1
Modell,de,1642,6.340001235116688e-07,1
Modell,de,1643,1.1368256025434675e-07,1
Modell,de,1644,1.935985153522779e-06,1
Modell,de,1604,0.0,1
Modell,de,1645,1.6122470469781547e-07,1
Modell,de,1647,1.4175675033811785e-07,1
Modell,de,1648,9.855659186541743e-07,1
Modell,de,1649,2.2588983483728953e-06,1
Modell,de,1650,3.5821685173687e-07,1
Modell,de,1651,1.223659751303785e-06,1
Modell,de,1652,1.9132704718316518e-06,1
Modell,de,1646,2.1730849653067708e-07,1
Modell,de,1603,5.104170668346342e-07,1
Modell,de,1602,0.0,1
Modell,de,1601,0.0,1
modèle,fr,1988,0.00011456342122073693,1
modèle,fr,1987,0.00011622446891124127,1
modèle,fr,1986,0.00011427147740050714,1
modèle,fr,1985,0.00011086477366006875,1
modèle,fr,1984,0.00010894978694414581,1
modèle,fr,1983,0.00011249973105159627,1
modèle,fr,1982,0.00010442099045349096,1
modèle,fr,1981,0.0001129443949139386,1
modèle,fr,1980,0.000104474996760473,1
modèle,fr,1979,9.636437211119064e-05,1
modèle,fr,1978,0.00010141831324972372,1
modèle,fr,1977,0.00010588309819081765,1
modèle,fr,1976,0.00011581274185346047,1
modèle,fr,1975,0.0001092919039415996,1
modèle,fr,1974,0.00010915846951320418,1
modèle,fr,1973,0.00010122968618075934,1
modèle,fr,1972,9.643001947290397e-05,1
modèle,fr,1958,5.45127052191674e-05,1
modèle,fr,1959,5.611840003894031e-05,1
modèle,fr,1960,5.440343772988854e-05,1
modèle,fr,1961,5.4979587787329365e-05,1
modèle,fr,1962,6.191605439198611e-05,1
modèle,fr,1963,6.388857133177162e-05,1
modèle,fr,1989,0.00011889885888649587,1
modèle,fr,1964,5.8225741611295234e-05,1
modèle,fr,1966,6.510986543162289e-05,1
modèle,fr,1967,6.514255994716223e-05,1
modèle,fr,1968,7.346634703297994e-05,1
modèle,fr,1969,7.644462948519504e-05,1
modèle,fr,1970,8.568481513848702e-05,1
modèle,fr,1971,9.319369002014355e-05,1
modèle,fr,1965,5.6170192408444564e-05,1
Modell,de,1670,1.0705088371310012e-06,1
modèle,fr,1990,0.00011710425928868062,1
modèle,fr,1992,0.00012077134363153164,1
Modell,de,1600,2.7137534175381006e-07,1
modèle,fr,2022,8.421516642620475e-05,1
modèle,fr,2021,8.419154695263331e-05,1
modèle,fr,2020,8.850494061196645e-05,1
modèle,fr,2019,9.433974495792752e-05,1
modèle,fr,2018,9.850157991109221e-05,1
modèle,fr,2017,9.3304978049491e-05,1
modèle,fr,2016,8.755906435356509e-05,1
modèle,fr,2015,9.825081508552103e-05,1
modèle,fr,2014,9.561237164934511e-05,1
modèle,fr,2013,0.00011115167691966299,1
modèle,fr,2012,0.00011412185223408366,1
modèle,fr,2011,0.00012839459825619848,1
modèle,fr,2010,0.00013694583910195401,1
modèle,fr,2009,0.00014840601209409332,1
modèle,fr,2008,0.00014968762017741888,1
modèle,fr,2007,0.00013963032609465298,1
modèle,fr,1993,0.00012825441615404998,1
modèle,fr,1994,0.00012597976922834597,1
modèle,fr,1995,0.0001278387386491886,1
modèle,fr,1996,0.00013388919535373134,1
modèle,fr,1997,0.00013896283752501404,1
modèle,fr,1998,0.000137993095904676,1
modèle,fr,1991,0.00012022953006862735,1
modèle,fr,1999,0.0001252406105436421,1
modèle,fr,2001,0.00013854185351647175,1
modèle,fr,2002,0.0001394852868088492,1
modèle,fr,2003,0.00013859499688351207,1
modèle,fr,2004,0.00014882176202046793,1
modèle,fr,2005,0.00015285391657471337,1
modèle,fr,2006,0.00015221615490190743,1
modèle,fr,2000,0.00013507001854129452,1
modèle,fr,1957,5.1242685060515214e-05,1
Modell,de,1671,8.016531722887521e-07,1
Modell,de,1673,1.3082139531661596e-06,1
Modell,de,1773,3.7296953410148603e-06,1
Modell,de,1772,5.2744280480965244e-06,1
Modell,de,1771,3.6605044622106675e-06,1
Modell,de,1770,3.8085986406866112e-06,1
Modell,de,1769,3.2498191555596634e-06,1
Modell,de,1768,3.713773615743321e-06,1
Modell,de,1767,4.261820037099184e-06,1
Modell,de,1766,3.668123101707721e-06,1
Modell,de,1765,2.3184408810550394e-06,1
Modell,de,1764,4.661783677528675e-06,1
Modell,de,1763,4.332892459046889e-06,1
Modell,de,1762,3.4804444268843326e-06,1
Modell,de,1761,2.387277163506951e-06,1
Modell,de,1760,1.5049883348439153e-06,1
Modell,de,1774,4.0972297279395775e-06,1
Modell,de,1759,1.289097896872704e-06,1
Modell,de,1757,1.985072032084645e-06,1
Modell,de,1756,1.7775296918820516e-06,1
Modell,de,1755,2.704570420508645e-06,1
Modell,de,1754,2.4698492353536494e-06,1
Modell,de,1753,2.129624518509843e-06,1
Modell,de,1752,1.776165483136083e-06,1
Modell,de,1751,2.46421259220142e-06,1
Modell,de,1750,2.0457489879888158e-06,1
Modell,de,1749,1.982514071130481e-06,1
Modell,de,1748,1.8950559876884654e-06,1
Modell,de,1747,2.6903812857526077e-06,1
Modell,de,1746,2.0901381820870313e-06,1
Modell,de,1745,2.392522159055943e-06,1
Modell,de,1744,2.5950893844939316e-06,1
Modell,de,1758,1.720914620584324e-06,1
Modell,de,1775,2.5676995696333194e-06,1
Modell,de,1776,4.10449095511467e-06,1
Modell,de,1777,5.051627130825409e-06,1
Modell,de,1808,3.816535388834197e-06,1
Modell,de,1807,3.5956711013085396e-06,1
Modell,de,1806,4.814623986604261e-06,1
Modell,de,1805,4.618224549446381e-06,1
Modell,de,1804,4.404646806399626e-06,1
Modell,de,1803,6.921392069259014e-06,1
Modell,de,1802,4.121927033029493e-06,1
Modell,de,1801,4.922878571456124e-06,1
Modell,de,1800,3.4397691455190227e-06,1
Modell,de,1799,3.910569906784289e-06,1
Modell,de,1798,4.53606497841097e-06,1
Modell,de,1797,3.7701578461390994e-06,1
Modell,de,1796,3.97624019576881e-06,1
Modell,de,1795,4.350699819966053e-06,1
Modell,de,1794,4.081294114111067e-06,1
Modell,de,1793,4.21644741921412e-06,1
Modell,de,1792,3.226712191661818e-06,1
Modell,de,1778,2.7847063304164976e-06,1
Modell,de,1779,6.241226090164531e-06,1
Modell,de,1780,5.057585088508176e-06,1
Modell,de,1781,4.239863432786706e-06,1
Modell,de,1782,3.5888229923397574e-06,1
Modell,de,1783,3.8005235261096004e-06,1
Modell,de,1743,1.8615532821897318e-06,1
Modell,de,1784,3.812900006172626e-06,1
Modell,de,1786,3.7827557601843864e-06,1
Modell,de,1787,3.1124348631728083e-06,1
Modell,de,1788,3.1048280000334216e-06,1
Modell,de,1789,3.2249197237099736e-06,1
Modell,de,1790,3.3808228692144837e-06,1
Modell,de,1791,3.358114362361775e-06,1
Modell,de,1785,2.9843629554271445e-06,1
Modell,de,1742,1.3087638639497357e-06,1
Modell,de,1741,2.6795786034483626e-06,1
Modell,de,1740,1.7333016941734058e-06,1
Modell,de,1704,1.264274976264801e-06,1
Modell,de,1703,1.6753750777809273e-06,1
Modell,de,1702,3.019481577659633e-06,1
Modell,de,1701,1.3564105358909728e-06,1
Modell,de,1700,1.7953184610064454e-06,1
Modell,de,1699,2.7896848848740774e-06,1
Modell,de,1698,1.7219335060048024e-06,1
Modell,de,1697,3.579836487688226e-06,1
Modell,de,1696,2.13857055086919e-06,1
Modell,de,1695,2.1908283116545135e-06,1
Modell,de,1694,1.3910535017203074e-06,1
Modell,de,1693,1.534061848218471e-06,1
Modell,de,1692,1.4117870250629494e-06,1
Modell,de,1691,1.753487232747375e-06,1
Modell,de,1690,1.1439584053363205e-06,1
Modell,de,1689,1.7846444793079286e-06,1
Modell,de,1688,1.7233288156504045e-06,1
Modell,de,1674,5.921770718231301e-07,1
Modell,de,1675,9.017995694193814e-06,1
Modell,de,1676,1.3033618415647652e-06,1
Modell,de,1677,2.1104509073666122e-06,1
Modell,de,1678,1.4600722693103307e-06,1
Modell,de,1679,1.139877639388942e-06,1
Modell,de,1705,2.6346132813159784e-06,1
Modell,de,1680,8.908989457268035e-07,1
Modell,de,1682,5.156467778988372e-06,1
Modell,de,1683,1.0603866940073203e-06,1
Modell,de,1684,3.291971552243922e-06,1
Modell,de,1685,1.4139600210683057e-06,1
Modell,de,1686,1.9437313056869243e-06,1
Modell,de,1687,2.7151522310475684e-06,1
Modell,de,1681,8.018797892361818e-07,1
Modell,de,1672,1.5413218434900955e-06,1
Modell,de,1706,2.7779636226910043e-06,1
Modell,de,1708,2.193419526008711e-06,1
Modell,de,1739,2.876375498672701e-06,1
Modell,de,1738,1.8053259935868482e-06,1
Modell,de,1737,1.9428490958262046e-06,1
Modell,de,1736,2.5081489480882624e-06,1
Modell,de,1735,2.567093879690674e-06,1
Modell,de,1734,2.053382999633868e-06,1
Modell,de,1733,1.929029878056099e-06,1
Modell,de,1732,1.718152096596981e-06,1
Modell,de,1731,1.951359658747265e-06,1
Modell,de,1730,1.8676365698411246e-06,1
Modell,de,1729,1.9908358628306644e-06,1
Modell,de,1728,1.655348839335602e-06,1
Modell,de,1727,3.1827671307382843e-06,1
Modell,de,1726,3.187967820394988e-06,1
Modell,de,1725,4.514955612933136e-06,1
Modell,de,1724,3.731362795633686e-06,1
Modell,de,1723,3.155599925364072e-06,1
Modell,de,1709,2.0502929780619183e-06,1
Modell,de,1710,1.92628483652868e-06,1
Modell,de,1711,2.4015271122834747e-06,1
Modell,de,1712,2.0960809088421684e-06,1
Modell,de,1713,1.7805979268814554e-06,1
Modell,de,1714,1.8642405059665634e-06,1
Modell,de,1707,2.0899254913331333e-06,1
Modell,de,1715,3.023020076042826e-06,1
Modell,de,1717,2.7878179169604778e-06,1
Modell,de,1718,2.6900715610622683e-06,1
Modell,de,1719,2.548720061668064e-06,1
Modell,de,1720,3.5093990362611294e-06,1
Modell,de,1721,2.162731561838882e-06,1
Modell,de,1722,2.5983849387678504e-06,1
Modell,de,1716,2.7122255712441756e-06,1
model,en,1970,0.0001567456139138848,1
modèle,fr,1956,5.50007058564006e-05,1
modèle,fr,1954,4.8470781848664046e-05,1
modèle,fr,1779,1.0131382516931353e-05,1
modèle,fr,1778,7.064511017063069e-06,1
modèle,fr,1777,8.344651821090565e-06,1
modèle,fr,1776,8.87805903104777e-06,1
modèle,fr,1775,8.451896029271211e-06,1
modèle,fr,1774,1.0143353236458097e-05,1
modèle,fr,1773,9.779246497032545e-06,1
modèle,fr,1772,9.310526838390842e-06,1
modèle,fr,1771,9.931454073353052e-06,1
modèle,fr,1770,1.0149728733144237e-05,1
modèle,fr,1769,9.654432520989076e-06,1
modèle,fr,1768,8.098449541193986e-06,1
modèle,fr,1767,9.589362804263146e-06,1
modèle,fr,1766,9.146639541768309e-06,1
modèle,fr,1780,7.479460656156789e-06,1
modèle,fr,1765,7.71171227142986e-06,1
modèle,fr,1763,8.301814261812979e-06,1
modèle,fr,1762,7.508410963197321e-06,1
modèle,fr,1761,8.067387879506782e-06,1
modèle,fr,1760,7.922906291923937e-06,1
modèle,fr,1759,9.196278412559877e-06,1
modèle,fr,1758,7.568504713617585e-06,1
modèle,fr,1757,3.612843079281447e-05,1
modèle,fr,1756,7.4010914019595475e-06,1
modèle,fr,1755,1.4534637970520237e-05,1
modèle,fr,1754,6.355765422405568e-06,1
modèle,fr,1753,5.4182805797609035e-06,1
modèle,fr,1752,5.95286188342925e-06,1
modèle,fr,1751,4.892483048024587e-06,1
modèle,fr,1750,1.002406431060976e-05,1
modèle,fr,1764,1.1326803228683957e-05,1
modèle,fr,1781,8.398521631036715e-06,1
modèle,fr,1782,1.8820081038484204e-05,1
modèle,fr,1783,1.8961479611334653e-05,1
modèle,fr,1814,3.750088581000455e-05,1
modèle,fr,1813,3.373405667161933e-05,1
modèle,fr,1812,4.196302319314782e-05,1
modèle,fr,1811,3.721124562616751e-05,1
modèle,fr,1810,3.929092750354357e-05,1
modèle,fr,1809,3.423382770506578e-05,1
modèle,fr,1808,3.38135469029055e-05,1
modèle,fr,1807,4.543616114460747e-05,1
modèle,fr,1806,4.899162877336494e-05,1
modèle,fr,1805,3.6593226013792446e-05,1
modèle,fr,1804,3.8281011001117804e-05,1
modèle,fr,1803,3.281880225358691e-05,1
modèle,fr,1802,3.111372359398956e-05,1
modèle,fr,1801,3.005804984468341e-05,1
modèle,fr,1800,3.391332973023964e-05,1
modèle,fr,1799,2.5471758732464878e-05,1
modèle,fr,1798,2.453594771623102e-05,1
modèle,fr,1784,1.8495975254495534e-05,1
modèle,fr,1785,1.5722884924684877e-05,1
modèle,fr,1786,2.262775933559169e-05,1
modèle,fr,1787,1.63472788301533e-05,1
modèle,fr,1788,3.5319624089424906e-05,1
modèle,fr,1789,1.9377480860782725e-05,1
modèle,fr,1749,5.360645104701689e-06,1
modèle,fr,1790,1.7027067492847436e-05,1
modèle,fr,1792,2.1269209355523344e-05,1
modèle,fr,1793,2.0251851704067292e-05,1
modèle,fr,1794,2.362952193379897e-05,1
modèle,fr,1795,2.1707080861688155e-05,1
modèle,fr,1796,2.0671783516945652e-05,1
modèle,fr,1797,2.1988925148264116e-05,1
modèle,fr,1791,2.6822705052609308e-05,1
modèle,fr,1748,3.892163789487313e-06,1
modèle,fr,1747,7.360517884080764e-06,1
modèle,fr,1746,4.357489103767875e-06,1
modèle,fr,1710,2.3577946812736172e-06,1
modèle,fr,1709,1.126009701479802e-06,1
modèle,fr,1708,7.697165163023101e-07,1
modèle,fr,1707,1.3387396293751408e-06,1
modèle,fr,1706,1.086012730411312e-06,1
modèle,fr,1705,5.705117729348785e-07,1
modèle,fr,1704,7.663799124202342e-07,1
modèle,fr,1703,3.2810592642817937e-07,1
modèle,fr,1702,9.036446257937314e-07,1
modèle,fr,1701,8.740707215793009e-07,1
modèle,fr,1700,8.14645474633835e-07,1
modèle,fr,1699,8.667161637276877e-07,1
modèle,fr,1698,3.989430297224317e-07,1
modèle,fr,1697,4.4153946188174586e-07,1
modèle,fr,1696,2.886925400957807e-07,1
modèle,fr,1695,8.901680814688007e-08,1
modèle,fr,1694,6.110795283120751e-07,1
modèle,fr,1680,1.0674590811277085e-07,1
modèle,fr,1681,9.31013133254055e-08,1
modèle,fr,1682,9.227717612247943e-08,1
modèle,fr,1683,2.594207444417407e-07,1
modèle,fr,1684,1.138162524227937e-07,1
modèle,fr,1685,1.8748438979088178e-07,1
modèle,fr,1711,6.922298325662268e-07,1
modèle,fr,1686,5.823658852932567e-07,1
modèle,fr,1688,4.965290525404953e-07,1
modèle,fr,1689,3.2163262941864446e-07,1
modèle,fr,1690,1.8126025835840665e-07,1
modèle,fr,1691,8.806586606624478e-07,1
modèle,fr,1692,9.621354024602624e-08,1
modèle,fr,1693,4.830904711816686e-07,1
modèle,fr,1687,3.198411562266301e-07,1
modèle,fr,1815,2.9957810824043918e-05,1
modèle,fr,1712,8.082130618092265e-07,1
modèle,fr,1714,8.658919199433512e-07,1
modèle,fr,1745,5.460132598500422e-06,1
modèle,fr,1744,4.890786172495609e-06,1
modèle,fr,1743,7.464431693193774e-06,1
modèle,fr,1742,6.764376280443685e-06,1
modèle,fr,1741,6.129207633875922e-06,1
modèle,fr,1740,3.947038223373056e-06,1
modèle,fr,1739,6.389683907315202e-06,1
modèle,fr,1738,3.6837023174030037e-06,1
modèle,fr,1737,4.234577716033527e-06,1
modèle,fr,1736,7.161681338629933e-06,1
modèle,fr,1735,3.6129585225808114e-06,1
modèle,fr,1734,1.7720030029977352e-06,1
modèle,fr,1733,2.298086566820956e-06,1
modèle,fr,1732,8.835620075586803e-07,1
modèle,fr,1731,1.5356833635848943e-06,1
modèle,fr,1730,1.085138055856305e-06,1
modèle,fr,1729,2.244539061280193e-06,1
modèle,fr,1715,9.044234658972528e-07,1
modèle,fr,1716,1.9473805821235146e-06,1
modèle,fr,1717,2.2043668366222846e-06,1
modèle,fr,1718,3.160072481023235e-06,1
modèle,fr,1719,1.874924748790363e-06,1
modèle,fr,1720,1.8925149447568401e-06,1
modèle,fr,1713,6.164564716470977e-07,1
modèle,fr,1721,1.9763791669902275e-06,1
modèle,fr,1723,1.3244890055830183e-06,1
modèle,fr,1724,1.4999298514339898e-06,1
modèle,fr,1725,1.6049682542984556e-06,1
modèle,fr,1726,2.8115792360949854e-06,1
modèle,fr,1727,1.3158235390164918e-06,1
modèle,fr,1728,3.836109613075678e-06,1
modèle,fr,1722,2.193137561334879e-06,1
modèle,fr,1955,5.287590701530398e-05,1
modèle,fr,1816,3.507023558313449e-05,1
modèle,fr,1818,4.479659571643424e-05,1
modèle,fr,1918,4.17464077600016e-05,1
modèle,fr,1917,4.1829104280743934e-05,1
modèle,fr,1916,3.9672349316788313e-05,1
modèle,fr,1915,4.04357005683309e-05,1
modèle,fr,1914,4.033513905565833e-05,1
modèle,fr,1913,4.4377237600201624e-05,1
modèle,fr,1912,4.103594756088569e-05,1
modèle,fr,1911,4.070444060744194e-05,1
modèle,fr,1910,3.950103712213604e-05,1
modèle,fr,1909,4.321637902648945e-05,1
modèle,fr,1908,3.935317431569274e-05,1
modèle,fr,1907,3.696798421515268e-05,1
modèle,fr,1906,4.007207536460555e-05,1
modèle,fr,1905,3.8019302394332044e-05,1
modèle,fr,1919,4.71142276410319e-05,1
modèle,fr,1904,3.822312248757953e-05,1
modèle,fr,1902,3.95856571344666e-05,1
modèle,fr,1901,3.645639549176849e-05,1
modèle,fr,1900,3.9659856730156484e-05,1
modèle,fr,1899,3.511018072460681e-05,1
modèle,fr,1898,3.862626795125834e-05,1
modèle,fr,1897,4.048506713283384e-05,1
modèle,fr,1896,4.137456090802516e-05,1
modèle,fr,1895,3.594664485717658e-05,1
modèle,fr,1894,3.8299279986331314e-05,1
modèle,fr,1893,3.950052621348732e-05,1
modèle,fr,1892,3.892466850174969e-05,1
modèle,fr,1891,3.927925638436136e-05,1
modèle,fr,1890,4.131516539018776e-05,1
modèle,fr,1889,4.1948424268412055e-05,1
modèle,fr,1903,3.821457949015894e-05,1
modèle,fr,1920,4.69612066353875e-05,1
modèle,fr,1921,4.145115036635616e-05,1
modèle,fr,1922,4.04913130296336e-05,1
modèle,fr,1953,4.798775546532852e-05,1
modèle,fr,1952,5.010299897023618e-05,1
modèle,fr,1951,4.9634493962003035e-05,1
modèle,fr,1950,4.412570245904135e-05,1
modèle,fr,1949,4.4825530951864145e-05,1
modèle,fr,1948,4.4379747862421937e-05,1
modèle,fr,1947,4.251925190601469e-05,1
modèle,fr,1946,4.1736913544809795e-05,1
modèle,fr,1945,4.0408628308341576e-05,1
modèle,fr,1944,4.383301376265081e-05,1
modèle,fr,1943,4.200534019105362e-05,1
modèle,fr,1942,4.1407930439163465e-05,1
modèle,fr,1941,4.3701720812805434e-05,1
modèle,fr,1940,4.946284639117948e-05,1
modèle,fr,1939,4.99283930821548e-05,1
modèle,fr,1938,4.683205906985677e-05,1
modèle,fr,1937,4.401605838211253e-05,1
modèle,fr,1923,3.958790773594956e-05,1
modèle,fr,1924,4.133791583171842e-05,1
modèle,fr,1925,3.849933279465034e-05,1
modèle,fr,1926,3.988108198316187e-05,1
modèle,fr,1927,4.091300388608943e-05,1
modèle,fr,1928,4.274263778825116e-05,1
modèle,fr,1888,3.6202125977990995e-05,1
modèle,fr,1929,4.2943703533637745e-05,1
modèle,fr,1931,4.103550372747122e-05,1
modèle,fr,1932,4.4475458253145916e-05,1
modèle,fr,1933,4.148188963881694e-05,1
modèle,fr,1934,4.1963303374359384e-05,1
modèle,fr,1935,4.073508864155251e-05,1
modèle,fr,1936,4.036260668272007e-05,1
modèle,fr,1930,4.267642054855969e-05,1
modèle,fr,1887,4.056937996210763e-05,1
modèle,fr,1886,3.7671007646622456e-05,1
modèle,fr,1885,4.2703065110893945e-05,1
modèle,fr,1849,2.8364090837840195e-05,1
modèle,fr,1848,3.231136901149512e-05,1
modèle,fr,1847,3.621121156704987e-05,1
modèle,fr,1846,2.9667402088762174e-05,1
modèle,fr,1845,3.453742150494321e-05,1
modèle,fr,1844,3.1469211184353973e-05,1
modèle,fr,1843,3.691673225603154e-05,1
modèle,fr,1842,2.9357610494606945e-05,1
modèle,fr,1841,3.378150825572579e-05,1
modèle,fr,1840,3.398645963315072e-05,1
modèle,fr,1839,2.9878622489931672e-05,1
modèle,fr,1838,2.765810955907e-05,1
modèle,fr,1837,3.0728863976037246e-05,1
modèle,fr,1836,3.3020195559840815e-05,1
modèle,fr,1835,3.591946939252022e-05,1
modèle,fr,1834,3.631352745969707e-05,1
modèle,fr,1833,3.905915764335077e-05,1
modèle,fr,1819,4.048139226142666e-05,1
modèle,fr,1820,3.0517969150878343e-05,1
modèle,fr,1821,3.857722089151139e-05,1
modèle,fr,1822,4.217562724306845e-05,1
modèle,fr,1823,3.762486431924117e-05,1
modèle,fr,1824,3.639437579749938e-05,1
modèle,fr,1850,3.033972392607609e-05,1
modèle,fr,1825,4.124593186816128e-05,1
modèle,fr,1827,3.324391440173713e-05,1
modèle,fr,1828,3.0111215806982727e-05,1
modèle,fr,1829,3.383835655768053e-05,1
modèle,fr,1830,3.224824604586285e-05,1
modèle,fr,1831,3.409203833371066e-05,1
modèle,fr,1832,3.660377831238293e-05,1
modèle,fr,1826,3.380729605417798e-05,1
modèle,fr,1817,3.844985758405528e-05,1
modèle,fr,1851,3.4298269158350436e-05,1
modèle,fr,1853,3.4543497906547316e-05,1
modèle,fr,1884,3.381646280331552e-05,1
modèle,fr,1883,3.714214676620031e-05,1
modèle,fr,1882,3.733191203991737e-05,1
modèle,fr,1881,3.633005274594758e-05,1
modèle,fr,1880,4.1725796600555753e-05,1
modèle,fr,1879,3.769316958823765e-05,1
modèle,fr,1878,3.832878343246193e-05,1
modèle,fr,1877,3.588122446618325e-05,1
modèle,fr,1876,3.661822057665631e-05,1
modèle,fr,1875,3.319301237070249e-05,1
modèle,fr,1874,3.458049879823122e-05,1
modèle,fr,1873,3.586860052506857e-05,1
modèle,fr,1872,3.493547137622954e-05,1
modèle,fr,1871,3.2349355933547486e-05,1
modèle,fr,1870,3.555139408378816e-05,1
modèle,fr,1869,3.434167115301534e-05,1
modèle,fr,1868,3.622862062702126e-05,1
modèle,fr,1854,3.69599327996184e-05,1
modèle,fr,1855,4.063979753254898e-05,1
modèle,fr,1856,3.96767729853309e-05,1
modèle,fr,1857,3.287215827185719e-05,1
modèle,fr,1858,3.32945344325708e-05,1
modèle,fr,1859,3.589020133176746e-05,1
modèle,fr,1852,3.4208816032332834e-05,1
modèle,fr,1860,3.7367312494929195e-05,1
modèle,fr,1862,3.7011872336734086e-05,1
modèle,fr,1863,3.6284140400744125e-05,1
modèle,fr,1864,3.769621253013611e-05,1
modèle,fr,1865,3.612685122378334e-05,1
modèle,fr,1866,3.6146451179774886e-05,1
modèle,fr,1867,4.186885325907497e-05,1
modèle,fr,1861,3.705870597059402e-05,1
Modell,de,1810,5.231316126952379e-06,1
model,en,1969,0.00014195339440351007,1
model,en,1967,0.00012777663804867945,1
caso,es,1659,0.00025923284115947354,1
caso,es,1658,0.0002684659698388714,1
caso,es,1657,0.0003200474304030365,1
caso,es,1656,0.0004916836951451842,1
caso,es,1655,0.00023490983537755028,1
caso,es,1654,0.00022001681973549125,1
caso,es,1653,0.000411242467549755,1
caso,es,1652,0.0002855685204146141,1
caso,es,1651,0.00024199134711011538,1
caso,es,1650,0.00030704615830501325,1
caso,es,1649,0.000273825994810295,1
caso,es,1648,0.00038887990394798067,1
caso,es,1647,0.00030753352056223093,1
caso,es,1646,0.00043902965532538474,1
caso,es,1660,0.0002433083991491003,1
caso,es,1645,0.0003467864044353064,1
caso,es,1643,0.0004285955760749971,1
caso,es,1642,0.0003643961229400361,1
caso,es,1641,0.00031694627525880037,1
caso,es,1640,0.00033044820793293184,1
caso,es,1639,0.00026474362121575723,1
caso,es,1638,0.0002541752355824656,1
caso,es,1637,0.0003905864708713125,1
caso,es,1636,0.0002975997017031773,1
caso,es,1635,0.00030545799985404187,1
caso,es,1634,0.00025967561851558685,1
caso,es,1633,0.0002635530515959772,1
caso,es,1632,0.0003238321378233877,1
caso,es,1631,0.0002815811303555904,1
caso,es,1630,0.0002088484331466134,1
caso,es,1644,0.00027390869189503064,1
caso,es,1661,0.00023381622748530617,1
caso,es,1662,0.00024023792138905264,1
caso,es,1663,0.00022023425445638622,1
caso,es,1694,0.00043374856764444303,1
caso,es,1693,0.0005539713232565191,1
caso,es,1692,0.00018397082396859332,1
caso,es,1691,0.0003352832692087304,1
caso,es,1690,0.00025356307423862745,1
caso,es,1689,0.0003211903260762483,1
caso,es,1688,0.00029140993621012967,1
caso,es,1687,0.00030078347531059535,1
caso,es,1686,0.00019481804110910161,1
caso,es,1685,0.00032099142129027314,1
caso,es,1684,0.00021471369198167167,1
caso,es,1683,0.00021564557047781818,1
caso,es,1682,0.0003256421104254059,1
caso,es,1681,0.00030849523636788945,1
caso,es,1680,0.00021469100173732159,1
caso,es,1679,0.0001995297734538326,1
caso,es,1678,0.00024016540162463684,1
caso,es,1664,0.0002739393359760811,1
caso,es,1665,0.0002627664183023626,1
caso,es,1666,0.00020386649677561763,1
caso,es,1667,0.0002736047208884429,1
caso,es,1668,0.0003068228622726821,1
caso,es,1669,0.0002533655041787597,1
caso,es,1629,0.00031790388370112055,1
caso,es,1670,0.00023935448814427218,1
caso,es,1672,0.0002626582865303817,1
caso,es,1673,0.0002400500119534854,1
caso,es,1674,0.000244971843244457,1
caso,es,1675,0.00023752141299837604,1
caso,es,1676,0.0003426007686044841,1
caso,es,1677,0.00027140760340671477,1
caso,es,1671,0.0002044149159985409,1
caso,es,1695,0.00022684103814896162,1
caso,es,1628,0.0002598395007193943,1
caso,es,1626,0.0002697338858723697,1
случай,ru,2013,8.60602430949875e-05,1
случай,ru,2012,7.361132101479928e-05,1
случай,ru,2011,7.163561926404327e-05,1
случай,ru,2010,6.508741900290715e-05,1
случай,ru,2009,6.113132911877983e-05,1
случай,ru,2008,6.577623537395993e-05,1
случай,ru,2007,5.6977999850382766e-05,1
случай,ru,2006,5.2435196181477295e-05,1
случай,ru,2005,5.388110196180573e-05,1
случай,ru,2004,5.476515221403133e-05,1
случай,ru,2003,5.185200511093058e-05,1
случай,ru,2002,5.271192920575096e-05,1
случай,ru,2001,5.0363560831101495e-05,1
случай,ru,2000,5.950862508996568e-05,1
случай,ru,2014,7.847019537349231e-05,1
случай,ru,1999,5.1438259760061555e-05,1
случай,ru,1997,5.417823735798244e-05,1
случай,ru,1996,5.558338000355434e-05,1
случай,ru,1995,5.7550519369842235e-05,1
случай,ru,1994,5.679873808195346e-05,1
случай,ru,1993,5.577116410304672e-05,1
случай,ru,1992,5.733330442581064e-05,1
случай,ru,1991,5.715357930569098e-05,1
случай,ru,1990,5.582740115528395e-05,1
случай,ru,1989,5.7373087855694394e-05,1
случай,ru,1988,5.5617266013996414e-05,1
случай,ru,1987,5.4646600583740934e-05,1
случай,ru,1986,5.6184700639505536e-05,1
случай,ru,1985,5.53033952084836e-05,1
случай,ru,1984,5.607712448352231e-05,1
случай,ru,1998,5.305805572675126e-05,1
случай,ru,2015,7.070003164999505e-05,1
случай,ru,2016,7.447796782938942e-05,1
случай,ru,2017,7.601023681047536e-05,1
caso,es,1625,0.0003072115084741256,1
caso,es,1624,0.00026611765476758364,1
caso,es,1623,0.0002909555867738334,1
caso,es,1622,0.0007409686465145171,1
caso,es,1621,0.0003791768770824433,1
caso,es,1620,0.0003135649017167452,1
caso,es,1619,0.0002724581893858158,1
caso,es,1618,0.0003219268852916457,1
caso,es,1617,0.0006054456116544316,1
caso,es,1616,0.00024258448691938383,1
caso,es,1615,0.00030323952529442977,1
caso,es,1614,0.0002992977906650651,1
caso,es,1613,0.0003007162640642491,1
caso,es,1612,0.0003905654623466148,1
caso,es,1611,0.000357070724390951,1
caso,es,1610,0.00038762155463700765,1
caso,es,1609,0.00025036302077907635,1
случай,ru,2018,7.857169730468572e-05,1
случай,ru,2019,7.647298310314854e-05,1
случай,ru,2020,7.659413397753667e-05,1
случай,ru,2021,7.692615588372753e-05,1
случай,ru,2022,7.325682534835287e-05,1
caso,es,1600,0.0004426706058495711,1
caso,es,1627,0.0003334549546778476,1
caso,es,1601,0.00028470304185646,1
caso,es,1603,0.0003791965512860429,1
caso,es,1604,0.0002632268079789668,1
caso,es,1605,0.0002520502323477558,1
caso,es,1606,0.0005056746837652781,1
caso,es,1607,0.0002806496548544146,1
caso,es,1608,0.0003175319684061151,1
caso,es,1602,0.00024170808655554765,1
caso,es,1696,0.0003624735172316207,1
caso,es,1697,0.00043856824892429813,1
caso,es,1698,0.0002457012233634259,1
caso,es,1798,0.0002976329514723375,1
caso,es,1797,0.0004002800212408175,1
caso,es,1796,0.0003488116932288676,1
caso,es,1795,0.00024056361772295531,1
caso,es,1794,0.00034646423758033507,1
caso,es,1793,0.00030330667323141824,1
caso,es,1792,0.00028509555791700336,1
caso,es,1791,0.00032447804532864666,1
caso,es,1790,0.0003425325229020615,1
caso,es,1789,0.000325006206796985,1
caso,es,1788,0.000290106238566068,1
caso,es,1787,0.00031297823258569224,1
caso,es,1786,0.0002460537649042749,1
caso,es,1785,0.0003501788354398627,1
caso,es,1799,0.00031906837945427924,1
caso,es,1784,0.0003114575158420507,1
caso,es,1782,0.0002758838732503932,1
caso,es,1781,0.00026672447319597836,1
caso,es,1780,0.00034395535247355724,1
caso,es,1779,0.00035604342352257845,1
caso,es,1778,0.0003336316964350772,1
caso,es,1777,0.00032421137813187784,1
caso,es,1776,0.0002870913241679318,1
caso,es,1775,0.0002817240673422816,1
caso,es,1774,0.00046621253667922247,1
caso,es,1773,0.0003171992679540381,1
caso,es,1772,0.0003338472589007324,1
caso,es,1771,0.0003824021354148499,1
caso,es,1770,0.0004126378391902108,1
caso,es,1769,0.00037432923013014374,1
caso,es,1783,0.00030924180470748297,1
caso,es,1800,0.00025356442610302565,1
caso,es,1801,0.00034718668232258665,1
caso,es,1802,0.0004304149132323687,1
caso,es,1833,0.00036055156915004716,1
caso,es,1832,0.00029424857578774777,1
caso,es,1831,0.0003104203073203138,1
caso,es,1830,0.0003218400932905041,1
caso,es,1829,0.0003782095605044944,1
caso,es,1828,0.00036364929064980345,1
caso,es,1827,0.0004072182032111016,1
caso,es,1826,0.00028609154204417564,1
caso,es,1825,0.0004429625066357801,1
caso,es,1824,0.0004477149213855114,1
caso,es,1823,0.00034002783375441936,1
caso,es,1822,0.0005471457950605441,1
caso,es,1821,0.0005119257278209943,1
caso,es,1820,0.00042728582476314614,1
caso,es,1819,0.00037224008335812186,1
caso,es,1818,0.0003834953421630871,1
caso,es,1817,0.0002607115088011369,1
caso,es,1803,0.00025685734475899835,1
caso,es,1804,0.0003375785065280468,1
caso,es,1805,0.0005000273980240166,1
caso,es,1806,0.00028946135757479396,1
caso,es,1807,0.00037719276156167325,1
caso,es,1808,0.0003482008502899703,1
caso,es,1768,0.000365797781697097,1
caso,es,1809,0.00022899818100086122,1
caso,es,1811,0.0005461269834938776,1
caso,es,1812,0.00042409599693371547,1
caso,es,1813,0.0004086914263723429,1
caso,es,1814,0.00032564569193027637,1
caso,es,1815,0.000253387507282099,1
caso,es,1816,0.0003411582328709528,1
caso,es,1810,0.00029795161063361775,1
caso,es,1767,0.0004698493721662089,1
caso,es,1766,0.00031946721344411344,1
caso,es,1765,0.0003055488412826435,1
caso,es,1729,0.000249698928044495,1
caso,es,1728,0.0002671936502096628,1
caso,es,1727,0.00025799557408667795,1
caso,es,1726,0.0002014061331117034,1
caso,es,1725,0.00022206120784318273,1
caso,es,1724,0.00030504331648728567,1
caso,es,1723,0.00028978598492734875,1
caso,es,1722,0.00022670336148777892,1
caso,es,1721,0.0003081091190324514,1
caso,es,1720,0.00037479192138789585,1
caso,es,1719,0.0003660627577524167,1
caso,es,1718,0.0002464367121461919,1
caso,es,1717,0.00015532060744760656,1
caso,es,1716,0.00037452004730198496,1
caso,es,1715,0.00025519118565853205,1
caso,es,1714,0.0004180288014765665,1
caso,es,1713,0.00037458143936675015,1
caso,es,1699,0.00019573605231926194,1
caso,es,1700,0.00045077836820439643,1
caso,es,1701,0.00023772209880945638,1
caso,es,1702,0.0003730151966720996,1
caso,es,1703,0.0003222141786523025,1
caso,es,1704,0.0003828436511028599,1
caso,es,1730,0.0002307133158225838,1
caso,es,1705,0.00025744983332742777,1
caso,es,1707,0.0003269941657322306,1
caso,es,1708,0.0003453190315454435,1
caso,es,1709,0.00018462622134052253,1
caso,es,1710,0.00020994750575198395,1
caso,es,1711,0.00020475046672885355,1
caso,es,1712,0.00028256903755163876,1
caso,es,1706,0.00030491212170602466,1
случай,ru,1983,5.681913267108207e-05,1
caso,es,1731,0.0003023896555873762,1
caso,es,1733,0.00028218290788117883,1
caso,es,1764,0.0004294129551851711,1
caso,es,1763,0.00021364277806412701,1
caso,es,1762,0.00027783249436197366,1
caso,es,1761,0.0002786603057458592,1
caso,es,1760,0.0002930795485340809,1
caso,es,1759,0.00023172221244038838,1
caso,es,1758,0.0002956195306040854,1
caso,es,1757,0.00027212673326459935,1
caso,es,1756,0.00022517296865487424,1
caso,es,1755,0.00020757965640427756,1
caso,es,1754,0.0002066330854120224,1
caso,es,1753,0.00039861401843666044,1
caso,es,1752,0.0002828203639211324,1
caso,es,1751,0.00043054394036801114,1
caso,es,1750,0.00029425167532792784,1
caso,es,1749,0.0002831522134556508,1
caso,es,1748,0.00023954215399157874,1
caso,es,1734,0.00028723387703166736,1
caso,es,1735,0.0003221365065826376,1
caso,es,1736,0.00029592544081680217,1
caso,es,1737,0.0002402044165847883,1
caso,es,1738,0.0002853624839360691,1
caso,es,1739,0.000294405503126427,1
caso,es,1732,0.0003181405848806662,1
caso,es,1740,0.0003021465893908726,1
caso,es,1742,0.00029958736070057057,1
caso,es,1743,0.00028054301878910337,1
caso,es,1744,0.0002455096201146034,1
caso,es,1745,0.00046480494080469725,1
caso,es,1746,0.0002774707989487979,1
caso,es,1747,0.0002665602048281812,1
caso,es,1741,0.000272360502549418,1
случай,ru,1982,5.501384549688737e-05,1
случай,ru,1981,5.5870758785658836e-05,1
случай,ru,1980,5.330079952753364e-05,1
случай,ru,1805,0.00012520997536569212,1
случай,ru,1804,9.757821669609257e-05,1
случай,ru,1803,9.710518065730867e-05,1
случай,ru,1802,9.604199703971972e-05,1
случай,ru,1801,9.690460581168736e-05,1
случай,ru,1800,0.00011506694067975332,1
случай,ru,1799,8.326370516442694e-05,1
случай,ru,1798,7.469651308156244e-05,1
случай,ru,1797,9.343839656139608e-05,1
случай,ru,1796,0.00010715290613916295,1
случай,ru,1795,9.997635175551522e-05,1
случай,ru,1794,0.00011021781529052532,1
случай,ru,1793,9.573441940347038e-05,1
случай,ru,1792,9.793484342424108e-05,1
случай,ru,1806,0.00010658992937351286,1
случай,ru,1791,8.276561493403278e-05,1
случай,ru,1789,9.851365643953613e-05,1
случай,ru,1788,8.64881246798177e-05,1
случай,ru,1787,9.406894469066174e-05,1
случай,ru,1786,9.459883413853731e-05,1
случай,ru,1785,9.39551474630207e-05,1
случай,ru,1784,9.101036704350918e-05,1
случай,ru,1783,0.0001472301414935373,1
случай,ru,1782,0.0001144272601720786,1
случай,ru,1781,0.00011885604908457026,1
случай,ru,1780,0.0001286167362195556,1
случай,ru,1779,0.00011193744688853258,1
случай,ru,1778,9.172099839815928e-05,1
случай,ru,1777,0.00010610886948825282,1
случай,ru,1776,7.449515533153317e-05,1
случай,ru,1790,9.772772659744078e-05,1
случай,ru,1807,0.00010024200416580697,1
случай,ru,1808,0.0001194023796813326,1
случай,ru,1809,0.00012430523443640595,1
случай,ru,1840,9.212008740178135e-05,1
случай,ru,1839,7.970450199934476e-05,1
случай,ru,1838,7.700807981336766e-05,1
случай,ru,1837,9.20718742918325e-05,1
случай,ru,1836,7.522867652198784e-05,1
случай,ru,1835,9.2137066928899e-05,1
случай,ru,1834,8.552202700684575e-05,1
случай,ru,1833,8.64898534302938e-05,1
случай,ru,1832,9.012131508256971e-05,1
случай,ru,1831,7.820713571504712e-05,1
случай,ru,1830,9.57812686692705e-05,1
случай,ru,1829,8.395132505256697e-05,1
случай,ru,1828,9.732677662555034e-05,1
случай,ru,1827,0.00010824499214123762,1
случай,ru,1826,0.00011656533676784875,1
случай,ru,1825,0.00011151380522278487,1
случай,ru,1824,0.00010713493017888709,1
случай,ru,1810,0.00010884201844874042,1
случай,ru,1811,0.00010385747707175597,1
случай,ru,1812,0.00011283030684694495,1
случай,ru,1813,8.74131592354388e-05,1
случай,ru,1814,0.0001083351460238191,1
случай,ru,1815,7.584778222735622e-05,1
случай,ru,1775,5.78739991965449e-05,1
случай,ru,1816,0.00010364387644301587,1
случай,ru,1818,0.00010076887494392395,1
случай,ru,1819,8.263124681207046e-05,1
случай,ru,1820,9.630233487101236e-05,1
случай,ru,1821,9.393492831932804e-05,1
случай,ru,1822,8.55004985709229e-05,1
случай,ru,1823,9.683879736144263e-05,1
случай,ru,1817,0.00010235988909812477,1
случай,ru,1774,0.00010844285239386409,1
случай,ru,1773,5.3722042594017694e-05,1
случай,ru,1772,0.00010109518893841596,1
случай,ru,1736,0.0,1
случай,ru,1735,0.0,1
случай,ru,1734,0.0,1
случай,ru,1733,1.0270841812598519e-05,1
случай,ru,1732,0.0,1
случай,ru,1731,1.6475876691401936e-05,1
случай,ru,1730,0.0,1
случай,ru,1729,3.844034654321149e-05,1
случай,ru,1728,1.7153099179267883e-05,1
случай,ru,1727,5.830515146953985e-05,1
случай,ru,1726,0.0001106171375795384,1
случай,ru,1725,0.0,1
случай,ru,1724,0.0,1
случай,ru,1723,0.0,1
случай,ru,1722,1.2049499673594255e-05,1
случай,ru,1721,0.0,1
случай,ru,1720,2.6106183213414624e-05,1
случай,ru,1706,0.0,1
случай,ru,1707,0.0,1
случай,ru,1708,0.0,1
случай,ru,1709,3.717426079674624e-05,1
случай,ru,1710,3.413046943023801e-05,1
случай,ru,1711,3.87924683309393e-06,1
случай,ru,1737,6.347795533656608e-05,1
случай,ru,1712,0.0,1
случай,ru,1714,0.0,1
случай,ru,1715,0.0,1
случай,ru,1716,0.0,1
случай,ru,1717,3.177124744979665e-05,1
случай,ru,1718,2.1486739569809288e-05,1
случай,ru,1719,0.0,1
случай,ru,1713,0.0,1
случай,ru,1841,6.656878326793958e-05,1
случай,ru,1738,0.00019716403039637953,1
случай,ru,1740,0.00022701083798892796,1
случай,ru,1771,0.00014152096764519229,1
случай,ru,1770,0.00014900965993547288,1
случай,ru,1769,9.269366887565411e-05,1
случай,ru,1768,9.266498713600413e-05,1
случай,ru,1767,8.24187002308463e-05,1
случай,ru,1766,0.0001417970970578608,1
случай,ru,1765,0.0001951179661716651,1
случай,ru,1764,0.00016677993335179053,1
случай,ru,1763,0.00015411047979796422,1
случай,ru,1762,0.00014611290862376336,1
случай,ru,1761,0.00017227975786227034,1
случай,ru,1760,0.00015546849772363203,1
случай,ru,1759,0.00015169744278864528,1
случай,ru,1758,8.858212822815403e-05,1
случай,ru,1757,7.172652158260462e-05,1
случай,ru,1756,6.956970173632726e-05,1
случай,ru,1755,5.456513326862478e-05,1
случай,ru,1741,5.381841765483841e-05,1
случай,ru,1742,0.0001533752219984308,1
случай,ru,1743,5.707621312467381e-06,1
случай,ru,1744,0.00012484646867960691,1
случай,ru,1745,7.563581584690837e-05,1
случай,ru,1746,3.160789128742181e-05,1
случай,ru,1739,1.0057298823085148e-05,1
случай,ru,1747,4.29325045843143e-05,1
случай,ru,1749,0.0002869599074983853,1
случай,ru,1750,0.0001022528886096552,1
случай,ru,1751,0.00012509254565884476,1
случай,ru,1752,0.00023699906068941345,1
случай,ru,1753,0.00011648100189631805,1
случай,ru,1754,6.409457273548469e-05,1
случай,ru,1748,4.0850714867701754e-05,1
caso,es,1834,0.00042990513619756143,1
случай,ru,1842,6.719343605254835e-05,1
случай,ru,1844,7.981000084100742e-05,1
случай,ru,1944,7.453896219544731e-05,1
случай,ru,1943,7.122895613065339e-05,1
случай,ru,1942,6.164286494936277e-05,1
случай,ru,1941,5.635136477621927e-05,1
случай,ru,1940,7.092564388244682e-05,1
случай,ru,1939,7.335643028261174e-05,1
случай,ru,1938,7.171141755435428e-05,1
случай,ru,1937,6.476458563042797e-05,1
случай,ru,1936,9.342387823219056e-05,1
случай,ru,1935,7.0413947625525e-05,1
случай,ru,1934,6.081382417200132e-05,1
случай,ru,1933,5.743458848428418e-05,1
случай,ru,1932,5.214720593471611e-05,1
случай,ru,1931,5.5547801366628846e-05,1
случай,ru,1945,6.775085071808462e-05,1
случай,ru,1930,5.3301962623208965e-05,1
случай,ru,1928,7.154061952974189e-05,1
случай,ru,1927,6.269141259451771e-05,1
случай,ru,1926,7.034612247025507e-05,1
случай,ru,1925,7.313106135597991e-05,1
случай,ru,1924,8.104703854883155e-05,1
случай,ru,1923,7.436911580072092e-05,1
случай,ru,1922,6.684050518401818e-05,1
случай,ru,1921,6.451134920126833e-05,1
случай,ru,1920,6.453738422607103e-05,1
случай,ru,1919,6.187133459434335e-05,1
случай,ru,1918,6.061047450600654e-05,1
случай,ru,1917,6.575460952262802e-05,1
случай,ru,1916,7.364608959292696e-05,1
случай,ru,1915,6.773195575249247e-05,1
случай,ru,1929,6.06040913879724e-05,1
случай,ru,1946,6.789643990545713e-05,1
случай,ru,1947,6.298598813714307e-05,1
случай,ru,1948,7.23846144266016e-05,1
случай,ru,1979,5.350378820706547e-05,1
случай,ru,1978,5.347006592160142e-05,1
случай,ru,1977,5.266233580414337e-05,1
случай,ru,1976,5.163826084753076e-05,1
случай,ru,1975,5.309206960046886e-05,1
случай,ru,1974,5.395963915277857e-05,1
случай,ru,1973,5.44809949984959e-05,1
случай,ru,1972,5.644810761396002e-05,1
случай,ru,1971,5.6254636184027706e-05,1
случай,ru,1970,5.6436382297908594e-05,1
случай,ru,1969,5.7167951109049486e-05,1
случай,ru,1968,5.670453424722055e-05,1
случай,ru,1967,5.7077826681961596e-05,1
случай,ru,1966,5.6757709529620115e-05,1
случай,ru,1965,5.7694679981068475e-05,1
случай,ru,1964,4.9056180500883784e-05,1
случай,ru,1963,5.868078508886043e-05,1
случай,ru,1949,5.091066223883445e-05,1
случай,ru,1950,6.24878716450894e-05,1
случай,ru,1951,6.281626431814402e-05,1
случай,ru,1952,5.6294185384331286e-05,1
случай,ru,1953,6.048508416256482e-05,1
случай,ru,1954,5.82123637922205e-05,1
случай,ru,1914,6.904418775377508e-05,1
случай,ru,1955,6.055596690601739e-05,1
случай,ru,1957,5.59158146415939e-05,1
случай,ru,1958,5.6133863040486176e-05,1
случай,ru,1959,5.6410690831398824e-05,1
случай,ru,1960,5.337115543563309e-05,1
случай,ru,1961,5.694084960172763e-05,1
случай,ru,1962,5.678346521731381e-05,1
случай,ru,1956,5.7326301970306304e-05,1
случай,ru,1913,7.16412781300857e-05,1
случай,ru,1912,7.474128994999774e-05,1
случай,ru,1911,7.438029717832251e-05,1
случай,ru,1875,8.879598159339253e-05,1
случай,ru,1874,8.615069623107985e-05,1
случай,ru,1873,9.073052455477182e-05,1
случай,ru,1872,9.951105046468456e-05,1
случай,ru,1871,9.447348804769717e-05,1
случай,ru,1870,8.980649667478247e-05,1
случай,ru,1869,8.372053152072567e-05,1
случай,ru,1868,7.413026303026982e-05,1
случай,ru,1867,7.77259928526064e-05,1
случай,ru,1866,9.027763796609634e-05,1
случай,ru,1865,8.921893777369405e-05,1
случай,ru,1864,8.568160359345711e-05,1
случай,ru,1863,7.213730380328798e-05,1
случай,ru,1862,7.335898595783874e-05,1
случай,ru,1861,8.443413972258895e-05,1
случай,ru,1860,8.856888352681835e-05,1
случай,ru,1859,8.633328417317898e-05,1
случай,ru,1845,8.36136719328806e-05,1
случай,ru,1846,8.121891599444098e-05,1
случай,ru,1847,8.763639297626469e-05,1
случай,ru,1848,7.901021342604508e-05,1
случай,ru,1849,9.002719610862187e-05,1
случай,ru,1850,8.12164600745291e-05,1
случай,ru,1876,9.205609247686652e-05,1
случай,ru,1851,7.297142994389105e-05,1
случай,ru,1853,8.290882783512643e-05,1
случай,ru,1854,7.998691268085167e-05,1
случай,ru,1855,7.899954979961876e-05,1
случай,ru,1856,8.228950738953245e-05,1
случай,ru,1857,7.156535784247353e-05,1
случай,ru,1858,9.466766934451698e-05,1
случай,ru,1852,7.972932282029888e-05,1
случай,ru,1843,7.439994796243354e-05,1
случай,ru,1877,8.94711392831482e-05,1
случай,ru,1879,9.527754403393374e-05,1
случай,ru,1910,7.474824629460919e-05,1
случай,ru,1909,7.22144655682655e-05,1
случай,ru,1908,7.552334867533261e-05,1
случай,ru,1907,7.441515996120529e-05,1
случай,ru,1906,8.239583510061266e-05,1
случай,ru,1905,7.465944085538467e-05,1
случай,ru,1904,7.930216653306843e-05,1
случай,ru,1903,6.879439497708972e-05,1
случай,ru,1902,6.675254496713023e-05,1
случай,ru,1901,7.632046815686522e-05,1
случай,ru,1900,6.716061775335902e-05,1
случай,ru,1899,7.45301448468183e-05,1
случай,ru,1898,8.528210560143634e-05,1
случай,ru,1897,8.51703536994819e-05,1
случай,ru,1896,7.55288284755018e-05,1
случай,ru,1895,7.87697894324424e-05,1
случай,ru,1894,7.940693802588328e-05,1
случай,ru,1880,8.833476485392566e-05,1
случай,ru,1881,9.160046806755417e-05,1
случай,ru,1882,8.243298819365918e-05,1
случай,ru,1883,8.338076246872106e-05,1
случай,ru,1884,8.175055216952387e-05,1
случай,ru,1885,8.876562708337588e-05,1
случай,ru,1878,0.00010082195257155036,1
случай,ru,1886,9.395180521210023e-05,1
случай,ru,1888,9.166378566760613e-05,1
случай,ru,1889,8.008394196679092e-05,1
случай,ru,1890,7.665516164934161e-05,1
случай,ru,1891,7.56842467808383e-05,1
случай,ru,1892,8.089167904756778e-05,1
случай,ru,1893,8.370275475044764e-05,1
случай,ru,1887,8.456347485719107e-05,1
caso,es,1835,0.0004466386124732935,1
caso,es,1836,0.00035797344079213644,1
caso,es,1837,0.0005420133046527553,1
model,en,1792,1.6195196103296894e-05,1
model,en,1791,1.509607518457301e-05,1
model,en,1790,1.410602736484634e-05,1
model,en,1789,2.848388645304567e-05,1
model,en,1788,1.5129550362757982e-05,1
model,en,1787,1.4580808455733063e-05,1
model,en,1786,1.378545584884705e-05,1
model,en,1785,1.2723363942868104e-05,1
model,en,1784,1.1503984268301792e-05,1
model,en,1783,1.6242700723978487e-05,1
model,en,1782,1.5049225588370518e-05,1
model,en,1781,1.4172856936056633e-05,1
model,en,1780,1.1509098321482725e-05,1
model,en,1779,1.6333857395522955e-05,1
model,en,1793,1.3839686566541332e-05,1
model,en,1778,1.1362231549405521e-05,1
model,en,1776,1.1438133434182873e-05,1
model,en,1775,1.2509681553751761e-05,1
model,en,1774,1.3740359168679106e-05,1
model,en,1773,1.7034094574430725e-05,1
model,en,1772,1.392242325692905e-05,1
model,en,1771,1.1942924160734947e-05,1
model,en,1770,1.2372681796435359e-05,1
model,en,1769,1.2515873251572884e-05,1
model,en,1768,1.4880529562333322e-05,1
model,en,1767,1.1882664431084322e-05,1
model,en,1766,1.1385449994349983e-05,1
model,en,1765,1.1180637077501387e-05,1
model,en,1764,1.0726887040846123e-05,1
model,en,1763,1.3406667768833813e-05,1
model,en,1777,1.0523294443842701e-05,1
model,en,1794,1.4433952543413398e-05,1
model,en,1795,1.5246073900243573e-05,1
model,en,1796,1.445766809382576e-05,1
model,en,1827,1.584612121519058e-05,1
model,en,1826,1.4925239369745213e-05,1
model,en,1825,1.5257223594744573e-05,1
model,en,1824,1.3814341230045102e-05,1
model,en,1823,1.688609799543883e-05,1
model,en,1822,1.5293550028161462e-05,1
model,en,1821,1.4646700407183744e-05,1
model,en,1820,1.4921252045496658e-05,1
model,en,1819,1.6470204954543988e-05,1
model,en,1818,1.4437004802081432e-05,1
model,en,1817,1.6988961370145717e-05,1
model,en,1816,1.2789210806829487e-05,1
model,en,1815,1.4826472202855712e-05,1
model,en,1814,1.337862992656369e-05,1
model,en,1813,1.5063273053783632e-05,1
model,en,1812,1.1237582718592876e-05,1
model,en,1811,1.218413626702386e-05,1
model,en,1797,1.5647029620424746e-05,1
model,en,1798,1.803028205671353e-05,1
model,en,1799,1.3839307023033598e-05,1
model,en,1800,1.4403088570702494e-05,1
model,en,1801,1.4064813512959518e-05,1
model,en,1802,1.540931710053428e-05,1
model,en,1762,1.1530813729621059e-05,1
model,en,1803,1.3092519850488316e-05,1
model,en,1805,1.573219390138547e-05,1
model,en,1806,1.5615357405351915e-05,1
model,en,1807,1.6363015475917564e-05,1
model,en,1808,1.776524976548899e-05,1
model,en,1809,1.3652600650004842e-05,1
model,en,1810,1.3954232890966978e-05,1
model,en,1804,1.4791091018651059e-05,1
model,en,1761,1.2057897661676975e-05,1
model,en,1760,1.4373211968177202e-05,1
model,en,1759,1.3888290936847625e-05,1
model,en,1723,8.429799418507855e-06,1
model,en,1722,7.662985356482466e-06,1
model,en,1721,9.872239303376773e-06,1
model,en,1720,8.499622708768584e-06,1
model,en,1719,6.346161161019381e-06,1
model,en,1718,8.390421649906443e-06,1
model,en,1717,8.942909730080828e-06,1
model,en,1716,7.825934176253213e-06,1
model,en,1715,6.638968690353408e-06,1
model,en,1714,1.0590994200754267e-05,1
model,en,1713,1.0138337476206516e-05,1
model,en,1712,8.282288161964857e-06,1
model,en,1711,1.1253152479184791e-05,1
model,en,1710,8.944302408053773e-06,1
model,en,1709,7.513800509784119e-06,1
model,en,1708,1.0461766523306437e-05,1
model,en,1707,1.000458270539184e-05,1
model,en,1693,6.5558670030441135e-06,1
model,en,1694,7.205228452988877e-06,1
model,en,1695,1.3400280977293733e-05,1
model,en,1696,6.0232223404455e-06,1
model,en,1697,9.566806511429604e-06,1
model,en,1698,1.1437628003818645e-05,1
model,en,1724,9.41156726241843e-06,1
model,en,1699,1.0013368509476095e-05,1
model,en,1701,8.903547495719977e-06,1
model,en,1702,1.0115487729223105e-05,1
model,en,1703,8.120097049868491e-06,1
model,en,1704,7.771509284992817e-06,1
model,en,1705,6.816134595410972e-06,1
model,en,1706,1.0703570524128736e-05,1
model,en,1700,1.0266236017741903e-05,1
model,en,1828,1.5365971790970434e-05,1
model,en,1725,8.637053348081736e-06,1
model,en,1727,1.1427866251523255e-05,1
model,en,1758,1.1470953950265539e-05,1
model,en,1757,1.2099121903474952e-05,1
model,en,1756,1.0823573795448738e-05,1
model,en,1755,1.1323131964502409e-05,1
model,en,1754,1.3747950511344698e-05,1
model,en,1753,1.4254878934139015e-05,1
model,en,1752,1.1626803939179808e-05,1
model,en,1751,1.0469502800702912e-05,1
model,en,1750,9.680373532994224e-06,1
model,en,1749,1.3168468676383327e-05,1
model,en,1748,1.1887450909853214e-05,1
model,en,1747,1.3281601354719896e-05,1
model,en,1746,7.4982817324098505e-06,1
model,en,1745,9.721195283418638e-06,1
model,en,1744,8.800188361135497e-06,1
model,en,1743,9.89742244428271e-06,1
model,en,1742,6.659531763375526e-06,1
model,en,1728,7.87332697882448e-06,1
model,en,1729,8.103634399958537e-06,1
model,en,1730,9.115314448138179e-06,1
model,en,1731,8.857955094754288e-06,1
model,en,1732,9.024615356345578e-06,1
model,en,1733,1.4053061935470623e-05,1
model,en,1726,9.719339303160268e-06,1
model,en,1734,1.2455933656951856e-05,1
model,en,1736,8.401586541140205e-06,1
model,en,1737,1.5314783304631874e-05,1
model,en,1738,1.2512029826439175e-05,1
model,en,1739,1.0120398201252101e-05,1
model,en,1740,9.933380653137647e-06,1
model,en,1741,1.0555282244695263e-05,1
model,en,1735,9.898677035380388e-06,1
model,en,1692,6.855729452581727e-06,1
model,en,1829,1.608485121096237e-05,1
model,en,1831,1.3742105892333711e-05,1
model,en,1931,4.549379418361532e-05,1
model,en,1930,4.451252214018875e-05,1
model,en,1929,4.518092559274711e-05,1
model,en,1928,4.3777917761014806e-05,1
model,en,1927,4.163340678019212e-05,1
model,en,1926,4.006052623929668e-05,1
model,en,1925,3.9528646059439065e-05,1
model,en,1924,3.9130565307465837e-05,1
model,en,1923,4.8091091041119194e-05,1
model,en,1922,4.554432587634827e-05,1
model,en,1921,4.2874481350825555e-05,1
model,en,1920,4.4422732548718424e-05,1
model,en,1919,4.7409482610297204e-05,1
model,en,1918,3.9449796011968574e-05,1
model,en,1932,4.060043196002505e-05,1
model,en,1917,3.8370224580017154e-05,1
model,en,1915,3.6520296697428734e-05,1
model,en,1914,3.3979803291062094e-05,1
model,en,1913,3.3933863885594884e-05,1
model,en,1912,3.087438963778055e-05,1
model,en,1911,3.188802527562956e-05,1
model,en,1910,3.2126260690615305e-05,1
model,en,1909,2.9247746539368125e-05,1
model,en,1908,2.8919787495917948e-05,1
model,en,1907,3.2293811507905223e-05,1
model,en,1906,3.218102723577532e-05,1
model,en,1905,3.148004099756685e-05,1
model,en,1904,5.2189340500524706e-05,1
model,en,1903,4.582611179136664e-05,1
model,en,1902,3.513114818912144e-05,1
model,en,1916,3.6915134067609656e-05,1
model,en,1933,4.327249127930588e-05,1
model,en,1934,4.711378469046679e-05,1
model,en,1935,4.889886875232563e-05,1
model,en,1966,0.00011999375714493582,1
model,en,1965,0.00011674767205210879,1
model,en,1964,0.00011049406184865385,1
model,en,1963,0.00011135195603062531,1
model,en,1962,0.00011445626377255824,1
model,en,1961,0.00010524234724827719,1
model,en,1960,0.00010393154701364427,1
model,en,1959,0.00010894541206318137,1
model,en,1958,0.00010319193462519222,1
model,en,1957,9.498680031481965e-05,1
model,en,1956,9.133034057938472e-05,1
model,en,1955,9.579568972747227e-05,1
model,en,1954,9.516271560500861e-05,1
model,en,1953,8.356461272229776e-05,1
model,en,1952,7.64834535725914e-05,1
model,en,1951,7.518941689679814e-05,1
model,en,1950,7.564272337516609e-05,1
model,en,1936,4.7261475330247216e-05,1
model,en,1937,4.804277864287054e-05,1
model,en,1938,5.234776765855598e-05,1
model,en,1939,5.16023387992226e-05,1
model,en,1940,5.3042217812826475e-05,1
model,en,1941,4.660537297240808e-05,1
model,en,1901,3.705244036589228e-05,1
model,en,1942,4.491059828540256e-05,1
model,en,1944,5.553553113608889e-05,1
model,en,1945,5.600844441087938e-05,1
model,en,1946,6.97716734839593e-05,1
model,en,1947,7.785116920117074e-05,1
model,en,1948,7.575120635289201e-05,1
model,en,1949,7.225050653218712e-05,1
model,en,1943,4.484446180430535e-05,1
model,en,1900,3.893512249271425e-05,1
model,en,1899,4.016914109505887e-05,1
model,en,1898,3.95732420896272e-05,1
model,en,1862,2.6581397126523854e-05,1
model,en,1861,2.1358996627973692e-05,1
model,en,1860,2.2054850091990374e-05,1
model,en,1859,2.1342705736060452e-05,1
model,en,1858,2.2470282033282274e-05,1
model,en,1857,2.0114022731831938e-05,1
model,en,1856,2.237689464787418e-05,1
model,en,1855,2.0824274893055383e-05,1
model,en,1854,2.2798727274425667e-05,1
model,en,1853,2.415940832634078e-05,1
model,en,1852,2.5825107286436833e-05,1
model,en,1851,3.4178774910742504e-05,1
model,en,1850,2.1540653051488334e-05,1
model,en,1849,2.1352888211367826e-05,1
model,en,1848,2.1062865130261343e-05,1
model,en,1847,1.900568594054297e-05,1
model,en,1846,1.7842927147904142e-05,1
model,en,1832,1.5782445899503728e-05,1
model,en,1833,1.5199639491925154e-05,1
model,en,1834,1.4907476042935741e-05,1
model,en,1835,1.5678523752171714e-05,1
model,en,1836,1.4304503225370802e-05,1
model,en,1837,1.6400308972208677e-05,1
model,en,1863,2.2553728058483102e-05,1
model,en,1838,1.573628509277114e-05,1
model,en,1840,1.6460209110391588e-05,1
model,en,1841,2.6306173424472945e-05,1
model,en,1842,1.881045886875654e-05,1
model,en,1843,2.267798265620513e-05,1
model,en,1844,1.8359937087097933e-05,1
model,en,1845,1.994998979171214e-05,1
model,en,1839,1.8142641749818722e-05,1
model,en,1830,1.5358886074068323e-05,1
model,en,1864,2.1490134177876152e-05,1
model,en,1866,2.0626514972421628e-05,1
model,en,1897,4.1671480236538105e-05,1
model,en,1896,3.4593187684506255e-05,1
model,en,1895,4.6575460478787134e-05,1
model,en,1894,4.041606511706597e-05,1
model,en,1893,4.904328650134904e-05,1
model,en,1892,4.1720414466595024e-05,1
model,en,1891,4.3186003219328195e-05,1
model,en,1890,4.264777281136334e-05,1
model,en,1889,4.5282919841127534e-05,1
model,en,1888,4.66286930759785e-05,1
model,en,1887,4.780856248021159e-05,1
model,en,1886,4.460328241812084e-05,1
model,en,1885,5.177965860722611e-05,1
model,en,1884,4.31287543367076e-05,1
model,en,1883,3.306524894963747e-05,1
model,en,1882,3.420676176657533e-05,1
model,en,1881,3.0886063960927634e-05,1
model,en,1867,2.4156128489161155e-05,1
model,en,1868,2.3978182890904698e-05,1
model,en,1869,2.565741772286856e-05,1
model,en,1870,2.1986249659100565e-05,1
model,en,1871,2.137111382094492e-05,1
model,en,1872,2.0986335414363566e-05,1
model,en,1865,2.2836275093141012e-05,1
model,en,1873,2.759185383638396e-05,1
model,en,1875,2.1762022583970975e-05,1
model,en,1876,2.4461294273137035e-05,1
model,en,1877,2.095089371323411e-05,1
model,en,1878,2.1883002291778197e-05,1
model,en,1879,2.323668036297022e-05,1
model,en,1880,2.920143469964387e-05,1
model,en,1874,2.5138555830139797e-05,1
model,en,1968,0.00013318207611238975,1
model,en,1691,9.095702424133378e-06,1
model,en,1689,8.063103678068728e-06,1
caso,es,1937,0.0005740041376192107,1
caso,es,1936,0.0005530977525884939,1
caso,es,1935,0.0005616123375118409,1
caso,es,1934,0.0005631222884834308,1
caso,es,1933,0.0005514637294197211,1
caso,es,1932,0.0005492053701354749,1
caso,es,1931,0.0005711479434309386,1
caso,es,1930,0.000538906927849192,1
caso,es,1929,0.0005304711062417145,1
caso,es,1928,0.0005291433395036016,1
caso,es,1927,0.000514579709306684,1
caso,es,1926,0.000497537423185257,1
caso,es,1925,0.0005117036706481226,1
caso,es,1924,0.0005286294864244034,1
caso,es,1938,0.0005201414881267352,1
caso,es,1923,0.000564026936672235,1
caso,es,1921,0.0005521593989361584,1
caso,es,1920,0.0004820149990956146,1
caso,es,1919,0.0005310373059561613,1
caso,es,1918,0.0005763572706722897,1
caso,es,1917,0.0005146515553962061,1
caso,es,1916,0.0005359620716989255,1
caso,es,1915,0.0005672686462914189,1
caso,es,1914,0.000562137953717734,1
caso,es,1913,0.0005447410897492233,1
caso,es,1912,0.0005104891615770324,1
caso,es,1911,0.0005582045503558231,1
caso,es,1910,0.0005344249555996328,1
caso,es,1909,0.0004918846302803814,1
caso,es,1908,0.0005574659233542612,1
caso,es,1922,0.0005735988660333646,1
caso,es,1939,0.0005537948202443133,1
caso,es,1940,0.0005433520603512765,1
caso,es,1941,0.0005482993069350073,1
caso,es,1972,0.00048447928050660005,1
caso,es,1971,0.00046248415908412,1
caso,es,1970,0.00046336637280292026,1
caso,es,1969,0.00047210872813507887,1
caso,es,1968,0.00045641405592644624,1
caso,es,1967,0.0004611269746369051,1
caso,es,1966,0.00046939353010544416,1
caso,es,1965,0.0004765289897408209,1
caso,es,1964,0.0004428591390210901,1
caso,es,1963,0.0004623961041148039,1
caso,es,1962,0.0004705510882337949,1
caso,es,1961,0.00045811556916275364,1
caso,es,1960,0.00045012361081248065,1
caso,es,1959,0.0004530160046947729,1
caso,es,1958,0.00044817885681780467,1
caso,es,1957,0.00048611522967756393,1
caso,es,1956,0.0004700780308338759,1
caso,es,1942,0.0005488138009472898,1
caso,es,1943,0.0005143482394718291,1
caso,es,1944,0.0004751987383582179,1
caso,es,1945,0.0004940766691412524,1
caso,es,1946,0.000507284620621995,1
caso,es,1947,0.00047288850341020705,1
caso,es,1907,0.0004655904762285168,1
caso,es,1948,0.0004750072255058635,1
caso,es,1950,0.000556662697984267,1
caso,es,1951,0.0005259231899521488,1
caso,es,1952,0.0004824456209835404,1
caso,es,1953,0.0004911105958540496,1
caso,es,1954,0.0005038487893473942,1
caso,es,1955,0.000485767973031459,1
caso,es,1949,0.00048207840837832805,1
caso,es,1906,0.0005648752750517794,1
caso,es,1905,0.0005389961728212711,1
caso,es,1904,0.0005851351866166254,1
caso,es,1868,0.0005262529157601392,1
caso,es,1867,0.0005157089105534141,1
caso,es,1866,0.0004543310227913544,1
caso,es,1865,0.0004739960218786976,1
caso,es,1864,0.00044217076373698205,1
caso,es,1863,0.00042016083837381757,1
caso,es,1862,0.0004318627386510343,1
caso,es,1861,0.0004860490286868746,1
caso,es,1860,0.0003947945794080532,1
caso,es,1859,0.0003859182441159348,1
caso,es,1858,0.0003659106143691915,1
caso,es,1857,0.00036937837020678543,1
caso,es,1856,0.000397443287738497,1
caso,es,1855,0.0003589217797621558,1
caso,es,1854,0.000339380551395152,1
caso,es,1853,0.0003307829568854892,1
caso,es,1852,0.00041485070830438175,1
caso,es,1838,0.00032377967453101064,1
caso,es,1839,0.0004466568324232867,1
caso,es,1840,0.0003851205602192209,1
caso,es,1841,0.00043061286691514766,1
caso,es,1842,0.00038079668541524114,1
caso,es,1843,0.0005711818948430647,1
caso,es,1869,0.0005471364812024149,1
caso,es,1844,0.0004669099671721355,1
caso,es,1846,0.0003396837878959502,1
caso,es,1847,0.00039554765289917526,1
caso,es,1848,0.0003639347621318123,1
caso,es,1849,0.00026739026149869005,1
caso,es,1850,0.0003699219984651947,1
caso,es,1851,0.0004166341240439131,1
caso,es,1845,0.0003708775940332032,1
caso,es,1973,0.0005090914945657388,1
caso,es,1870,0.0006297406477435707,1
caso,es,1872,0.0005559336601663745,1
caso,es,1903,0.0005853342979733611,1
caso,es,1902,0.0005367210891122909,1
caso,es,1901,0.0005335018968231076,1
caso,es,1900,0.000542975596123263,1
caso,es,1899,0.0005682471550292334,1
caso,es,1898,0.0005848395359491221,1
caso,es,1897,0.0005671014834915944,1
caso,es,1896,0.0006047996754015017,1
caso,es,1895,0.0005779355222692573,1
caso,es,1894,0.000595181571800385,1
caso,es,1893,0.000592801719809799,1
caso,es,1892,0.0005686896764522942,1
caso,es,1891,0.0005945043053081633,1
caso,es,1890,0.0005888675717704572,1
caso,es,1889,0.0005870527797169345,1
caso,es,1888,0.000555530924415848,1
caso,es,1887,0.0005218150659689336,1
caso,es,1873,0.0005592498399997758,1
caso,es,1874,0.000593521871076419,1
caso,es,1875,0.000565516627773377,1
caso,es,1876,0.0005117298802121972,1
caso,es,1877,0.0005700651067361839,1
caso,es,1878,0.0005459926442648033,1
caso,es,1871,0.000585218483961647,1
caso,es,1879,0.0005894292360206776,1
caso,es,1881,0.000539256517752662,1
caso,es,1882,0.0005923007504904376,1
caso,es,1883,0.0005520755993968507,1
caso,es,1884,0.0005532316525864722,1
caso,es,1885,0.0005746873174192757,1
caso,es,1886,0.0006398168025487649,1
caso,es,1880,0.0005553195652319154,1
model,en,1690,8.869036946634878e-06,1
caso,es,1974,0.0005164243442623562,1
caso,es,1976,0.0004989031330069338,1
model,en,1653,2.9306644364623935e-06,1
model,en,1652,1.702164354355773e-06,1
model,en,1651,3.1314120860770345e-06,1
model,en,1650,4.1627719724601775e-06,1
model,en,1649,1.2365618431431358e-06,1
model,en,1648,2.8597702907973144e-06,1
model,en,1647,3.296996027302157e-06,1
model,en,1646,1.8640064922692545e-06,1
model,en,1645,3.0190173134769793e-06,1
model,en,1644,2.2279093400356942e-05,1
model,en,1643,2.8919396299897926e-07,1
model,en,1642,8.028266478277146e-07,1
model,en,1641,1.219510778582844e-06,1
model,en,1640,5.416332875540775e-07,1
model,en,1654,2.305184409578942e-06,1
model,en,1639,2.5542145465351496e-06,1
model,en,1637,3.9267692386601993e-07,1
model,en,1636,5.0638251991586e-07,1
model,en,1635,5.92559686651839e-07,1
model,en,1634,9.141505330489963e-07,1
model,en,1633,1.2125146895414218e-06,1
model,en,1632,8.21284203311734e-07,1
model,en,1631,1.5377844420072506e-07,1
model,en,1630,2.6827703436538286e-07,1
model,en,1629,1.1555118959449828e-06,1
model,en,1628,5.991925036141765e-07,1
model,en,1627,3.790091795963235e-07,1
model,en,1626,4.929657393404341e-07,1
model,en,1625,5.228425443704054e-07,1
model,en,1624,1.2613848809905903e-07,1
model,en,1638,2.2001204769139804e-07,1
model,en,1655,5.04225977238093e-06,1
model,en,1656,2.370835773035651e-06,1
model,en,1657,2.9783926720483578e-06,1
model,en,1688,6.47576837309316e-06,1
model,en,1687,6.613148457290663e-06,1
model,en,1686,6.960889777474222e-06,1
model,en,1685,8.453147579245979e-06,1
model,en,1684,5.98590509071073e-06,1
model,en,1683,7.204042464792337e-06,1
model,en,1682,7.75843727751635e-06,1
model,en,1681,7.607151360389253e-06,1
model,en,1680,7.189930784079479e-06,1
model,en,1679,4.880019332631491e-06,1
model,en,1678,7.80730237082139e-06,1
model,en,1677,4.7046287363627926e-06,1
model,en,1676,5.673654413840268e-06,1
model,en,1675,5.916124109717202e-06,1
model,en,1674,5.822401135446853e-06,1
model,en,1673,7.3566238505407e-06,1
model,en,1672,6.540427875734167e-06,1
model,en,1658,4.6362146584044694e-06,1
model,en,1659,5.75085296716793e-06,1
model,en,1660,3.582441763683164e-06,1
model,en,1661,5.453468929772498e-06,1
model,en,1662,3.6495250697043957e-06,1
model,en,1663,5.8439707117941e-06,1
model,en,1623,1.5174387399952138e-06,1
model,en,1664,7.430592177115614e-06,1
model,en,1666,3.4214485822303686e-06,1
model,en,1667,8.681617650552198e-06,1
model,en,1668,6.193636636453448e-06,1
model,en,1669,4.797793849320442e-06,1
model,en,1670,7.949872951940051e-06,1
model,en,1671,4.21539774109192e-06,1
model,en,1665,8.78659238878754e-06,1
model,en,1622,2.762732549399516e-07,1
model,en,1621,9.655447286149865e-08,1
model,en,1620,7.832466764057244e-07,1
caso,es,2007,0.0006128278527209874,1
caso,es,2006,0.0006070507499572886,1
caso,es,2005,0.0006084694856011708,1
caso,es,2004,0.000581128189581781,1
caso,es,2003,0.0005683632973645381,1
caso,es,2002,0.000566101797910612,1
caso,es,2001,0.0005129576288992466,1
caso,es,2000,0.0005370492766556545,1
caso,es,1999,0.00052894373180562,1
caso,es,1998,0.0005321021648274638,1
caso,es,1997,0.0005303632088952126,1
caso,es,1996,0.0005061508468433562,1
caso,es,1995,0.0005061289826771009,1
caso,es,1994,0.0005197335039048845,1
caso,es,1993,0.0005172562667847824,1
caso,es,1992,0.0005017655137261046,1
caso,es,1991,0.00048288358610276694,1
caso,es,1977,0.0005300791598819576,1
caso,es,1978,0.000501041669229707,1
caso,es,1979,0.0005096464418896662,1
caso,es,1980,0.0004964709127641687,1
caso,es,1981,0.00049638029946103,1
caso,es,1982,0.0005256394188092317,1
caso,es,2008,0.0006083204789915087,1
caso,es,1983,0.0005255360210076887,1
caso,es,1985,0.0005371967410576772,1
caso,es,1986,0.0005475134318290165,1
caso,es,1987,0.0005247077092706554,1
caso,es,1988,0.0005106136034206399,1
caso,es,1989,0.0005308006924211739,1
caso,es,1990,0.000524499108587928,1
caso,es,1984,0.0005176453433257122,1
caso,es,1975,0.0005102152068315324,1
caso,es,2009,0.0006278518172944114,1
caso,es,2011,0.0005242422966680316,1
model,en,1619,6.581315616926986e-07,1
model,en,1618,3.0773884418522357e-07,1
model,en,1617,6.891147563692357e-08,1
model,en,1616,5.349242044871971e-07,1
model,en,1615,4.585007040702749e-07,1
model,en,1614,6.700072390231071e-07,1
model,en,1613,3.902021035173675e-07,1
model,en,1612,4.097881927123126e-07,1
model,en,1611,4.6992883540042385e-07,1
model,en,1610,5.823657254211412e-07,1
model,en,1609,3.8062228213675553e-07,1
model,en,1608,5.754174594585493e-07,1
model,en,1607,4.4293362577718653e-07,1
model,en,1606,8.955745443017804e-07,1
model,en,1605,8.218359539569065e-07,1
model,en,1604,6.341759331007779e-07,1
model,en,1603,4.4506575136438187e-07,1
caso,es,2012,0.0005122526015777784,1
caso,es,2013,0.0004941316962468467,1
caso,es,2014,0.0005428841557317821,1
caso,es,2015,0.0005204411992046909,1
caso,es,2016,0.0005356567734577378,1
caso,es,2017,0.0005518391808584933,1
caso,es,2010,0.0005727890889919429,1
caso,es,2018,0.0005414572917207261,1
caso,es,2020,0.0005015853035080786,1
caso,es,2021,0.000537204657700685,1
ejemplar,es,2021,1.326725786299221e-05,1
model,en,1600,5.84993699703773e-07,1
model,en,1601,2.883280558307888e-06,1
model,en,1602,4.393310746308998e-07,1
caso,es,2019,0.000513251502637535,1
ejemplar,es,2022,1.3546619072712929e-05,1
