,Word,Language,Synonym,freq,year
0,选择,Chinese,0,1.0858303145511172e-10,1900
1,选择,Chinese,0,8.686642516408937e-11,1901
2,选择,Chinese,0,9.463704125911576e-11,1902
3,选择,Chinese,0,1.1703771880216303e-10,1903
4,选择,Chinese,0,5.4990272256384893e-11,1904
5,选择,Chinese,0,5.813911951075517e-10,1905
6,选择,Chinese,0,5.813911951075517e-10,1906
7,选择,Chinese,0,6.128304153823245e-10,1907
8,选择,Chinese,0,6.271233126052347e-10,1908
9,选择,Chinese,0,6.080532952146278e-10,1909
10,选择,Chinese,0,6.016188014038423e-10,1910
11,选择,Chinese,0,6.593635865478501e-10,1911
12,选择,Chinese,0,1.329626636966833e-10,1912
13,选择,Chinese,0,1.9373231887768024e-10,1913
14,选择,Chinese,0,2.996027067309852e-10,1914
15,选择,Chinese,0,2.853098095080751e-10,1915
16,选择,Chinese,0,2.853098095080751e-10,1916
17,选择,Chinese,0,2.5582404845308256e-10,1917
18,选择,Chinese,0,2.1284983002324764e-10,1918
19,选择,Chinese,0,2.1284983002324764e-10,1919
20,选择,Chinese,0,1.7093868681650193e-10,1920
21,选择,Chinese,0,5.403515234465266e-11,1921
22,选择,Chinese,0,7.41679564986164e-11,1922
23,选择,Chinese,0,2.832679002077018e-10,1923
24,选择,Chinese,0,3.0251134633000175e-10,1924
25,选择,Chinese,0,3.609105910954266e-10,1925
26,选择,Chinese,0,4.322790181365832e-10,1926
27,选择,Chinese,0,5.999103773270318e-10,1927
28,选择,Chinese,0,5.972620751145844e-10,1928
29,选择,Chinese,0,5.771292709606207e-10,1929
30,选择,Chinese,0,4.098757543686509e-10,1930
31,选择,Chinese,0,9.398101543021754e-10,1931
32,选择,Chinese,0,9.043917202435279e-10,1932
33,选择,Chinese,0,9.278743329232952e-10,1933
34,选择,Chinese,0,7.588142396177031e-10,1934
35,选择,Chinese,0,7.410564681739221e-10,1935
36,选择,Chinese,0,7.916916903795621e-10,1936
37,选择,Chinese,0,7.841134943723357e-10,1937
38,选择,Chinese,0,2.5221276654465083e-10,1938
39,选择,Chinese,0,2.1446138912370064e-10,1939
40,选择,Chinese,0,1.196103494027767e-10,1940
41,选择,Chinese,0,1.2232455524698238e-10,1941
42,选择,Chinese,0,4.937571859312381e-10,1942
43,选择,Chinese,0,5.251434485677362e-10,1943
44,选择,Chinese,0,5.65655415364828e-10,1944
45,选择,Chinese,0,5.483782971366885e-10,1945
46,选择,Chinese,0,6.008749628813196e-10,1946
47,选择,Chinese,0,6.008749628813196e-10,1947
48,选择,Chinese,0,6.332650158226625e-10,1948
49,选择,Chinese,0,3.2634616041273187e-10,1949
50,选择,Chinese,0,2.6935794269647827e-10,1950
51,选择,Chinese,0,3.7552520815165025e-10,1951
52,选择,Chinese,0,3.878791226700048e-10,1952
53,选择,Chinese,0,3.8288716344306705e-10,1953
54,选择,Chinese,0,4.16530128840734e-10,1954
55,选择,Chinese,0,5.587090205166107e-10,1955
56,选择,Chinese,0,5.902269912895695e-10,1956
57,选择,Chinese,0,7.265526821049433e-10,1957
58,选择,Chinese,0,6.398062783939475e-10,1958
59,选择,Chinese,0,6.459727038990845e-10,1959
60,选择,Chinese,0,7.148931684725873e-10,1960
61,选择,Chinese,0,1.0078897121663338e-09,1961
62,选择,Chinese,0,8.951806795831629e-10,1962
63,选择,Chinese,0,9.56424316728948e-10,1963
64,选择,Chinese,0,8.665845065346036e-10,1964
65,选择,Chinese,0,8.076869332082229e-10,1965
66,选择,Chinese,0,8.604276299387489e-10,1966
67,选择,Chinese,0,7.975505454473262e-10,1967
68,选择,Chinese,0,5.739514855448594e-10,1968
69,选择,Chinese,0,5.346054749682289e-10,1969
70,选择,Chinese,0,4.800581083446482e-10,1970
71,选择,Chinese,0,5.208089316953237e-10,1971
72,选择,Chinese,0,5.698616657921564e-10,1972
73,选择,Chinese,0,5.229718027680416e-10,1973
74,选择,Chinese,0,5.25454511251284e-10,1974
75,选择,Chinese,0,5.26042374342823e-10,1975
76,选择,Chinese,0,1.0536499748089616e-09,1976
77,选择,Chinese,0,1.2321437025437326e-09,1977
78,选择,Chinese,0,1.2950818175808517e-09,1978
79,选择,Chinese,0,1.3521386530276506e-09,1979
80,选择,Chinese,0,2.0549628625727526e-09,1980
81,选择,Chinese,0,2.1175561225130123e-09,1981
82,选择,Chinese,0,2.5200880033564896e-09,1982
83,选择,Chinese,0,4.162025002418801e-09,1983
84,选择,Chinese,0,4.0486775122948265e-09,1984
85,选择,Chinese,0,4.074656096657898e-09,1985
86,选择,Chinese,0,4.370915764249718e-09,1986
87,选择,Chinese,0,4.286858431726667e-09,1987
88,选择,Chinese,0,4.447056548403541e-09,1988
89,选择,Chinese,0,4.203124055151315e-09,1989
90,选择,Chinese,0,2.1652370531453714e-09,1990
91,选择,Chinese,0,2.3357126550343263e-09,1991
92,选择,Chinese,0,3.244203921377269e-09,1992
93,选择,Chinese,0,3.1426791328012118e-09,1993
94,选择,Chinese,0,2.711739911985335e-09,1994
95,选择,Chinese,0,3.250176445439885e-09,1995
96,选择,Chinese,0,3.2683053723709624e-09,1996
97,选择,Chinese,0,4.1255489818021425e-09,1997
98,选择,Chinese,0,4.1449124132952875e-09,1998
99,选择,Chinese,0,3.7390563026714776e-09,1999
100,选择,Chinese,0,5.379564159215176e-09,2000
101,选择,Chinese,0,6.032795532969917e-09,2001
102,选择,Chinese,0,6.200877081649228e-09,2002
103,选择,Chinese,0,6.562814989864916e-09,2003
104,选择,Chinese,0,6.0451372796421765e-09,2004
105,选择,Chinese,0,6.135395144316444e-09,2005
106,选择,Chinese,0,5.613714144330524e-09,2006
107,选择,Chinese,0,3.961719539726159e-09,2007
108,选择,Chinese,0,3.278126103900547e-09,2008
109,选择,Chinese,0,2.4185148090565586e-09,2009
110,选择,Chinese,0,2.101449990212144e-09,2010
111,选择,Chinese,0,1.8048285485175848e-09,2011
112,选择,Chinese,0,1.6877654908574259e-09,2012
113,选择,Chinese,0,1.812563170983899e-09,2013
114,选择,Chinese,0,1.8655965899101138e-09,2014
115,选择,Chinese,0,2.1934764084439807e-09,2015
116,选择,Chinese,0,2.5671809915956648e-09,2016
117,选择,Chinese,0,2.6156098213251746e-09,2017
118,选择,Chinese,0,2.834567869314242e-09,2018
119,选择,Chinese,0,2.9641206711339407e-09,2019
120,选项,Chinese,1,0.0,1900
121,选项,Chinese,1,0.0,1901
122,选项,Chinese,1,0.0,1902
123,选项,Chinese,1,0.0,1903
124,选项,Chinese,1,0.0,1904
125,选项,Chinese,1,0.0,1905
126,选项,Chinese,1,0.0,1906
127,选项,Chinese,1,0.0,1907
128,选项,Chinese,1,0.0,1908
129,选项,Chinese,1,1.514981790811427e-11,1909
130,选项,Chinese,1,1.514981790811427e-11,1910
131,选项,Chinese,1,1.514981790811427e-11,1911
132,选项,Chinese,1,1.514981790811427e-11,1912
133,选项,Chinese,1,1.514981790811427e-11,1913
134,选项,Chinese,1,1.514981790811427e-11,1914
135,选项,Chinese,1,1.514981790811427e-11,1915
136,选项,Chinese,1,0.0,1916
137,选项,Chinese,1,0.0,1917
138,选项,Chinese,1,0.0,1918
139,选项,Chinese,1,0.0,1919
140,选项,Chinese,1,0.0,1920
141,选项,Chinese,1,0.0,1921
142,选项,Chinese,1,0.0,1922
143,选项,Chinese,1,0.0,1923
144,选项,Chinese,1,0.0,1924
145,选项,Chinese,1,0.0,1925
146,选项,Chinese,1,0.0,1926
147,选项,Chinese,1,0.0,1927
148,选项,Chinese,1,0.0,1928
149,选项,Chinese,1,0.0,1929
150,选项,Chinese,1,0.0,1930
151,选项,Chinese,1,0.0,1931
152,选项,Chinese,1,0.0,1932
153,选项,Chinese,1,0.0,1933
154,选项,Chinese,1,0.0,1934
155,选项,Chinese,1,0.0,1935
156,选项,Chinese,1,0.0,1936
157,选项,Chinese,1,0.0,1937
158,选项,Chinese,1,0.0,1938
159,选项,Chinese,1,0.0,1939
160,选项,Chinese,1,0.0,1940
161,选项,Chinese,1,0.0,1941
162,选项,Chinese,1,0.0,1942
163,选项,Chinese,1,0.0,1943
164,选项,Chinese,1,0.0,1944
165,选项,Chinese,1,0.0,1945
166,选项,Chinese,1,0.0,1946
167,选项,Chinese,1,1.2387830840486304e-11,1947
168,选项,Chinese,1,1.2387830840486304e-11,1948
169,选项,Chinese,1,1.2387830840486304e-11,1949
170,选项,Chinese,1,1.2387830840486304e-11,1950
171,选项,Chinese,1,1.2387830840486304e-11,1951
172,选项,Chinese,1,1.2387830840486304e-11,1952
173,选项,Chinese,1,1.2387830840486304e-11,1953
174,选项,Chinese,1,0.0,1954
175,选项,Chinese,1,0.0,1955
176,选项,Chinese,1,0.0,1956
177,选项,Chinese,1,0.0,1957
178,选项,Chinese,1,0.0,1958
179,选项,Chinese,1,0.0,1959
180,选项,Chinese,1,0.0,1960
181,选项,Chinese,1,1.0887983966803967e-11,1961
182,选项,Chinese,1,1.0887983966803967e-11,1962
183,选项,Chinese,1,1.0887983966803967e-11,1963
184,选项,Chinese,1,1.0887983966803967e-11,1964
185,选项,Chinese,1,1.0887983966803967e-11,1965
186,选项,Chinese,1,1.0887983966803967e-11,1966
187,选项,Chinese,1,1.0887983966803967e-11,1967
188,选项,Chinese,1,0.0,1968
189,选项,Chinese,1,0.0,1969
190,选项,Chinese,1,0.0,1970
191,选项,Chinese,1,0.0,1971
192,选项,Chinese,1,0.0,1972
193,选项,Chinese,1,0.0,1973
194,选项,Chinese,1,0.0,1974
195,选项,Chinese,1,0.0,1975
196,选项,Chinese,1,0.0,1976
197,选项,Chinese,1,0.0,1977
198,选项,Chinese,1,4.778402277036012e-11,1978
199,选项,Chinese,1,4.778402277036012e-11,1979
200,选项,Chinese,1,4.778402277036012e-11,1980
201,选项,Chinese,1,4.778402277036012e-11,1981
202,选项,Chinese,1,6.28932818523355e-11,1982
203,选项,Chinese,1,3.8755097940347735e-10,1983
204,选项,Chinese,1,4.6385746434372624e-10,1984
205,选项,Chinese,1,4.2352479955638193e-10,1985
206,选项,Chinese,1,4.2352479955638193e-10,1986
207,选项,Chinese,1,4.3044026279811677e-10,1987
208,选项,Chinese,1,4.3044026279811677e-10,1988
209,选项,Chinese,1,4.22054790917757e-10,1989
210,选项,Chinese,1,9.73970933666151e-11,1990
211,选项,Chinese,1,2.7857605607227244e-11,1991
212,选项,Chinese,1,2.0406247624211408e-11,1992
213,选项,Chinese,1,2.0406247624211408e-11,1993
214,选项,Chinese,1,2.0564078713679125e-11,1994
215,选项,Chinese,1,2.7733014793370916e-11,1995
216,选项,Chinese,1,4.904488868600383e-11,1996
217,选项,Chinese,1,1.1012404232560843e-10,1997
218,选项,Chinese,1,1.0335704514474742e-10,1998
219,选项,Chinese,1,1.4475832834013958e-10,1999
220,选项,Chinese,1,2.0366528701616053e-10,2000
221,选项,Chinese,1,2.3013579930619699e-10,2001
222,选项,Chinese,1,2.9334830992893453e-10,2002
223,选项,Chinese,1,3.2177810416200714e-10,2003
224,选项,Chinese,1,2.606989505224025e-10,2004
225,选项,Chinese,1,2.606989505224025e-10,2005
226,选项,Chinese,1,2.430551672625926e-10,2006
227,选项,Chinese,1,1.920667741913843e-10,2007
228,选项,Chinese,1,5.933499990943122e-10,2008
229,选项,Chinese,1,5.289556456535203e-10,2009
230,选项,Chinese,1,4.724901903261993e-10,2010
231,选项,Chinese,1,4.724901903261993e-10,2011
232,选项,Chinese,1,7.657950944999531e-10,2012
233,选项,Chinese,1,7.420375945643709e-10,2013
234,选项,Chinese,1,7.341190289595583e-10,2014
235,选项,Chinese,1,3.0713379111805116e-10,2015
236,选项,Chinese,1,3.0907421463436234e-10,2016
237,选项,Chinese,1,3.605865837400894e-10,2017
238,选项,Chinese,1,4.3270390048810725e-10,2018
239,选项,Chinese,1,2.7596293306064723e-11,2019
240,CHOICE,English,0,1.212717819498721e-06,1900
241,CHOICE,English,0,1.2491558209148935e-06,1901
242,CHOICE,English,0,1.2951951286292267e-06,1902
243,CHOICE,English,0,1.3324597440649605e-06,1903
244,CHOICE,English,0,1.3531801609393109e-06,1904
245,CHOICE,English,0,1.3973366809035985e-06,1905
246,CHOICE,English,0,1.4101320208023286e-06,1906
247,CHOICE,English,0,1.3889531211524236e-06,1907
248,CHOICE,English,0,1.362067207212801e-06,1908
249,CHOICE,English,0,1.3106051548155456e-06,1909
250,CHOICE,English,0,1.2786580003064176e-06,1910
251,CHOICE,English,0,1.2637017659601822e-06,1911
252,CHOICE,English,0,1.26432118057502e-06,1912
253,CHOICE,English,0,1.2664456627525006e-06,1913
254,CHOICE,English,0,1.2998315566749495e-06,1914
255,CHOICE,English,0,1.3409914702476402e-06,1915
256,CHOICE,English,0,1.4793072620834989e-06,1916
257,CHOICE,English,0,1.620181348828607e-06,1917
258,CHOICE,English,0,1.7232453696383994e-06,1918
259,CHOICE,English,0,1.831198557868317e-06,1919
260,CHOICE,English,0,1.9556492978673693e-06,1920
261,CHOICE,English,0,1.940517076296341e-06,1921
262,CHOICE,English,0,1.898099364033052e-06,1922
263,CHOICE,English,0,1.7492830660817811e-06,1923
264,CHOICE,English,0,1.566950183067612e-06,1924
265,CHOICE,English,0,1.4434651802730514e-06,1925
266,CHOICE,English,0,1.3414380808691412e-06,1926
267,CHOICE,English,0,1.2105797558043768e-06,1927
268,CHOICE,English,0,1.2117295682401164e-06,1928
269,CHOICE,English,0,1.1913954917222976e-06,1929
270,CHOICE,English,0,1.1940638354904616e-06,1930
271,CHOICE,English,0,1.211537502448274e-06,1931
272,CHOICE,English,0,1.2284280371334586e-06,1932
273,CHOICE,English,0,1.1968432188171261e-06,1933
274,CHOICE,English,0,1.1941680538386988e-06,1934
275,CHOICE,English,0,1.2010529124901431e-06,1935
276,CHOICE,English,0,1.2490520313284442e-06,1936
277,CHOICE,English,0,1.3110348910621333e-06,1937
278,CHOICE,English,0,1.3617789461152694e-06,1938
279,CHOICE,English,0,1.3992152259691335e-06,1939
280,CHOICE,English,0,1.4538681105997448e-06,1940
281,CHOICE,English,0,1.5355366420927957e-06,1941
282,CHOICE,English,0,1.6166696436162705e-06,1942
283,CHOICE,English,0,1.689005979902244e-06,1943
284,CHOICE,English,0,1.7709499908440712e-06,1944
285,CHOICE,English,0,1.8972751182185936e-06,1945
286,CHOICE,English,0,1.9868357412633486e-06,1946
287,CHOICE,English,0,2.0823920782017273e-06,1947
288,CHOICE,English,0,2.1191009247039413e-06,1948
289,CHOICE,English,0,2.151889020751696e-06,1949
290,CHOICE,English,0,2.2000831774805974e-06,1950
291,CHOICE,English,0,2.226861819768341e-06,1951
292,CHOICE,English,0,2.2248822720679788e-06,1952
293,CHOICE,English,0,2.2325584398328957e-06,1953
294,CHOICE,English,0,2.2167912772731924e-06,1954
295,CHOICE,English,0,2.2138662448664296e-06,1955
296,CHOICE,English,0,2.2151461962494068e-06,1956
297,CHOICE,English,0,2.220042396012494e-06,1957
298,CHOICE,English,0,2.2106436128004655e-06,1958
299,CHOICE,English,0,2.1925126085469467e-06,1959
300,CHOICE,English,0,2.188471788550877e-06,1960
301,CHOICE,English,0,2.134768741208453e-06,1961
302,CHOICE,English,0,2.142451210472375e-06,1962
303,CHOICE,English,0,2.1199021408132727e-06,1963
304,CHOICE,English,0,2.1147284802022374e-06,1964
305,CHOICE,English,0,2.134042899472531e-06,1965
306,CHOICE,English,0,2.1604999379373372e-06,1966
307,CHOICE,English,0,2.2170547546401006e-06,1967
308,CHOICE,English,0,2.2665865019787035e-06,1968
309,CHOICE,English,0,2.2732397480597555e-06,1969
310,CHOICE,English,0,2.4530309994068896e-06,1970
311,CHOICE,English,0,2.4503694930899655e-06,1971
312,CHOICE,English,0,2.4228341512103465e-06,1972
313,CHOICE,English,0,2.5009998288234262e-06,1973
314,CHOICE,English,0,2.43655914086308e-06,1974
315,CHOICE,English,0,2.461125469770715e-06,1975
316,CHOICE,English,0,2.434537918816204e-06,1976
317,CHOICE,English,0,2.2781466343855883e-06,1977
318,CHOICE,English,0,2.2441090550273657e-06,1978
319,CHOICE,English,0,2.2044752248413194e-06,1979
320,CHOICE,English,0,2.0252051139583012e-06,1980
321,CHOICE,English,0,2.0495702496451225e-06,1981
322,CHOICE,English,0,2.0475132974492486e-06,1982
323,CHOICE,English,0,2.2465477676243088e-06,1983
324,CHOICE,English,0,2.255800739346471e-06,1984
325,CHOICE,English,0,2.316267552617189e-06,1985
326,CHOICE,English,0,2.420338172929145e-06,1986
327,CHOICE,English,0,2.5958197511499748e-06,1987
328,CHOICE,English,0,2.623570903129543e-06,1988
329,CHOICE,English,0,2.6067022450401315e-06,1989
330,CHOICE,English,0,2.4540404735619503e-06,1990
331,CHOICE,English,0,2.457565577580161e-06,1991
332,CHOICE,English,0,2.450547656605652e-06,1992
333,CHOICE,English,0,2.3840754823010812e-06,1993
334,CHOICE,English,0,2.304370679796973e-06,1994
335,CHOICE,English,0,2.2467733223103485e-06,1995
336,CHOICE,English,0,2.2149929951150886e-06,1996
337,CHOICE,English,0,2.132693193094123e-06,1997
338,CHOICE,English,0,2.0797296623901014e-06,1998
339,CHOICE,English,0,1.989414954550739e-06,1999
340,CHOICE,English,0,1.908069033821188e-06,2000
341,CHOICE,English,0,1.8008694431565736e-06,2001
342,CHOICE,English,0,1.7699876804856883e-06,2002
343,CHOICE,English,0,1.7294455411891768e-06,2003
344,CHOICE,English,0,1.7016210936812319e-06,2004
345,CHOICE,English,0,1.6329069824548372e-06,2005
346,CHOICE,English,0,1.5437097187844171e-06,2006
347,CHOICE,English,0,1.4382587210093334e-06,2007
348,CHOICE,English,0,1.3569390781802731e-06,2008
349,CHOICE,English,0,1.2537220673688613e-06,2009
350,CHOICE,English,0,1.1574722813228227e-06,2010
351,CHOICE,English,0,1.0541851988169322e-06,2011
352,CHOICE,English,0,9.869087226174348e-07,2012
353,CHOICE,English,0,9.467636589631314e-07,2013
354,CHOICE,English,0,9.409911366934207e-07,2014
355,CHOICE,English,0,9.061786516083105e-07,2015
356,CHOICE,English,0,8.859770364974143e-07,2016
357,CHOICE,English,0,8.757476261204525e-07,2017
358,CHOICE,English,0,8.794408813628251e-07,2018
359,CHOICE,English,0,8.623483438441326e-07,2019
360,CHoiCE,English,0,0.0,1900
361,CHoiCE,English,0,0.0,1901
362,CHoiCE,English,0,0.0,1902
363,CHoiCE,English,0,0.0,1903
364,CHoiCE,English,0,0.0,1904
365,CHoiCE,English,0,0.0,1905
366,CHoiCE,English,0,0.0,1906
367,CHoiCE,English,0,0.0,1907
368,CHoiCE,English,0,0.0,1908
369,CHoiCE,English,0,0.0,1909
370,CHoiCE,English,0,0.0,1910
371,CHoiCE,English,0,0.0,1911
372,CHoiCE,English,0,0.0,1912
373,CHoiCE,English,0,0.0,1913
374,CHoiCE,English,0,0.0,1914
375,CHoiCE,English,0,0.0,1915
376,CHoiCE,English,0,0.0,1916
377,CHoiCE,English,0,0.0,1917
378,CHoiCE,English,0,0.0,1918
379,CHoiCE,English,0,0.0,1919
380,CHoiCE,English,0,0.0,1920
381,CHoiCE,English,0,0.0,1921
382,CHoiCE,English,0,0.0,1922
383,CHoiCE,English,0,0.0,1923
384,CHoiCE,English,0,0.0,1924
385,CHoiCE,English,0,0.0,1925
386,CHoiCE,English,0,0.0,1926
387,CHoiCE,English,0,0.0,1927
388,CHoiCE,English,0,0.0,1928
389,CHoiCE,English,0,0.0,1929
390,CHoiCE,English,0,0.0,1930
391,CHoiCE,English,0,0.0,1931
392,CHoiCE,English,0,0.0,1932
393,CHoiCE,English,0,0.0,1933
394,CHoiCE,English,0,0.0,1934
395,CHoiCE,English,0,0.0,1935
396,CHoiCE,English,0,0.0,1936
397,CHoiCE,English,0,0.0,1937
398,CHoiCE,English,0,0.0,1938
399,CHoiCE,English,0,0.0,1939
400,CHoiCE,English,0,0.0,1940
401,CHoiCE,English,0,0.0,1941
402,CHoiCE,English,0,0.0,1942
403,CHoiCE,English,0,0.0,1943
404,CHoiCE,English,0,0.0,1944
405,CHoiCE,English,0,0.0,1945
406,CHoiCE,English,0,0.0,1946
407,CHoiCE,English,0,0.0,1947
408,CHoiCE,English,0,0.0,1948
409,CHoiCE,English,0,0.0,1949
410,CHoiCE,English,0,0.0,1950
411,CHoiCE,English,0,0.0,1951
412,CHoiCE,English,0,0.0,1952
413,CHoiCE,English,0,0.0,1953
414,CHoiCE,English,0,0.0,1954
415,CHoiCE,English,0,0.0,1955
416,CHoiCE,English,0,0.0,1956
417,CHoiCE,English,0,0.0,1957
418,CHoiCE,English,0,0.0,1958
419,CHoiCE,English,0,0.0,1959
420,CHoiCE,English,0,0.0,1960
421,CHoiCE,English,0,0.0,1961
422,CHoiCE,English,0,0.0,1962
423,CHoiCE,English,0,0.0,1963
424,CHoiCE,English,0,0.0,1964
425,CHoiCE,English,0,0.0,1965
426,CHoiCE,English,0,0.0,1966
427,CHoiCE,English,0,0.0,1967
428,CHoiCE,English,0,0.0,1968
429,CHoiCE,English,0,0.0,1969
430,CHoiCE,English,0,0.0,1970
431,CHoiCE,English,0,0.0,1971
432,CHoiCE,English,0,0.0,1972
433,CHoiCE,English,0,0.0,1973
434,CHoiCE,English,0,0.0,1974
435,CHoiCE,English,0,0.0,1975
436,CHoiCE,English,0,0.0,1976
437,CHoiCE,English,0,0.0,1977
438,CHoiCE,English,0,0.0,1978
439,CHoiCE,English,0,0.0,1979
440,CHoiCE,English,0,0.0,1980
441,CHoiCE,English,0,0.0,1981
442,CHoiCE,English,0,0.0,1982
443,CHoiCE,English,0,0.0,1983
444,CHoiCE,English,0,0.0,1984
445,CHoiCE,English,0,0.0,1985
446,CHoiCE,English,0,0.0,1986
447,CHoiCE,English,0,0.0,1987
448,CHoiCE,English,0,0.0,1988
449,CHoiCE,English,0,0.0,1989
450,CHoiCE,English,0,0.0,1990
451,CHoiCE,English,0,0.0,1991
452,CHoiCE,English,0,0.0,1992
453,CHoiCE,English,0,0.0,1993
454,CHoiCE,English,0,0.0,1994
455,CHoiCE,English,0,0.0,1995
456,CHoiCE,English,0,0.0,1996
457,CHoiCE,English,0,1.3573145583668987e-11,1997
458,CHoiCE,English,0,2.058713170176902e-11,1998
459,CHoiCE,English,0,2.058713170176902e-11,1999
460,CHoiCE,English,0,4.676800266500969e-11,2000
461,CHoiCE,English,0,8.03118092862487e-11,2001
462,CHoiCE,English,0,1.2254068047977207e-10,2002
463,CHoiCE,English,0,1.3665704431160235e-10,2003
464,CHoiCE,English,0,1.3012336991643662e-10,2004
465,CHoiCE,English,0,1.5923608860062595e-10,2005
466,CHoiCE,English,0,1.829935885362082e-10,2006
467,CHoiCE,English,0,1.8848697999221794e-10,2007
468,CHoiCE,English,0,2.1028479751145872e-10,2008
469,CHoiCE,English,0,4.793847620452953e-10,2009
470,CHoiCE,English,0,4.884990913762393e-10,2010
471,CHoiCE,English,0,5.86797771088118e-10,2011
472,CHoiCE,English,0,7.086044786655929e-10,2012
473,CHoiCE,English,0,7.140792163922477e-10,2013
474,CHoiCE,English,0,7.041950276866413e-10,2014
475,CHoiCE,English,0,7.115877530074397e-10,2015
476,CHoiCE,English,0,4.002589172800798e-10,2016
477,CHoiCE,English,0,4.398662614701898e-10,2017
478,CHoiCE,English,0,3.8036610250369306e-10,2018
479,CHoiCE,English,0,1.990741564650289e-10,2019
480,ChOICE,English,0,0.0,1900
481,ChOICE,English,0,2.7329699614497825e-11,1901
482,ChOICE,English,0,2.277474967874819e-11,1902
483,ChOICE,English,0,1.952121401035559e-11,1903
484,ChOICE,English,0,1.952121401035559e-11,1904
485,ChOICE,English,0,1.952121401035559e-11,1905
486,ChOICE,English,0,1.952121401035559e-11,1906
487,ChOICE,English,0,1.952121401035559e-11,1907
488,ChOICE,English,0,0.0,1908
489,ChOICE,English,0,0.0,1909
490,ChOICE,English,0,0.0,1910
491,ChOICE,English,0,0.0,1911
492,ChOICE,English,0,0.0,1912
493,ChOICE,English,0,0.0,1913
494,ChOICE,English,0,0.0,1914
495,ChOICE,English,0,0.0,1915
496,ChOICE,English,0,0.0,1916
497,ChOICE,English,0,0.0,1917
498,ChOICE,English,0,0.0,1918
499,ChOICE,English,0,0.0,1919
500,ChOICE,English,0,0.0,1920
501,ChOICE,English,0,0.0,1921
502,ChOICE,English,0,0.0,1922
503,ChOICE,English,0,0.0,1923
504,ChOICE,English,0,0.0,1924
505,ChOICE,English,0,0.0,1925
506,ChOICE,English,0,0.0,1926
507,ChOICE,English,0,0.0,1927
508,ChOICE,English,0,0.0,1928
509,ChOICE,English,0,0.0,1929
510,ChOICE,English,0,0.0,1930
511,ChOICE,English,0,0.0,1931
512,ChOICE,English,0,0.0,1932
513,ChOICE,English,0,0.0,1933
514,ChOICE,English,0,0.0,1934
515,ChOICE,English,0,0.0,1935
516,ChOICE,English,0,0.0,1936
517,ChOICE,English,0,0.0,1937
518,ChOICE,English,0,0.0,1938
519,ChOICE,English,0,0.0,1939
520,ChOICE,English,0,0.0,1940
521,ChOICE,English,0,0.0,1941
522,ChOICE,English,0,0.0,1942
523,ChOICE,English,0,0.0,1943
524,ChOICE,English,0,0.0,1944
525,ChOICE,English,0,0.0,1945
526,ChOICE,English,0,0.0,1946
527,ChOICE,English,0,0.0,1947
528,ChOICE,English,0,0.0,1948
529,ChOICE,English,0,0.0,1949
530,ChOICE,English,0,0.0,1950
531,ChOICE,English,0,0.0,1951
532,ChOICE,English,0,0.0,1952
533,ChOICE,English,0,0.0,1953
534,ChOICE,English,0,0.0,1954
535,ChOICE,English,0,0.0,1955
536,ChOICE,English,0,1.067019389511259e-11,1956
537,ChOICE,English,0,1.067019389511259e-11,1957
538,ChOICE,English,0,1.067019389511259e-11,1958
539,ChOICE,English,0,1.067019389511259e-11,1959
540,ChOICE,English,0,1.067019389511259e-11,1960
541,ChOICE,English,0,1.067019389511259e-11,1961
542,ChOICE,English,0,1.067019389511259e-11,1962
543,ChOICE,English,0,0.0,1963
544,ChOICE,English,0,0.0,1964
545,ChOICE,English,0,0.0,1965
546,ChOICE,English,0,0.0,1966
547,ChOICE,English,0,0.0,1967
548,ChOICE,English,0,0.0,1968
549,ChOICE,English,0,0.0,1969
550,ChOICE,English,0,0.0,1970
551,ChOICE,English,0,0.0,1971
552,ChOICE,English,0,0.0,1972
553,ChOICE,English,0,0.0,1973
554,ChOICE,English,0,0.0,1974
555,ChOICE,English,0,0.0,1975
556,ChOICE,English,0,7.811856320546643e-12,1976
557,ChOICE,English,0,7.811856320546643e-12,1977
558,ChOICE,English,0,7.811856320546643e-12,1978
559,ChOICE,English,0,7.811856320546643e-12,1979
560,ChOICE,English,0,7.811856320546643e-12,1980
561,ChOICE,English,0,1.522585975950135e-11,1981
562,ChOICE,English,0,1.522585975950135e-11,1982
563,ChOICE,English,0,7.414003438954708e-12,1983
564,ChOICE,English,0,7.414003438954708e-12,1984
565,ChOICE,English,0,7.414003438954708e-12,1985
566,ChOICE,English,0,1.4361189321077106e-11,1986
567,ChOICE,English,0,1.4361189321077106e-11,1987
568,ChOICE,English,0,6.9471858821223975e-12,1988
569,ChOICE,English,0,6.9471858821223975e-12,1989
570,ChOICE,English,0,6.9471858821223975e-12,1990
571,ChOICE,English,0,1.371418306298341e-11,1991
572,ChOICE,English,0,1.371418306298341e-11,1992
573,ChOICE,English,0,6.766997180861014e-12,1993
574,ChOICE,English,0,6.766997180861014e-12,1994
575,ChOICE,English,0,2.1104869340244595e-11,1995
576,ChOICE,English,0,2.811378461380671e-11,1996
577,ChOICE,English,0,2.811378461380671e-11,1997
578,ChOICE,English,0,2.836077355104573e-11,1998
579,ChOICE,English,0,3.526098758215619e-11,1999
580,ChOICE,English,0,4.180620532296635e-11,2000
581,ChOICE,English,0,4.180620532296635e-11,2001
582,ChOICE,English,0,2.746833316358277e-11,2002
583,ChOICE,English,0,2.0459417890020657e-11,2003
584,ChOICE,English,0,2.7498889078523904e-11,2004
585,ChOICE,English,0,2.7710244317389966e-11,2005
586,ChOICE,English,0,7.624419548094404e-11,2006
587,ChOICE,English,0,1.0137324015938428e-10,2007
588,ChOICE,English,0,2.8321000802459094e-10,2008
589,ChOICE,English,0,3.610422169564309e-10,2009
590,ChOICE,English,0,4.946187001642066e-10,2010
591,ChOICE,English,0,5.73166480547346e-10,2011
592,ChOICE,English,0,7.163539008013333e-10,2012
593,ChOICE,English,0,8.14388988785402e-10,2013
594,ChOICE,English,0,8.698750212207277e-10,2014
595,ChOICE,English,0,8.76241293809191e-10,2015
596,ChOICE,English,0,8.142641184332484e-10,2016
597,ChOICE,English,0,7.941355744297182e-10,2017
598,ChOICE,English,0,8.331405371153622e-10,2018
599,ChOICE,English,0,7.782033385750342e-10,2019
600,ChoICE,English,0,3.527957093130141e-11,1900
601,ChoICE,English,0,2.8223656745041126e-11,1901
602,ChoICE,English,0,2.3519713954200938e-11,1902
603,ChoICE,English,0,2.015975481788652e-11,1903
604,ChoICE,English,0,2.015975481788652e-11,1904
605,ChoICE,English,0,0.0,1905
606,ChoICE,English,0,0.0,1906
607,ChoICE,English,0,0.0,1907
608,ChoICE,English,0,0.0,1908
609,ChoICE,English,0,0.0,1909
610,ChoICE,English,0,0.0,1910
611,ChoICE,English,0,0.0,1911
612,ChoICE,English,0,0.0,1912
613,ChoICE,English,0,0.0,1913
614,ChoICE,English,0,0.0,1914
615,ChoICE,English,0,0.0,1915
616,ChoICE,English,0,0.0,1916
617,ChoICE,English,0,0.0,1917
618,ChoICE,English,0,0.0,1918
619,ChoICE,English,0,0.0,1919
620,ChoICE,English,0,0.0,1920
621,ChoICE,English,0,0.0,1921
622,ChoICE,English,0,0.0,1922
623,ChoICE,English,0,0.0,1923
624,ChoICE,English,0,0.0,1924
625,ChoICE,English,0,0.0,1925
626,ChoICE,English,0,0.0,1926
627,ChoICE,English,0,0.0,1927
628,ChoICE,English,0,0.0,1928
629,ChoICE,English,0,0.0,1929
630,ChoICE,English,0,0.0,1930
631,ChoICE,English,0,0.0,1931
632,ChoICE,English,0,0.0,1932
633,ChoICE,English,0,0.0,1933
634,ChoICE,English,0,0.0,1934
635,ChoICE,English,0,1.764512940522727e-11,1935
636,ChoICE,English,0,1.764512940522727e-11,1936
637,ChoICE,English,0,1.764512940522727e-11,1937
638,ChoICE,English,0,3.4922247633366914e-11,1938
639,ChoICE,English,0,3.4922247633366914e-11,1939
640,ChoICE,English,0,3.4922247633366914e-11,1940
641,ChoICE,English,0,3.4922247633366914e-11,1941
642,ChoICE,English,0,1.7277118228139645e-11,1942
643,ChoICE,English,0,3.368141480005907e-11,1943
644,ChoICE,English,0,3.368141480005907e-11,1944
645,ChoICE,English,0,4.489756582388387e-11,1945
646,ChoICE,English,0,7.114589869619944e-11,1946
647,ChoICE,English,0,8.353372953668575e-11,1947
648,ChoICE,English,0,9.666723869784986e-11,1948
649,ChoICE,English,0,9.666723869784986e-11,1949
650,ChoICE,English,0,8.026294212593044e-11,1950
651,ChoICE,English,0,8.026294212593044e-11,1951
652,ChoICE,English,0,5.176967287396599e-11,1952
653,ChoICE,English,0,2.552134000165042e-11,1953
654,ChoICE,English,0,1.3133509161164118e-11,1954
655,ChoICE,English,0,0.0,1955
656,ChoICE,English,0,0.0,1956
657,ChoICE,English,0,1.008493487132865e-11,1957
658,ChoICE,English,0,1.950504043993614e-11,1958
659,ChoICE,English,0,1.950504043993614e-11,1959
660,ChoICE,English,0,2.8460822984069776e-11,1960
661,ChoICE,English,0,2.8460822984069776e-11,1961
662,ChoICE,English,0,3.8711309951240076e-11,1962
663,ChoICE,English,0,3.8711309951240076e-11,1963
664,ChoICE,English,0,2.8626375079911425e-11,1964
665,ChoICE,English,0,1.9206269511303933e-11,1965
666,ChoICE,English,0,3.702152869980832e-11,1966
667,ChoICE,English,0,3.6990427586060444e-11,1967
668,ChoICE,English,0,4.5577131354715814e-11,1968
669,ChoICE,English,0,3.5326644387545514e-11,1969
670,ChoICE,English,0,4.388731243500286e-11,1970
671,ChoICE,English,0,4.388731243500286e-11,1971
672,ChoICE,English,0,4.388731243500286e-11,1972
673,ChoICE,English,0,2.607205324649848e-11,1973
674,ChoICE,English,0,1.7147371816112714e-11,1974
675,ChoICE,English,0,8.560668047457349e-12,1975
676,ChoICE,English,0,8.560668047457349e-12,1976
677,ChoICE,English,0,0.0,1977
678,ChoICE,English,0,0.0,1978
679,ChoICE,English,0,0.0,1979
680,ChoICE,English,0,0.0,1980
681,ChoICE,English,0,7.414003438954708e-12,1981
682,ChoICE,English,0,3.763252160290545e-11,1982
683,ChoICE,English,0,5.273287907527267e-11,1983
684,ChoICE,English,0,6.036352717278933e-11,1984
685,ChoICE,English,0,7.5266243138821e-11,1985
686,ChoICE,English,0,7.5266243138821e-11,1986
687,ChoICE,English,0,8.218170638055585e-11,1987
688,ChoICE,English,0,8.173825753148606e-11,1988
689,ChoICE,English,0,5.151973936753532e-11,1989
690,ChoICE,English,0,5.5787767758560694e-11,1990
691,ChoICE,English,0,5.492411684190504e-11,1991
692,ChoICE,English,0,5.3637080887902755e-11,1992
693,ChoICE,English,0,5.3637080887902755e-11,1993
694,ChoICE,English,0,5.379491197737047e-11,1994
695,ChoICE,English,0,7.550010170625271e-11,1995
696,ChoICE,English,0,9.652684752693906e-11,1996
697,ChoICE,English,0,9.073160724721546e-11,1997
698,ChoICE,English,0,1.470904836423489e-10,1998
699,ChoICE,English,0,1.6107565975476135e-10,1999
700,ChoICE,English,0,1.6762087749557152e-10,2000
701,ChoICE,English,0,1.6725634419123558e-10,2001
702,ChoICE,English,0,1.5265688960946251e-10,2002
703,ChoICE,English,0,1.7397923627553753e-10,2003
704,ChoICE,English,0,1.6744556188037178e-10,2004
705,ChoICE,English,0,2.054744712669849e-10,2005
706,ChoICE,English,0,2.0163111507812533e-10,2006
707,ChoICE,English,0,3.534572133986494e-10,2007
708,ChoICE,English,0,4.179019719560298e-10,2008
709,ChoICE,English,0,4.457353365374038e-10,2009
710,ChoICE,English,0,4.84693673094164e-10,2010
711,ChoICE,English,0,5.632414534773034e-10,2011
712,ChoICE,English,0,5.523343290673008e-10,2012
713,ChoICE,English,0,5.724251866163448e-10,2013
714,ChoICE,English,0,4.576340179822986e-10,2014
715,ChoICE,English,0,4.570566385681778e-10,2015
716,ChoICE,English,0,4.389295355749263e-10,2016
717,ChoICE,English,0,4.172257909533054e-10,2017
718,ChoICE,English,0,3.808487969436669e-10,2018
719,ChoICE,English,0,3.1812759371252497e-10,2019
720,ChoICe,English,0,0.0,1900
721,ChoICe,English,0,0.0,1901
722,ChoICe,English,0,0.0,1902
723,ChoICe,English,0,0.0,1903
724,ChoICe,English,0,0.0,1904
725,ChoICe,English,0,0.0,1905
726,ChoICe,English,0,0.0,1906
727,ChoICe,English,0,0.0,1907
728,ChoICe,English,0,0.0,1908
729,ChoICe,English,0,0.0,1909
730,ChoICe,English,0,0.0,1910
731,ChoICe,English,0,0.0,1911
732,ChoICe,English,0,0.0,1912
733,ChoICe,English,0,0.0,1913
734,ChoICe,English,0,0.0,1914
735,ChoICe,English,0,0.0,1915
736,ChoICe,English,0,0.0,1916
737,ChoICe,English,0,0.0,1917
738,ChoICe,English,0,0.0,1918
739,ChoICe,English,0,0.0,1919
740,ChoICe,English,0,0.0,1920
741,ChoICe,English,0,0.0,1921
742,ChoICe,English,0,0.0,1922
743,ChoICe,English,0,0.0,1923
744,ChoICe,English,0,0.0,1924
745,ChoICe,English,0,0.0,1925
746,ChoICe,English,0,0.0,1926
747,ChoICe,English,0,0.0,1927
748,ChoICe,English,0,0.0,1928
749,ChoICe,English,0,0.0,1929
750,ChoICe,English,0,0.0,1930
751,ChoICe,English,0,0.0,1931
752,ChoICe,English,0,0.0,1932
753,ChoICe,English,0,0.0,1933
754,ChoICe,English,0,0.0,1934
755,ChoICe,English,0,0.0,1935
756,ChoICe,English,0,0.0,1936
757,ChoICe,English,0,0.0,1937
758,ChoICe,English,0,0.0,1938
759,ChoICe,English,0,0.0,1939
760,ChoICe,English,0,0.0,1940
761,ChoICe,English,0,0.0,1941
762,ChoICe,English,0,0.0,1942
763,ChoICe,English,0,0.0,1943
764,ChoICe,English,0,0.0,1944
765,ChoICe,English,0,0.0,1945
766,ChoICe,English,0,0.0,1946
767,ChoICe,English,0,0.0,1947
768,ChoICe,English,0,0.0,1948
769,ChoICe,English,0,0.0,1949
770,ChoICe,English,0,0.0,1950
771,ChoICe,English,0,0.0,1951
772,ChoICe,English,0,0.0,1952
773,ChoICe,English,0,0.0,1953
774,ChoICe,English,0,0.0,1954
775,ChoICe,English,0,0.0,1955
776,ChoICe,English,0,0.0,1956
777,ChoICe,English,0,0.0,1957
778,ChoICe,English,0,0.0,1958
779,ChoICe,English,0,0.0,1959
780,ChoICe,English,0,0.0,1960
781,ChoICe,English,0,0.0,1961
782,ChoICe,English,0,0.0,1962
783,ChoICe,English,0,0.0,1963
784,ChoICe,English,0,0.0,1964
785,ChoICe,English,0,0.0,1965
786,ChoICe,English,0,0.0,1966
787,ChoICe,English,0,0.0,1967
788,ChoICe,English,0,0.0,1968
789,ChoICe,English,0,0.0,1969
790,ChoICe,English,0,0.0,1970
791,ChoICe,English,0,0.0,1971
792,ChoICe,English,0,0.0,1972
793,ChoICe,English,0,0.0,1973
794,ChoICe,English,0,0.0,1974
795,ChoICe,English,0,0.0,1975
796,ChoICe,English,0,0.0,1976
797,ChoICe,English,0,0.0,1977
798,ChoICe,English,0,0.0,1978
799,ChoICe,English,0,0.0,1979
800,ChoICe,English,0,0.0,1980
801,ChoICe,English,0,0.0,1981
802,ChoICe,English,0,0.0,1982
803,ChoICe,English,0,0.0,1983
804,ChoICe,English,0,0.0,1984
805,ChoICe,English,0,0.0,1985
806,ChoICe,English,0,0.0,1986
807,ChoICe,English,0,0.0,1987
808,ChoICe,English,0,0.0,1988
809,ChoICe,English,0,0.0,1989
810,ChoICe,English,0,0.0,1990
811,ChoICe,English,0,0.0,1991
812,ChoICe,English,0,0.0,1992
813,ChoICe,English,0,0.0,1993
814,ChoICe,English,0,0.0,1994
815,ChoICe,English,0,0.0,1995
816,ChoICe,English,0,0.0,1996
817,ChoICe,English,0,0.0,1997
818,ChoICe,English,0,0.0,1998
819,ChoICe,English,0,0.0,1999
820,ChoICe,English,0,0.0,2000
821,ChoICe,English,0,0.0,2001
822,ChoICe,English,0,0.0,2002
823,ChoICe,English,0,0.0,2003
824,ChoICe,English,0,0.0,2004
825,ChoICe,English,0,0.0,2005
826,ChoICe,English,0,1.5838332629541137e-11,2006
827,ChoICe,English,0,1.5045395286770813e-10,2007
828,ChoICe,English,0,1.8998368552950292e-10,2008
829,ChoICe,English,0,3.935448534513648e-10,2009
830,ChoICe,English,0,4.4000623977691333e-10,2010
831,ChoICe,English,0,5.980134661274863e-10,2011
832,ChoICe,English,0,1.0342104811433828e-09,2012
833,ChoICe,English,0,1.069528564918392e-09,2013
834,ChoICe,English,0,1.0075465263690931e-09,2014
835,ChoICe,English,0,9.83700381072618e-10,2015
836,ChoICe,English,0,7.801392131507561e-10,2016
837,ChoICe,English,0,8.559574646294088e-10,2017
838,ChoICe,English,0,8.059388406644885e-10,2018
839,ChoICe,English,0,2.440787745527917e-10,2019
840,ChoiCE,English,0,0.0,1900
841,ChoiCE,English,0,2.7329699614497825e-11,1901
842,ChoiCE,English,0,4.50231033011228e-11,1902
843,ChoiCE,English,0,3.8591231400962405e-11,1903
844,ChoiCE,English,0,3.8591231400962405e-11,1904
845,ChoiCE,English,0,5.5571906203739325e-11,1905
846,ChoiCE,English,0,7.244506383674576e-11,1906
847,ChoiCE,English,0,7.244506383674576e-11,1907
848,ChoiCE,English,0,5.292384982639017e-11,1908
849,ChoiCE,English,0,4.9003650343897625e-11,1909
850,ChoiCE,English,0,6.374653087139391e-11,1910
851,ChoiCE,English,0,6.374653087139391e-11,1911
852,ChoiCE,English,0,6.194263653590073e-11,1912
853,ChoiCE,English,0,6.026189269814353e-11,1913
854,ChoiCE,English,0,6.026189269814353e-11,1914
855,ChoiCE,English,0,6.026189269814353e-11,1915
856,ChoiCE,English,0,4.511207479002926e-11,1916
857,ChoiCE,English,0,4.5093984102351214e-11,1917
858,ChoiCE,English,0,4.5093984102351214e-11,1918
859,ChoiCE,English,0,2.9917203635067475e-11,1919
860,ChoiCE,English,0,1.472478983981824e-11,1920
861,ChoiCE,English,0,1.472478983981824e-11,1921
862,ChoiCE,English,0,1.472478983981824e-11,1922
863,ChoiCE,English,0,1.472478983981824e-11,1923
864,ChoiCE,English,0,0.0,1924
865,ChoiCE,English,0,0.0,1925
866,ChoiCE,English,0,0.0,1926
867,ChoiCE,English,0,0.0,1927
868,ChoiCE,English,0,0.0,1928
869,ChoiCE,English,0,0.0,1929
870,ChoiCE,English,0,0.0,1930
871,ChoiCE,English,0,0.0,1931
872,ChoiCE,English,0,1.88756887104751e-11,1932
873,ChoiCE,English,0,1.88756887104751e-11,1933
874,ChoiCE,English,0,1.88756887104751e-11,1934
875,ChoiCE,English,0,1.88756887104751e-11,1935
876,ChoiCE,English,0,1.88756887104751e-11,1936
877,ChoiCE,English,0,1.88756887104751e-11,1937
878,ChoiCE,English,0,1.88756887104751e-11,1938
879,ChoiCE,English,0,1.8450840062150017e-11,1939
880,ChoiCE,English,0,1.8450840062150017e-11,1940
881,ChoiCE,English,0,1.8450840062150017e-11,1941
882,ChoiCE,English,0,1.8450840062150017e-11,1942
883,ChoiCE,English,0,1.8450840062150017e-11,1943
884,ChoiCE,English,0,1.8450840062150017e-11,1944
885,ChoiCE,English,0,1.8450840062150017e-11,1945
886,ChoiCE,English,0,1.3124166436157785e-11,1946
887,ChoiCE,English,0,1.3124166436157785e-11,1947
888,ChoiCE,English,0,1.3124166436157785e-11,1948
889,ChoiCE,English,0,1.3124166436157785e-11,1949
890,ChoiCE,English,0,1.3124166436157785e-11,1950
891,ChoiCE,English,0,1.3124166436157785e-11,1951
892,ChoiCE,English,0,1.3124166436157785e-11,1952
893,ChoiCE,English,0,1.187617662942334e-11,1953
894,ChoiCE,English,0,1.187617662942334e-11,1954
895,ChoiCE,English,0,2.3329878703507287e-11,1955
896,ChoiCE,English,0,2.3329878703507287e-11,1956
897,ChoiCE,English,0,4.3499748446164583e-11,1957
898,ChoiCE,English,0,4.3499748446164583e-11,1958
899,ChoiCE,English,0,4.3499748446164583e-11,1959
900,ChoiCE,English,0,4.057935436087488e-11,1960
901,ChoiCE,English,0,4.057935436087488e-11,1961
902,ChoiCE,English,0,3.9376139253961235e-11,1962
903,ChoiCE,English,0,5.903556215309485e-11,1963
904,ChoiCE,English,0,3.886569241043755e-11,1964
905,ChoiCE,English,0,3.886569241043755e-11,1965
906,ChoiCE,English,0,4.777332200468974e-11,1966
907,ChoiCE,English,0,3.8817539460556105e-11,1967
908,ChoiCE,English,0,4.740424322921147e-11,1968
909,ChoiCE,English,0,3.7153756262041175e-11,1969
910,ChoiCE,English,0,1.7494333362907557e-11,1970
911,ChoiCE,English,0,1.7494333362907557e-11,1971
912,ChoiCE,English,0,1.7494333362907557e-11,1972
913,ChoiCE,English,0,8.586703768655367e-12,1973
914,ChoiCE,English,0,8.586703768655367e-12,1974
915,ChoiCE,English,0,7.971408751337806e-12,1975
916,ChoiCE,English,0,1.5783265071884448e-11,1976
917,ChoiCE,English,0,1.5783265071884448e-11,1977
918,ChoiCE,English,0,1.5783265071884448e-11,1978
919,ChoiCE,English,0,1.5783265071884448e-11,1979
920,ChoiCE,English,0,1.5783265071884448e-11,1980
921,ChoiCE,English,0,1.5783265071884448e-11,1981
922,ChoiCE,English,0,2.2921115402522016e-11,1982
923,ChoiCE,English,0,1.510925908197537e-11,1983
924,ChoiCE,English,0,2.2739907179492036e-11,1984
925,ChoiCE,English,0,2.2739907179492036e-11,1985
926,ChoiCE,English,0,3.663427894373683e-11,1986
927,ChoiCE,English,0,3.663427894373683e-11,1987
928,ChoiCE,English,0,4.360483353362175e-11,1988
929,ChoiCE,English,0,4.866693506522246e-11,1989
930,ChoiCE,English,0,8.094757949257086e-11,1990
931,ChoiCE,English,0,8.685092575677622e-11,1991
932,ChoiCE,English,0,9.365876576279092e-11,1992
933,ChoiCE,English,0,8.676747614051144e-11,1993
934,ChoiCE,English,0,9.3840770471714e-11,1994
935,ChoiCE,English,0,8.687021588182908e-11,1995
936,ChoiCE,English,0,7.370777054181512e-11,1996
937,ChoiCE,English,0,6.85734172818047e-11,1997
938,ChoiCE,English,0,5.5039422920082664e-11,1998
939,ChoiCE,English,0,7.58324390385098e-11,1999
940,ChoiCE,English,0,9.501022785978514e-11,2000
941,ChoiCE,English,0,8.793693352858258e-11,2001
942,ChoiCE,English,0,9.497507839707962e-11,2002
943,ChoiCE,English,0,1.0914070936689818e-10,2003
944,ChoiCE,English,0,9.607336057656672e-11,2004
945,ChoiCE,English,0,1.3942540871836329e-10,2005
946,ChoiCE,English,0,1.276628852234626e-10,2006
947,ChoiCE,English,0,1.2523771008338917e-10,2007
948,ChoiCE,English,0,1.4104960255334476e-10,2008
949,ChoiCE,English,0,1.519727369741248e-10,2009
950,ChoiCE,English,0,1.65644229483635e-10,2010
951,ChoiCE,English,0,1.8448345926299784e-10,2011
952,ChoiCE,English,0,2.088171570181961e-10,2012
953,ChoiCE,English,0,2.5875135863305335e-10,2013
954,ChoiCE,English,0,2.858391707851103e-10,2014
955,ChoiCE,English,0,3.6412879854198973e-10,2015
956,ChoiCE,English,0,3.4616751925271265e-10,2016
957,ChoiCE,English,0,3.6320839391645876e-10,2017
958,ChoiCE,English,0,3.8976463168083344e-10,2018
959,ChoiCE,English,0,3.687557342813008e-10,2019
960,ChoiCe,English,0,0.0,1900
961,ChoiCe,English,0,0.0,1901
962,ChoiCe,English,0,0.0,1902
963,ChoiCe,English,0,0.0,1903
964,ChoiCe,English,0,0.0,1904
965,ChoiCe,English,0,0.0,1905
966,ChoiCe,English,0,0.0,1906
967,ChoiCe,English,0,0.0,1907
968,ChoiCe,English,0,0.0,1908
969,ChoiCe,English,0,0.0,1909
970,ChoiCe,English,0,0.0,1910
971,ChoiCe,English,0,0.0,1911
972,ChoiCe,English,0,0.0,1912
973,ChoiCe,English,0,0.0,1913
974,ChoiCe,English,0,0.0,1914
975,ChoiCe,English,0,0.0,1915
976,ChoiCe,English,0,0.0,1916
977,ChoiCe,English,0,0.0,1917
978,ChoiCe,English,0,0.0,1918
979,ChoiCe,English,0,0.0,1919
980,ChoiCe,English,0,0.0,1920
981,ChoiCe,English,0,0.0,1921
982,ChoiCe,English,0,0.0,1922
983,ChoiCe,English,0,0.0,1923
984,ChoiCe,English,0,0.0,1924
985,ChoiCe,English,0,0.0,1925
986,ChoiCe,English,0,0.0,1926
987,ChoiCe,English,0,0.0,1927
988,ChoiCe,English,0,0.0,1928
989,ChoiCe,English,0,0.0,1929
990,ChoiCe,English,0,0.0,1930
991,ChoiCe,English,0,0.0,1931
992,ChoiCe,English,0,0.0,1932
993,ChoiCe,English,0,0.0,1933
994,ChoiCe,English,0,0.0,1934
995,ChoiCe,English,0,0.0,1935
996,ChoiCe,English,0,0.0,1936
997,ChoiCe,English,0,0.0,1937
998,ChoiCe,English,0,0.0,1938
999,ChoiCe,English,0,0.0,1939
1000,ChoiCe,English,0,0.0,1940
1001,ChoiCe,English,0,0.0,1941
1002,ChoiCe,English,0,0.0,1942
1003,ChoiCe,English,0,0.0,1943
1004,ChoiCe,English,0,0.0,1944
1005,ChoiCe,English,0,0.0,1945
1006,ChoiCe,English,0,0.0,1946
1007,ChoiCe,English,0,0.0,1947
1008,ChoiCe,English,0,0.0,1948
1009,ChoiCe,English,0,0.0,1949
1010,ChoiCe,English,0,0.0,1950
1011,ChoiCe,English,0,0.0,1951
1012,ChoiCe,English,0,0.0,1952
1013,ChoiCe,English,0,0.0,1953
1014,ChoiCe,English,0,0.0,1954
1015,ChoiCe,English,0,0.0,1955
1016,ChoiCe,English,0,0.0,1956
1017,ChoiCe,English,0,0.0,1957
1018,ChoiCe,English,0,0.0,1958
1019,ChoiCe,English,0,0.0,1959
1020,ChoiCe,English,0,8.955782544133634e-12,1960
1021,ChoiCe,English,0,8.955782544133634e-12,1961
1022,ChoiCe,English,0,8.955782544133634e-12,1962
1023,ChoiCe,English,0,8.955782544133634e-12,1963
1024,ChoiCe,English,0,8.955782544133634e-12,1964
1025,ChoiCe,English,0,8.955782544133634e-12,1965
1026,ChoiCe,English,0,8.955782544133634e-12,1966
1027,ChoiCe,English,0,0.0,1967
1028,ChoiCe,English,0,0.0,1968
1029,ChoiCe,English,0,0.0,1969
1030,ChoiCe,English,0,0.0,1970
1031,ChoiCe,English,0,0.0,1971
1032,ChoiCe,English,0,0.0,1972
1033,ChoiCe,English,0,0.0,1973
1034,ChoiCe,English,0,0.0,1974
1035,ChoiCe,English,0,0.0,1975
1036,ChoiCe,English,0,0.0,1976
1037,ChoiCe,English,0,0.0,1977
1038,ChoiCe,English,0,0.0,1978
1039,ChoiCe,English,0,0.0,1979
1040,ChoiCe,English,0,0.0,1980
1041,ChoiCe,English,0,0.0,1981
1042,ChoiCe,English,0,0.0,1982
1043,ChoiCe,English,0,0.0,1983
1044,ChoiCe,English,0,1.5261296195033326e-11,1984
1045,ChoiCe,English,0,1.5261296195033326e-11,1985
1046,ChoiCe,English,0,1.5261296195033326e-11,1986
1047,ChoiCe,English,0,1.5261296195033326e-11,1987
1048,ChoiCe,English,0,1.5261296195033326e-11,1988
1049,ChoiCe,English,0,1.5261296195033326e-11,1989
1050,ChoiCe,English,0,1.5261296195033326e-11,1990
1051,ChoiCe,English,0,0.0,1991
1052,ChoiCe,English,0,0.0,1992
1053,ChoiCe,English,0,0.0,1993
1054,ChoiCe,English,0,0.0,1994
1055,ChoiCe,English,0,0.0,1995
1056,ChoiCe,English,0,0.0,1996
1057,ChoiCe,English,0,0.0,1997
1058,ChoiCe,English,0,0.0,1998
1059,ChoiCe,English,0,0.0,1999
1060,ChoiCe,English,0,0.0,2000
1061,ChoiCe,English,0,1.3417522053733271e-11,2001
1062,ChoiCe,English,0,1.3417522053733271e-11,2002
1063,ChoiCe,English,0,1.3417522053733271e-11,2003
1064,ChoiCe,English,0,1.3417522053733271e-11,2004
1065,ChoiCe,English,0,1.073469577117514e-10,2005
1066,ChoiCe,English,0,1.8653861887691596e-10,2006
1067,ChoiCe,English,0,2.657242769075831e-10,2007
1068,ChoiCe,English,0,3.550840573954669e-10,2008
1069,ChoiCe,English,0,6.664128931228269e-10,2009
1070,ChoiCe,English,0,8.987198287156519e-10,2010
1071,ChoiCe,English,0,1.0303925173411293e-09,2011
1072,ChoiCe,English,0,1.417783937870557e-09,2012
1073,ChoiCe,English,0,2.0182418196996413e-09,2013
1074,ChoiCe,English,0,2.4111744426466177e-09,2014
1075,ChoiCe,English,0,2.3632896948923486e-09,2015
1076,ChoiCe,English,0,2.123308509175256e-09,2016
1077,ChoiCe,English,0,2.206168502512836e-09,2017
1078,ChoiCe,English,0,2.4630604389397346e-09,2018
1079,ChoiCe,English,0,2.2365140503466385e-09,2019
1080,Choice,English,0,6.582989499293035e-06,1900
1081,Choice,English,0,6.7203863181930504e-06,1901
1082,Choice,English,0,6.930551004794931e-06,1902
1083,Choice,English,0,6.9919658796737035e-06,1903
1084,Choice,English,0,7.250455967420878e-06,1904
1085,Choice,English,0,7.2359566729574e-06,1905
1086,Choice,English,0,7.4423401201784145e-06,1906
1087,Choice,English,0,7.3569702051047765e-06,1907
1088,Choice,English,0,7.263348834385397e-06,1908
1089,Choice,English,0,7.07274304139511e-06,1909
1090,Choice,English,0,7.040808083859572e-06,1910
1091,Choice,English,0,6.917692514564676e-06,1911
1092,Choice,English,0,7.039927173276997e-06,1912
1093,Choice,English,0,7.2700167298275375e-06,1913
1094,Choice,English,0,7.693185060426394e-06,1914
1095,Choice,English,0,7.958182063053495e-06,1915
1096,Choice,English,0,8.69437306911485e-06,1916
1097,Choice,English,0,9.13910649355135e-06,1917
1098,Choice,English,0,9.485079577383918e-06,1918
1099,Choice,English,0,9.692204002931248e-06,1919
1100,Choice,English,0,9.610304784603483e-06,1920
1101,Choice,English,0,9.120049266389937e-06,1921
1102,Choice,English,0,8.7244779284187e-06,1922
1103,Choice,English,0,7.828409837072417e-06,1923
1104,Choice,English,0,7.1977246339624145e-06,1924
1105,Choice,English,0,6.7362350039599865e-06,1925
1106,Choice,English,0,6.192445718105384e-06,1926
1107,Choice,English,0,5.704344792840337e-06,1927
1108,Choice,English,0,5.5944652298681575e-06,1928
1109,Choice,English,0,5.465409490820353e-06,1929
1110,Choice,English,0,5.319210361319295e-06,1930
1111,Choice,English,0,5.337907168723177e-06,1931
1112,Choice,English,0,5.256529350715157e-06,1932
1113,Choice,English,0,5.336576642938391e-06,1933
1114,Choice,English,0,5.382157853871052e-06,1934
1115,Choice,English,0,5.498119077986173e-06,1935
1116,Choice,English,0,5.5956740132907205e-06,1936
1117,Choice,English,0,5.800486893089588e-06,1937
1118,Choice,English,0,5.7993059142193355e-06,1938
1119,Choice,English,0,5.788904997773768e-06,1939
1120,Choice,English,0,5.765867042230509e-06,1940
1121,Choice,English,0,5.730598331865622e-06,1941
1122,Choice,English,0,5.6610952015034854e-06,1942
1123,Choice,English,0,5.739712118416459e-06,1943
1124,Choice,English,0,5.781119723126592e-06,1944
1125,Choice,English,0,5.859176781086717e-06,1945
1126,Choice,English,0,5.981744444787702e-06,1946
1127,Choice,English,0,6.116072329729962e-06,1947
1128,Choice,English,0,6.443890794928718e-06,1948
1129,Choice,English,0,6.712546564813238e-06,1949
1130,Choice,English,0,7.0024135701325056e-06,1950
1131,Choice,English,0,7.379659954105071e-06,1951
1132,Choice,English,0,7.641212245549209e-06,1952
1133,Choice,English,0,7.845345343022408e-06,1953
1134,Choice,English,0,8.055809303186834e-06,1954
1135,Choice,English,0,8.156224014653293e-06,1955
1136,Choice,English,0,8.285132805342852e-06,1956
1137,Choice,English,0,8.397157866316515e-06,1957
1138,Choice,English,0,8.256887278028963e-06,1958
1139,Choice,English,0,8.14227035204697e-06,1959
1140,Choice,English,0,8.079408611852809e-06,1960
1141,Choice,English,0,7.864873298655897e-06,1961
1142,Choice,English,0,7.805048036451418e-06,1962
1143,Choice,English,0,7.66947414376773e-06,1963
1144,Choice,English,0,7.371647175854637e-06,1964
1145,Choice,English,0,7.308454054769495e-06,1965
1146,Choice,English,0,7.33376730620096e-06,1966
1147,Choice,English,0,7.215967213726669e-06,1967
1148,Choice,English,0,7.08790704655777e-06,1968
1149,Choice,English,0,6.838538800885934e-06,1969
1150,Choice,English,0,6.703099058670757e-06,1970
1151,Choice,English,0,6.74724151394912e-06,1971
1152,Choice,English,0,6.775352565974961e-06,1972
1153,Choice,English,0,6.633815376387377e-06,1973
1154,Choice,English,0,6.81560732118669e-06,1974
1155,Choice,English,0,7.073409506119788e-06,1975
1156,Choice,English,0,7.265895874297712e-06,1976
1157,Choice,English,0,7.461622317350702e-06,1977
1158,Choice,English,0,7.566011195844372e-06,1978
1159,Choice,English,0,7.491346748013582e-06,1979
1160,Choice,English,0,7.691082503567617e-06,1980
1161,Choice,English,0,7.612553352893363e-06,1981
1162,Choice,English,0,8.664152639019968e-06,1982
1163,Choice,English,0,8.955568124032912e-06,1983
1164,Choice,English,0,8.974668941976103e-06,1984
1165,Choice,English,0,9.023532844106999e-06,1985
1166,Choice,English,0,9.213531094636502e-06,1986
1167,Choice,English,0,9.33899082156131e-06,1987
1168,Choice,English,0,9.46936428850417e-06,1988
1169,Choice,English,0,8.646161274685125e-06,1989
1170,Choice,English,0,8.497349621653224e-06,1990
1171,Choice,English,0,8.622405403002631e-06,1991
1172,Choice,English,0,8.855139120506855e-06,1992
1173,Choice,English,0,9.107114887488674e-06,1993
1174,Choice,English,0,9.356147919398999e-06,1994
1175,Choice,English,0,9.912622772390023e-06,1995
1176,Choice,English,0,1.0261694374743716e-05,1996
1177,Choice,English,0,1.0648219488627677e-05,1997
1178,Choice,English,0,1.1033590583662902e-05,1998
1179,Choice,English,0,1.1238240663910151e-05,1999
1180,Choice,English,0,1.13605550983006e-05,2000
1181,Choice,English,0,1.1364137078219625e-05,2001
1182,Choice,English,0,1.1044897941506601e-05,2002
1183,Choice,English,0,1.0870145030951659e-05,2003
1184,Choice,English,0,1.0613974674405264e-05,2004
1185,Choice,English,0,1.0124226979054843e-05,2005
1186,Choice,English,0,9.7517377071199e-06,2006
1187,Choice,English,0,9.460585715714842e-06,2007
1188,Choice,English,0,9.069744269904082e-06,2008
1189,Choice,English,0,8.823425040256033e-06,2009
1190,Choice,English,0,8.557513085958948e-06,2010
1191,Choice,English,0,8.31870966067072e-06,2011
1192,Choice,English,0,8.46304322164672e-06,2012
1193,Choice,English,0,8.479207411125702e-06,2013
1194,Choice,English,0,8.480677154563767e-06,2014
1195,Choice,English,0,8.41161655833795e-06,2015
1196,Choice,English,0,8.446627816738328e-06,2016
1197,Choice,English,0,8.462409141429816e-06,2017
1198,Choice,English,0,8.601618083048379e-06,2018
1199,Choice,English,0,8.43052009713574e-06,2019
1200,OPTION,English,1,2.78123827968102e-07,1900
1201,OPTION,English,1,2.903040467572282e-07,1901
1202,OPTION,English,1,3.1616279727586516e-07,1902
1203,OPTION,English,1,3.196506668246002e-07,1903
1204,OPTION,English,1,3.6696341762113403e-07,1904
1205,OPTION,English,1,4.121136255110157e-07,1905
1206,OPTION,English,1,4.355670983256589e-07,1906
1207,OPTION,English,1,4.475015040433001e-07,1907
1208,OPTION,English,1,4.5242475721352093e-07,1908
1209,OPTION,English,1,4.419336668044187e-07,1909
1210,OPTION,English,1,4.454105107600169e-07,1910
1211,OPTION,English,1,4.152873884777364e-07,1911
1212,OPTION,English,1,4.0671579069697016e-07,1912
1213,OPTION,English,1,3.956997959773746e-07,1913
1214,OPTION,English,1,3.9311947830356075e-07,1914
1215,OPTION,English,1,3.9350897346983924e-07,1915
1216,OPTION,English,1,4.000786313034561e-07,1916
1217,OPTION,English,1,3.99234246677744e-07,1917
1218,OPTION,English,1,3.9743133990149157e-07,1918
1219,OPTION,English,1,3.798306806856999e-07,1919
1220,OPTION,English,1,3.752347359815238e-07,1920
1221,OPTION,English,1,3.875576705273228e-07,1921
1222,OPTION,English,1,3.7959478861791597e-07,1922
1223,OPTION,English,1,3.765646649104123e-07,1923
1224,OPTION,English,1,3.771970398247504e-07,1924
1225,OPTION,English,1,4.0081467237281944e-07,1925
1226,OPTION,English,1,4.0046929988030957e-07,1926
1227,OPTION,English,1,4.0585278173109275e-07,1927
1228,OPTION,English,1,3.858199144295733e-07,1928
1229,OPTION,English,1,4.014011015637412e-07,1929
1230,OPTION,English,1,4.085945793771576e-07,1930
1231,OPTION,English,1,4.007523679255038e-07,1931
1232,OPTION,English,1,3.647890837653124e-07,1932
1233,OPTION,English,1,3.5534685594029725e-07,1933
1234,OPTION,English,1,3.511427248018403e-07,1934
1235,OPTION,English,1,3.5222245742261293e-07,1935
1236,OPTION,English,1,3.467099207097947e-07,1936
1237,OPTION,English,1,3.338396124620756e-07,1937
1238,OPTION,English,1,3.321092216473127e-07,1938
1239,OPTION,English,1,3.294946192714373e-07,1939
1240,OPTION,English,1,3.253371403388883e-07,1940
1241,OPTION,English,1,3.245980256646622e-07,1941
1242,OPTION,English,1,2.990089395130521e-07,1942
1243,OPTION,English,1,2.8608833702037373e-07,1943
1244,OPTION,English,1,2.698379120147365e-07,1944
1245,OPTION,English,1,2.7085845439549825e-07,1945
1246,OPTION,English,1,2.787735228691547e-07,1946
1247,OPTION,English,1,2.839615405036966e-07,1947
1248,OPTION,English,1,2.7774321966132577e-07,1948
1249,OPTION,English,1,2.9190793579151174e-07,1949
1250,OPTION,English,1,2.9411287170790145e-07,1950
1251,OPTION,English,1,3.084564192639456e-07,1951
1252,OPTION,English,1,3.0112603001595873e-07,1952
1253,OPTION,English,1,2.921786566340805e-07,1953
1254,OPTION,English,1,2.862723980407671e-07,1954
1255,OPTION,English,1,2.923427757650643e-07,1955
1256,OPTION,English,1,3.1419045853908756e-07,1956
1257,OPTION,English,1,3.10484389436689e-07,1957
1258,OPTION,English,1,3.0632632582897455e-07,1958
1259,OPTION,English,1,3.0671946709454847e-07,1959
1260,OPTION,English,1,3.085714622232315e-07,1960
1261,OPTION,English,1,3.095396761766876e-07,1961
1262,OPTION,English,1,3.0728321170110054e-07,1962
1263,OPTION,English,1,2.934051021189329e-07,1963
1264,OPTION,English,1,3.0098468479471716e-07,1964
1265,OPTION,English,1,3.028626127031332e-07,1965
1266,OPTION,English,1,3.207607375900677e-07,1966
1267,OPTION,English,1,3.3888574892314084e-07,1967
1268,OPTION,English,1,3.631592773802238e-07,1968
1269,OPTION,English,1,3.9135682072810596e-07,1969
1270,OPTION,English,1,4.3049354709572593e-07,1970
1271,OPTION,English,1,4.922005132357299e-07,1971
1272,OPTION,English,1,5.635623340692421e-07,1972
1273,OPTION,English,1,6.162891362951736e-07,1973
1274,OPTION,English,1,7.741680739010397e-07,1974
1275,OPTION,English,1,9.74931327034158e-07,1975
1276,OPTION,English,1,1.0965741239488125e-06,1976
1277,OPTION,English,1,1.34540409492599e-06,1977
1278,OPTION,English,1,1.8026017463463567e-06,1978
1279,OPTION,English,1,2.11005625162995e-06,1979
1280,OPTION,English,1,2.437174186655154e-06,1980
1281,OPTION,English,1,2.7519358809513506e-06,1981
1282,OPTION,English,1,3.1676063209878132e-06,1982
1283,OPTION,English,1,3.372271554066434e-06,1983
1284,OPTION,English,1,3.6441489165944015e-06,1984
1285,OPTION,English,1,3.950213048093636e-06,1985
1286,OPTION,English,1,4.286480296806465e-06,1986
1287,OPTION,English,1,4.6287346516952055e-06,1987
1288,OPTION,English,1,4.700932419966973e-06,1988
1289,OPTION,English,1,4.216124531402394e-06,1989
1290,OPTION,English,1,4.0696100346134955e-06,1990
1291,OPTION,English,1,3.7729922074244574e-06,1991
1292,OPTION,English,1,3.1696742520840156e-06,1992
1293,OPTION,English,1,2.724175682747695e-06,1993
1294,OPTION,English,1,2.2322297711850425e-06,1994
1295,OPTION,English,1,1.8959658681134378e-06,1995
1296,OPTION,English,1,1.922651806905508e-06,1996
1297,OPTION,English,1,1.9510881656970014e-06,1997
1298,OPTION,English,1,1.8088846088305997e-06,1998
1299,OPTION,English,1,1.6579854380844544e-06,1999
1300,OPTION,English,1,1.4388803931199488e-06,2000
1301,OPTION,English,1,1.2730171842382073e-06,2001
1302,OPTION,English,1,1.0873720839299494e-06,2002
1303,OPTION,English,1,9.496401633311637e-07,2003
1304,OPTION,English,1,7.538319550803863e-07,2004
1305,OPTION,English,1,6.604431064261007e-07,2005
1306,OPTION,English,1,6.180532393175651e-07,2006
1307,OPTION,English,1,5.867374365412356e-07,2007
1308,OPTION,English,1,5.206153121304981e-07,2008
1309,OPTION,English,1,4.893809213107099e-07,2009
1310,OPTION,English,1,4.5033961474213615e-07,2010
1311,OPTION,English,1,4.103516703578082e-07,2011
1312,OPTION,English,1,3.806402852595576e-07,2012
1313,OPTION,English,1,3.579050858856395e-07,2013
1314,OPTION,English,1,3.3653848520641206e-07,2014
1315,OPTION,English,1,3.2868633427694605e-07,2015
1316,OPTION,English,1,3.228715205036029e-07,2016
1317,OPTION,English,1,3.2377940802537825e-07,2017
1318,OPTION,English,1,3.2426453344669426e-07,2018
1319,OPTION,English,1,3.312993825943522e-07,2019
1320,OPTion,English,1,0.0,1900
1321,OPTion,English,1,0.0,1901
1322,OPTion,English,1,0.0,1902
1323,OPTion,English,1,0.0,1903
1324,OPTion,English,1,0.0,1904
1325,OPTion,English,1,0.0,1905
1326,OPTion,English,1,0.0,1906
1327,OPTion,English,1,0.0,1907
1328,OPTion,English,1,0.0,1908
1329,OPTion,English,1,0.0,1909
1330,OPTion,English,1,0.0,1910
1331,OPTion,English,1,0.0,1911
1332,OPTion,English,1,0.0,1912
1333,OPTion,English,1,0.0,1913
1334,OPTion,English,1,0.0,1914
1335,OPTion,English,1,0.0,1915
1336,OPTion,English,1,0.0,1916
1337,OPTion,English,1,0.0,1917
1338,OPTion,English,1,0.0,1918
1339,OPTion,English,1,0.0,1919
1340,OPTion,English,1,0.0,1920
1341,OPTion,English,1,0.0,1921
1342,OPTion,English,1,0.0,1922
1343,OPTion,English,1,0.0,1923
1344,OPTion,English,1,0.0,1924
1345,OPTion,English,1,0.0,1925
1346,OPTion,English,1,0.0,1926
1347,OPTion,English,1,0.0,1927
1348,OPTion,English,1,0.0,1928
1349,OPTion,English,1,0.0,1929
1350,OPTion,English,1,0.0,1930
1351,OPTion,English,1,0.0,1931
1352,OPTion,English,1,0.0,1932
1353,OPTion,English,1,0.0,1933
1354,OPTion,English,1,0.0,1934
1355,OPTion,English,1,0.0,1935
1356,OPTion,English,1,0.0,1936
1357,OPTion,English,1,0.0,1937
1358,OPTion,English,1,0.0,1938
1359,OPTion,English,1,0.0,1939
1360,OPTion,English,1,0.0,1940
1361,OPTion,English,1,0.0,1941
1362,OPTion,English,1,0.0,1942
1363,OPTion,English,1,0.0,1943
1364,OPTion,English,1,0.0,1944
1365,OPTion,English,1,0.0,1945
1366,OPTion,English,1,0.0,1946
1367,OPTion,English,1,0.0,1947
1368,OPTion,English,1,0.0,1948
1369,OPTion,English,1,0.0,1949
1370,OPTion,English,1,0.0,1950
1371,OPTion,English,1,0.0,1951
1372,OPTion,English,1,0.0,1952
1373,OPTion,English,1,0.0,1953
1374,OPTion,English,1,0.0,1954
1375,OPTion,English,1,0.0,1955
1376,OPTion,English,1,0.0,1956
1377,OPTion,English,1,0.0,1957
1378,OPTion,English,1,0.0,1958
1379,OPTion,English,1,0.0,1959
1380,OPTion,English,1,0.0,1960
1381,OPTion,English,1,0.0,1961
1382,OPTion,English,1,0.0,1962
1383,OPTion,English,1,0.0,1963
1384,OPTion,English,1,0.0,1964
1385,OPTion,English,1,0.0,1965
1386,OPTion,English,1,8.907629594252192e-12,1966
1387,OPTion,English,1,8.907629594252192e-12,1967
1388,OPTion,English,1,2.6081037131562924e-11,1968
1389,OPTion,English,1,1.2845996786145112e-10,1969
1390,OPTion,English,1,1.2845996786145112e-10,1970
1391,OPTion,English,1,1.2845996786145112e-10,1971
1392,OPTion,English,1,1.3689559010186614e-10,1972
1393,OPTion,English,1,1.2798796050761396e-10,1973
1394,OPTion,English,1,2.000275570179788e-10,1974
1395,OPTion,English,1,1.8285414948066807e-10,1975
1396,OPTion,English,1,8.047521875077988e-11,1976
1397,OPTion,English,1,9.654503188968481e-11,1977
1398,OPTion,English,1,1.1247303981022836e-10,1978
1399,OPTion,English,1,1.1189369817603862e-10,1979
1400,OPTion,English,1,1.1923910618803569e-10,1980
1401,OPTion,English,1,9.168352932012854e-11,1981
1402,OPTion,English,1,9.168352932012854e-11,1982
1403,OPTion,English,1,1.5208495920959741e-10,1983
1404,OPTion,English,1,1.6653773846075914e-10,1984
1405,OPTion,English,1,2.2512330838783282e-10,1985
1406,OPTion,English,1,2.3116139954585232e-10,1986
1407,OPTion,English,1,2.3764691801732493e-10,1987
1408,OPTion,English,1,2.0013345296475216e-10,1988
1409,OPTion,English,1,2.4719996238479046e-10,1989
1410,OPTion,English,1,1.932546612816642e-10,1990
1411,OPTion,English,1,1.6949906607245857e-10,1991
1412,OPTion,English,1,9.498548822484132e-11,1992
1413,OPTion,English,1,9.509728074452717e-11,1993
1414,OPTion,English,1,9.54129429234626e-11,1994
1415,OPTion,English,1,9.561132441326947e-11,1995
1416,OPTion,English,1,6.957156081391754e-11,1996
1417,OPTion,English,1,6.311543202757492e-11,1997
1418,OPTion,English,1,6.336242096481394e-11,1998
1419,OPTion,English,1,7.716284902703485e-11,1999
1420,OPTion,English,1,8.279233895680527e-11,2000
1421,OPTion,English,1,6.864575029440014e-11,2001
1422,OPTion,English,1,8.962939368869653e-11,2002
1423,OPTion,English,1,8.977719411139086e-11,2003
1424,OPTion,English,1,8.977719411139086e-11,2004
1425,OPTion,English,1,8.276320799329083e-11,2005
1426,OPTion,English,1,6.896277993106992e-11,2006
1427,OPTion,English,1,6.516425692699407e-11,2007
1428,OPTion,English,1,6.516425692699407e-11,2008
1429,OPTion,English,1,4.299877071464334e-11,2009
1430,OPTion,English,1,2.1824224471262658e-11,2010
1431,OPTion,English,1,2.1824224471262658e-11,2011
1432,OPTion,English,1,2.1824224471262658e-11,2012
1433,OPTion,English,1,9.490482160066728e-11,2013
1434,OPTion,English,1,8.633104846080184e-11,2014
1435,OPTion,English,1,9.417284214346161e-11,2015
1436,OPTion,English,1,8.818574888182416e-11,2016
1437,OPTion,English,1,1.0288337369546152e-10,2017
1438,OPTion,English,1,1.2346004843455384e-10,2018
1439,OPTion,English,1,1.5432506054319228e-10,2019
1440,OPtion,English,1,0.0,1900
1441,OPtion,English,1,0.0,1901
1442,OPtion,English,1,0.0,1902
1443,OPtion,English,1,0.0,1903
1444,OPtion,English,1,1.775484719563585e-11,1904
1445,OPtion,English,1,1.775484719563585e-11,1905
1446,OPtion,English,1,1.775484719563585e-11,1906
1447,OPtion,English,1,1.775484719563585e-11,1907
1448,OPtion,English,1,3.204774441854598e-11,1908
1449,OPtion,English,1,3.204774441854598e-11,1909
1450,OPtion,English,1,3.204774441854598e-11,1910
1451,OPtion,English,1,1.429289722291013e-11,1911
1452,OPtion,English,1,1.429289722291013e-11,1912
1453,OPtion,English,1,1.429289722291013e-11,1913
1454,OPtion,English,1,1.429289722291013e-11,1914
1455,OPtion,English,1,0.0,1915
1456,OPtion,English,1,0.0,1916
1457,OPtion,English,1,0.0,1917
1458,OPtion,English,1,0.0,1918
1459,OPtion,English,1,0.0,1919
1460,OPtion,English,1,0.0,1920
1461,OPtion,English,1,0.0,1921
1462,OPtion,English,1,0.0,1922
1463,OPtion,English,1,0.0,1923
1464,OPtion,English,1,0.0,1924
1465,OPtion,English,1,0.0,1925
1466,OPtion,English,1,0.0,1926
1467,OPtion,English,1,0.0,1927
1468,OPtion,English,1,0.0,1928
1469,OPtion,English,1,0.0,1929
1470,OPtion,English,1,0.0,1930
1471,OPtion,English,1,0.0,1931
1472,OPtion,English,1,0.0,1932
1473,OPtion,English,1,0.0,1933
1474,OPtion,English,1,0.0,1934
1475,OPtion,English,1,0.0,1935
1476,OPtion,English,1,1.6878407401880022e-11,1936
1477,OPtion,English,1,1.6878407401880022e-11,1937
1478,OPtion,English,1,1.6878407401880022e-11,1938
1479,OPtion,English,1,1.6878407401880022e-11,1939
1480,OPtion,English,1,3.630684245311702e-11,1940
1481,OPtion,English,1,5.645082615643052e-11,1941
1482,OPtion,English,1,5.645082615643052e-11,1942
1483,OPtion,English,1,3.95724187545505e-11,1943
1484,OPtion,English,1,5.452845912896314e-11,1944
1485,OPtion,English,1,5.452845912896314e-11,1945
1486,OPtion,English,1,5.452845912896314e-11,1946
1487,OPtion,English,1,4.748785491821244e-11,1947
1488,OPtion,English,1,2.7343871214898943e-11,1948
1489,OPtion,English,1,2.7343871214898943e-11,1949
1490,OPtion,English,1,5.237713834078355e-11,1950
1491,OPtion,English,1,5.034591691956334e-11,1951
1492,OPtion,English,1,7.505374595627247e-11,1952
1493,OPtion,English,1,8.692992258569582e-11,1953
1494,OPtion,English,1,7.45420917452095e-11,1954
1495,OPtion,English,1,7.45420917452095e-11,1955
1496,OPtion,English,1,7.45420917452095e-11,1956
1497,OPtion,English,1,4.95088246193249e-11,1957
1498,OPtion,English,1,4.6004111234739955e-11,1958
1499,OPtion,English,1,3.0556452209776606e-11,1959
1500,OPtion,English,1,1.8680275580353266e-11,1960
1501,OPtion,English,1,2.956825954715723e-11,1961
1502,OPtion,English,1,2.956825954715723e-11,1962
1503,OPtion,English,1,2.956825954715723e-11,1963
1504,OPtion,English,1,3.850815301552148e-11,1964
1505,OPtion,English,1,2.9088047446913988e-11,1965
1506,OPtion,English,1,1.9827877435168214e-11,1966
1507,OPtion,English,1,1.9827877435168214e-11,1967
1508,OPtion,English,1,5.187341132037052e-11,1968
1509,OPtion,English,1,5.187341132037052e-11,1969
1510,OPtion,English,1,6.043407936782787e-11,1970
1511,OPtion,English,1,6.013033721734879e-11,1971
1512,OPtion,English,1,6.856595945776383e-11,1972
1513,OPtion,English,1,6.856595945776383e-11,1973
1514,OPtion,English,1,6.856595945776383e-11,1974
1515,OPtion,English,1,2.5632441605757552e-11,1975
1516,OPtion,English,1,3.3444297926304194e-11,1976
1517,OPtion,English,1,3.291853644829931e-11,1977
1518,OPtion,English,1,4.8174396515594204e-11,1978
1519,OPtion,English,1,5.545133548762975e-11,1979
1520,OPtion,English,1,5.545133548762975e-11,1980
1521,OPtion,English,1,8.510734924344859e-11,1981
1522,OPtion,English,1,3.948471703366493e-10,1982
1523,OPtion,English,1,4.247862076970207e-10,1983
1524,OPtion,English,1,7.067159248681192e-10,1984
1525,OPtion,English,1,7.573374913305564e-10,1985
1526,OPtion,English,1,1.2001392042858073e-09,1986
1527,OPtion,English,1,1.373025782355367e-09,1987
1528,OPtion,English,1,1.4061047604041477e-09,1988
1529,OPtion,English,1,1.2980785533768723e-09,1989
1530,OPtion,English,1,1.2732399172686394e-09,1990
1531,OPtion,English,1,9.968092878898105e-10,1991
1532,OPtion,English,1,9.222957100421933e-10,1992
1533,OPtion,English,1,4.70784518016457e-10,1993
1534,OPtion,English,1,3.049712342781e-10,1994
1535,OPtion,English,1,2.6374305071257583e-10,1995
1536,OPtion,English,1,8.305618246733687e-11,1996
1537,OPtion,English,1,8.371707047832061e-11,1997
1538,OPtion,English,1,7.018307611659859e-11,1998
1539,OPtion,English,1,9.088371771429467e-11,1999
1540,OPtion,English,1,1.493328109978899e-10,2000
1541,OPtion,English,1,1.556770387204206e-10,2001
1542,OPtion,English,1,1.3417023048134524e-10,2002
1543,OPtion,English,1,1.131434846606589e-10,2003
1544,OPtion,English,1,1.1364928145399641e-10,2004
1545,OPtion,English,1,1.1364928145399641e-10,2005
1546,OPtion,English,1,1.167061397918826e-10,2006
1547,OPtion,English,1,5.125396436632203e-11,2007
1548,OPtion,English,1,4.5742388547566544e-11,2008
1549,OPtion,English,1,5.771657507084146e-11,2009
1550,OPtion,English,1,6.352424836153503e-11,2010
1551,OPtion,English,1,5.60289404158024e-11,2011
1552,OPtion,English,1,6.354957879373124e-11,2012
1553,OPtion,English,1,4.7100138273708274e-11,2013
1554,OPtion,English,1,4.7100138273708274e-11,2014
1555,OPtion,English,1,3.919419203873049e-11,2015
1556,OPtion,English,1,2.7220005515455573e-11,2016
1557,OPtion,English,1,2.498105426222234e-11,2017
1558,OPtion,English,1,2.0760176910883386e-11,2018
1559,OPtion,English,1,1.2789103977228766e-11,2019
1560,OptiON,English,1,0.0,1900
1561,OptiON,English,1,0.0,1901
1562,OptiON,English,1,0.0,1902
1563,OptiON,English,1,0.0,1903
1564,OptiON,English,1,0.0,1904
1565,OptiON,English,1,0.0,1905
1566,OptiON,English,1,0.0,1906
1567,OptiON,English,1,0.0,1907
1568,OptiON,English,1,0.0,1908
1569,OptiON,English,1,0.0,1909
1570,OptiON,English,1,0.0,1910
1571,OptiON,English,1,1.443619628600195e-11,1911
1572,OptiON,English,1,1.443619628600195e-11,1912
1573,OptiON,English,1,1.443619628600195e-11,1913
1574,OptiON,English,1,1.443619628600195e-11,1914
1575,OptiON,English,1,1.443619628600195e-11,1915
1576,OptiON,English,1,1.443619628600195e-11,1916
1577,OptiON,English,1,1.443619628600195e-11,1917
1578,OptiON,English,1,0.0,1918
1579,OptiON,English,1,0.0,1919
1580,OptiON,English,1,0.0,1920
1581,OptiON,English,1,0.0,1921
1582,OptiON,English,1,0.0,1922
1583,OptiON,English,1,0.0,1923
1584,OptiON,English,1,0.0,1924
1585,OptiON,English,1,0.0,1925
1586,OptiON,English,1,0.0,1926
1587,OptiON,English,1,0.0,1927
1588,OptiON,English,1,1.775777144378107e-11,1928
1589,OptiON,English,1,1.775777144378107e-11,1929
1590,OptiON,English,1,1.775777144378107e-11,1930
1591,OptiON,English,1,1.775777144378107e-11,1931
1592,OptiON,English,1,1.775777144378107e-11,1932
1593,OptiON,English,1,1.775777144378107e-11,1933
1594,OptiON,English,1,1.775777144378107e-11,1934
1595,OptiON,English,1,0.0,1935
1596,OptiON,English,1,0.0,1936
1597,OptiON,English,1,1.713411555494458e-11,1937
1598,OptiON,English,1,1.713411555494458e-11,1938
1599,OptiON,English,1,1.713411555494458e-11,1939
1600,OptiON,English,1,1.713411555494458e-11,1940
1601,OptiON,English,1,1.713411555494458e-11,1941
1602,OptiON,English,1,1.713411555494458e-11,1942
1603,OptiON,English,1,3.353841212686401e-11,1943
1604,OptiON,English,1,1.6404296571919427e-11,1944
1605,OptiON,English,1,1.6404296571919427e-11,1945
1606,OptiON,English,1,2.952846300807721e-11,1946
1607,OptiON,English,1,2.952846300807721e-11,1947
1608,OptiON,English,1,2.952846300807721e-11,1948
1609,OptiON,English,1,2.952846300807721e-11,1949
1610,OptiON,English,1,2.5640799999100087e-11,1950
1611,OptiON,English,1,3.856561895229252e-11,1951
1612,OptiON,English,1,3.856561895229252e-11,1952
1613,OptiON,English,1,2.5441452516134736e-11,1953
1614,OptiON,English,1,2.5441452516134736e-11,1954
1615,OptiON,English,1,2.5441452516134736e-11,1955
1616,OptiON,English,1,2.5441452516134736e-11,1956
1617,OptiON,English,1,2.3009753824521084e-11,1957
1618,OptiON,English,1,1.008493487132865e-11,1958
1619,OptiON,English,1,1.008493487132865e-11,1959
1620,OptiON,English,1,1.008493487132865e-11,1960
1621,OptiON,English,1,1.008493487132865e-11,1961
1622,OptiON,English,1,1.008493487132865e-11,1962
1623,OptiON,English,1,1.008493487132865e-11,1963
1624,OptiON,English,1,0.0,1964
1625,OptiON,English,1,0.0,1965
1626,OptiON,English,1,8.907629594252192e-12,1966
1627,OptiON,English,1,8.907629594252192e-12,1967
1628,OptiON,English,1,8.907629594252192e-12,1968
1629,OptiON,English,1,8.907629594252192e-12,1969
1630,OptiON,English,1,8.907629594252192e-12,1970
1631,OptiON,English,1,8.907629594252192e-12,1971
1632,OptiON,English,1,1.7343251834667228e-11,1972
1633,OptiON,English,1,8.435622240415037e-12,1973
1634,OptiON,English,1,8.435622240415037e-12,1974
1635,OptiON,English,1,8.435622240415037e-12,1975
1636,OptiON,English,1,8.435622240415037e-12,1976
1637,OptiON,English,1,1.64705288098675e-11,1977
1638,OptiON,English,1,3.239853673041106e-11,1978
1639,OptiON,English,1,3.1819195096221313e-11,1979
1640,OptiON,English,1,3.916460310821839e-11,1980
1641,OptiON,English,1,4.65786065471731e-11,1981
1642,OptiON,English,1,6.168786562914847e-11,1982
1643,OptiON,English,1,6.923804436533208e-11,1983
1644,OptiON,English,1,6.120313779587962e-11,1984
1645,OptiON,English,1,4.527512987533606e-11,1985
1646,OptiON,English,1,3.7418849269110765e-11,1986
1647,OptiON,English,1,3.007344125711369e-11,1987
1648,OptiON,English,1,2.265943781815898e-11,1988
1649,OptiON,English,1,7.55017873618361e-12,1989
1650,OptiON,English,1,1.2912257572685247e-11,1990
1651,OptiON,English,1,1.2912257572685247e-11,1991
1652,OptiON,English,1,1.2912257572685247e-11,1992
1653,OptiON,English,1,3.3921503502945935e-11,1993
1654,OptiON,English,1,4.09947978341485e-11,1994
1655,OptiON,English,1,5.533266999353208e-11,1995
1656,OptiON,English,1,5.533266999353208e-11,1996
1657,OptiON,English,1,4.920698521268133e-11,1997
1658,OptiON,English,1,7.726292968508147e-11,1998
1659,OptiON,English,1,8.416314371619192e-11,1999
1660,OptiON,English,1,6.315389778593123e-11,2000
1661,OptiON,English,1,5.608060345472867e-11,2001
1662,OptiON,English,1,4.1742731295345086e-11,2002
1663,OptiON,English,1,4.8800913211260215e-11,2003
1664,OptiON,English,1,4.2014340419425726e-11,2004
1665,OptiON,English,1,1.3958395947025589e-11,2005
1666,OptiON,English,1,1.4977348230685703e-11,2006
1667,OptiON,English,1,1.4977348230685703e-11,2007
1668,OptiON,English,1,1.4977348230685703e-11,2008
1669,OptiON,English,1,1.4977348230685703e-11,2009
1670,OptiON,English,1,7.919166314770569e-12,2010
1671,OptiON,English,1,7.919166314770569e-12,2011
1672,OptiON,English,1,7.919166314770569e-12,2012
1673,OptiON,English,1,0.0,2013
1674,OptiON,English,1,0.0,2014
1675,OptiON,English,1,0.0,2015
1676,OptiON,English,1,7.927516777948641e-12,2016
1677,OptiON,English,1,9.248769574273416e-12,2017
1678,OptiON,English,1,1.1098523489128098e-11,2018
1679,OptiON,English,1,1.3873154361410123e-11,2019
1680,Option,English,1,8.153301109814493e-07,1900
1681,Option,English,1,8.085626404863433e-07,1901
1682,Option,English,1,8.243123090778681e-07,1902
1683,Option,English,1,8.466424057067863e-07,1903
1684,Option,English,1,9.019189357266961e-07,1904
1685,Option,English,1,9.277821553561288e-07,1905
1686,Option,English,1,9.805305012378085e-07,1906
1687,Option,English,1,1.0585390311592034e-06,1907
1688,Option,English,1,1.0977587326773834e-06,1908
1689,Option,English,1,1.1192483628162466e-06,1909
1690,Option,English,1,1.1191135302267088e-06,1910
1691,Option,English,1,1.1128597959343876e-06,1911
1692,Option,English,1,1.0860982553952323e-06,1912
1693,Option,English,1,1.0861100301034249e-06,1913
1694,Option,English,1,1.09433774144106e-06,1914
1695,Option,English,1,1.102750811047112e-06,1915
1696,Option,English,1,1.1137830954664553e-06,1916
1697,Option,English,1,1.1536775121255362e-06,1917
1698,Option,English,1,1.1733356716701695e-06,1918
1699,Option,English,1,1.1777532985693791e-06,1919
1700,Option,English,1,1.1630460871206845e-06,1920
1701,Option,English,1,1.153441417045542e-06,1921
1702,Option,English,1,1.147518397764153e-06,1922
1703,Option,English,1,1.1445806161905888e-06,1923
1704,Option,English,1,1.1366914642556886e-06,1924
1705,Option,English,1,1.1477223032280953e-06,1925
1706,Option,English,1,1.1537819903294024e-06,1926
1707,Option,English,1,1.2261342752546106e-06,1927
1708,Option,English,1,1.2563973541546147e-06,1928
1709,Option,English,1,1.2875301373631892e-06,1929
1710,Option,English,1,1.3459738283927436e-06,1930
1711,Option,English,1,1.3753999447934412e-06,1931
1712,Option,English,1,1.4163068889112246e-06,1932
1713,Option,English,1,1.4953896620032277e-06,1933
1714,Option,English,1,1.4804894590270123e-06,1934
1715,Option,English,1,1.5012891318682314e-06,1935
1716,Option,English,1,1.555347304409744e-06,1936
1717,Option,English,1,1.5631618128151916e-06,1937
1718,Option,English,1,1.6521355031987435e-06,1938
1719,Option,English,1,1.6138486833889537e-06,1939
1720,Option,English,1,1.5407390654737746e-06,1940
1721,Option,English,1,1.5464553046383247e-06,1941
1722,Option,English,1,1.500619792490657e-06,1942
1723,Option,English,1,1.4490534405402805e-06,1943
1724,Option,English,1,1.3719232551271228e-06,1944
1725,Option,English,1,1.333658214467245e-06,1945
1726,Option,English,1,1.393693342574157e-06,1946
1727,Option,English,1,1.4400293366634287e-06,1947
1728,Option,English,1,1.4641715487024548e-06,1948
1729,Option,English,1,1.515462859710429e-06,1949
1730,Option,English,1,1.6064435612861416e-06,1950
1731,Option,English,1,1.719959186630149e-06,1951
1732,Option,English,1,1.699216746991234e-06,1952
1733,Option,English,1,1.6978645882253268e-06,1953
1734,Option,English,1,1.734529210547667e-06,1954
1735,Option,English,1,1.7314035533542795e-06,1955
1736,Option,English,1,1.815745365872447e-06,1956
1737,Option,English,1,1.7599394368517096e-06,1957
1738,Option,English,1,1.7156009367421835e-06,1958
1739,Option,English,1,1.6855374919292184e-06,1959
1740,Option,English,1,1.6531410957603448e-06,1960
1741,Option,English,1,1.5559759438994142e-06,1961
1742,Option,English,1,1.4808814187615229e-06,1962
1743,Option,English,1,1.348712138289037e-06,1963
1744,Option,English,1,1.3010947311288743e-06,1964
1745,Option,English,1,1.2492670781024832e-06,1965
1746,Option,English,1,1.2305584472674776e-06,1966
1747,Option,English,1,1.2348579535422947e-06,1967
1748,Option,English,1,1.3352439834436934e-06,1968
1749,Option,English,1,1.4864726348865328e-06,1969
1750,Option,English,1,1.8575300211003715e-06,1970
1751,Option,English,1,2.2023487125417366e-06,1971
1752,Option,English,1,2.5942488264263375e-06,1972
1753,Option,English,1,2.9123911612519545e-06,1973
1754,Option,English,1,3.2417564658057278e-06,1974
1755,Option,English,1,3.5316425380317795e-06,1975
1756,Option,English,1,3.814664426369875e-06,1976
1757,Option,English,1,3.933784130692532e-06,1977
1758,Option,English,1,4.089564429575278e-06,1978
1759,Option,English,1,4.1319339548603495e-06,1979
1760,Option,English,1,4.226167967707235e-06,1980
1761,Option,English,1,4.3600458151818855e-06,1981
1762,Option,English,1,4.547453629909017e-06,1982
1763,Option,English,1,4.765974998528171e-06,1983
1764,Option,English,1,4.82157884107437e-06,1984
1765,Option,English,1,4.952072231390048e-06,1985
1766,Option,English,1,5.098450206527819e-06,1986
1767,Option,English,1,5.360797266413491e-06,1987
1768,Option,English,1,5.588453145069902e-06,1988
1769,Option,English,1,5.749002931614606e-06,1989
1770,Option,English,1,5.861633196348391e-06,1990
1771,Option,English,1,6.2328204616538386e-06,1991
1772,Option,English,1,6.63847946010979e-06,1992
1773,Option,English,1,7.0354474571234145e-06,1993
1774,Option,English,1,7.404476751357184e-06,1994
1775,Option,English,1,7.789243227307452e-06,1995
1776,Option,English,1,8.168787449644047e-06,1996
1777,Option,English,1,8.46952129255182e-06,1997
1778,Option,English,1,8.259890169678588e-06,1998
1779,Option,English,1,8.018202606763225e-06,1999
1780,Option,English,1,7.696522646126272e-06,2000
1781,Option,English,1,7.439820884818411e-06,2001
1782,Option,English,1,6.954129925621341e-06,2002
1783,Option,English,1,6.43202429273515e-06,2003
1784,Option,English,1,6.0516493119523925e-06,2004
1785,Option,English,1,5.944802913810625e-06,2005
1786,Option,English,1,5.748013206487355e-06,2006
1787,Option,English,1,5.733980352878072e-06,2007
1788,Option,English,1,5.512600117591708e-06,2008
1789,Option,English,1,5.304208700960901e-06,2009
1790,Option,English,1,5.067820178997603e-06,2010
1791,Option,English,1,4.709510871439956e-06,2011
1792,Option,English,1,4.413496299093822e-06,2012
1793,Option,English,1,4.056933773556791e-06,2013
1794,Option,English,1,3.718243923296021e-06,2014
1795,Option,English,1,3.4296167541469913e-06,2015
1796,Option,English,1,3.314478070543763e-06,2016
1797,Option,English,1,3.240220886861304e-06,2017
1798,Option,English,1,3.219408608856611e-06,2018
1799,Option,English,1,3.1824625352783187e-06,2019
1800,choICE,English,0,3.4474281068730406e-11,1900
1801,choICE,English,0,2.7579424854984325e-11,1901
1802,choICE,English,0,4.5231207668194884e-11,1902
1803,choICE,English,0,5.672973400562751e-11,1903
1804,choICE,English,0,7.448458120126337e-11,1904
1805,choICE,English,0,7.448458120126337e-11,1905
1806,choICE,English,0,7.448458120126337e-11,1906
1807,choICE,English,0,5.47849920191317e-11,1907
1808,choICE,English,0,5.47849920191317e-11,1908
1809,choICE,English,0,5.086479253663916e-11,1909
1810,choICE,English,0,3.290466510375012e-11,1910
1811,choICE,English,0,1.514981790811427e-11,1911
1812,choICE,English,0,4.550337884268174e-11,1912
1813,choICE,English,0,1.6704268920467565e-10,1913
1814,choICE,English,0,2.4332580395025616e-10,1914
1815,choICE,English,0,2.92738809383662e-10,1915
1816,choICE,English,0,3.08465524948406e-10,1916
1817,choICE,English,0,3.526398954591313e-10,1917
1818,choICE,English,0,3.526398954591313e-10,1918
1819,choICE,English,0,3.222863345245638e-10,1919
1820,choICE,English,0,2.0074702416256988e-10,1920
1821,choICE,English,0,1.4486998307321793e-10,1921
1822,choICE,English,0,9.545697763981207e-11,1922
1823,choICE,English,0,6.45804441669538e-11,1923
1824,choICE,English,0,2.0406073656228532e-11,1924
1825,choICE,English,0,2.0406073656228532e-11,1925
1826,choICE,English,0,2.0406073656228532e-11,1926
1827,choICE,English,0,5.4313323679825285e-11,1927
1828,choICE,English,0,5.166502146737782e-11,1928
1829,choICE,English,0,5.166502146737782e-11,1929
1830,choICE,English,0,5.166502146737782e-11,1930
1831,choICE,English,0,7.200494169166762e-11,1931
1832,choICE,English,0,7.200494169166762e-11,1932
1833,choICE,English,0,7.200494169166762e-11,1933
1834,choICE,English,0,3.8097691668070865e-11,1934
1835,choICE,English,0,2.0339920224289797e-11,1935
1836,choICE,English,0,2.0339920224289797e-11,1936
1837,choICE,English,0,2.0339920224289797e-11,1937
1838,choICE,English,0,1.7277118228139645e-11,1938
1839,choICE,English,0,3.572795829028966e-11,1939
1840,choICE,English,0,3.572795829028966e-11,1940
1841,choICE,English,0,3.572795829028966e-11,1941
1842,choICE,English,0,5.527704484618669e-11,1942
1843,choICE,English,0,5.527704484618669e-11,1943
1844,choICE,English,0,7.023308522059933e-11,1944
1845,choICE,English,0,5.295596699245968e-11,1945
1846,choICE,English,0,3.450512693030967e-11,1946
1847,choICE,English,0,4.689295777079597e-11,1947
1848,choICE,English,0,4.689295777079597e-11,1948
1849,choICE,English,0,2.7343871214898943e-11,1949
1850,choICE,English,0,2.7343871214898943e-11,1950
1851,choICE,English,0,1.2387830840486304e-11,1951
1852,choICE,English,0,1.2387830840486304e-11,1952
1853,choICE,English,0,2.4264007469909643e-11,1953
1854,choICE,English,0,1.187617662942334e-11,1954
1855,choICE,English,0,2.3329878703507287e-11,1955
1856,choICE,English,0,2.3329878703507287e-11,1956
1857,choICE,English,0,2.3329878703507287e-11,1957
1858,choICE,English,0,3.2749984272114776e-11,1958
1859,choICE,English,0,3.2749984272114776e-11,1959
1860,choICE,English,0,4.7741155275092344e-11,1960
1861,choICE,English,0,8.040510618423369e-11,1961
1862,choICE,English,0,7.920189107732004e-11,1962
1863,choICE,English,0,7.920189107732004e-11,1963
1864,choICE,English,0,7.920189107732004e-11,1964
1865,choICE,English,0,6.978178550871255e-11,1965
1866,choICE,English,0,6.978178550871255e-11,1966
1867,choICE,English,0,6.968848117619838e-11,1967
1868,choICE,English,0,3.7024530267057034e-11,1968
1869,choICE,English,0,2.6774043299886737e-11,1969
1870,choICE,English,0,2.6774043299886737e-11,1970
1871,choICE,English,0,2.6774043299886737e-11,1971
1872,choICE,English,0,2.6774043299886737e-11,1972
1873,choICE,English,0,3.489776771130921e-11,1973
1874,choICE,English,0,8.123724411422474e-12,1974
1875,choICE,English,0,1.609513316276028e-11,1975
1876,choICE,English,0,1.609513316276028e-11,1976
1877,choICE,English,0,2.413003973221274e-11,1977
1878,choICE,English,0,2.413003973221274e-11,1978
1879,choICE,English,0,2.413003973221274e-11,1979
1880,choICE,English,0,2.3351723332787344e-11,1980
1881,choICE,English,0,2.3351723332787344e-11,1981
1882,choICE,English,0,2.2934944122437225e-11,1982
1883,choICE,English,0,2.2934944122437225e-11,1983
1884,choICE,English,0,1.490003755298476e-11,1984
1885,choICE,English,0,1.490003755298476e-11,1985
1886,choICE,English,0,2.1847223435107158e-11,1986
1887,choICE,English,0,2.1417278664844932e-11,1987
1888,choICE,English,0,3.5358387844614776e-11,1988
1889,choICE,English,0,2.780375830362709e-11,1989
1890,choICE,English,0,2.780375830362709e-11,1990
1891,choICE,English,0,3.45707554844881e-11,1991
1892,choICE,English,0,3.45707554844881e-11,1992
1893,choICE,English,0,2.7623569602365704e-11,1993
1894,choICE,English,0,2.0708106360630854e-11,1994
1895,choICE,English,0,1.3935933260552806e-11,1995
1896,choICE,English,0,4.898051161090449e-11,1996
1897,choICE,English,0,6.934022949077269e-11,1997
1898,choICE,English,0,6.958721842801171e-11,1998
1899,choICE,English,0,6.958721842801171e-11,1999
1900,choICE,English,0,6.958721842801171e-11,2000
1901,choICE,English,0,7.629597945487835e-11,2001
1902,choICE,English,0,6.912704337518655e-11,2002
1903,choICE,English,0,3.408246502483487e-11,2003
1904,choICE,English,0,2.0762218333469917e-11,2004
1905,choICE,English,0,1.3748232215369883e-11,2005
1906,choICE,English,0,1.3748232215369883e-11,2006
1907,choICE,English,0,1.3748232215369883e-11,2007
1908,choICE,English,0,1.4945417423481036e-11,2008
1909,choICE,English,0,1.4945417423481036e-11,2009
1910,choICE,English,0,2.0753090714174606e-11,2010
1911,choICE,English,0,1.3713619525671357e-11,2011
1912,choICE,English,0,4.3796173037386716e-11,2012
1913,choICE,English,0,4.3796173037386716e-11,2013
1914,choICE,English,0,4.3796173037386716e-11,2014
1915,choICE,English,0,3.5890226802408924e-11,2015
1916,choICE,English,0,3.5890226802408924e-11,2016
1917,choICE,English,0,3.5096312430334585e-11,2017
1918,choICE,English,0,4.21155749164015e-11,2018
1919,choICE,English,0,0.0,2019
1920,choice,English,0,3.2391692911915015e-05,1900
1921,choice,English,0,3.172646356688347e-05,1901
1922,choice,English,0,3.135885405451214e-05,1902
1923,choice,English,0,3.087676252887052e-05,1903
1924,choice,English,0,3.005634737616804e-05,1904
1925,choice,English,0,2.9288211018345983e-05,1905
1926,choice,English,0,2.9011583007689167e-05,1906
1927,choice,English,0,2.860244265840655e-05,1907
1928,choice,English,0,2.8430536466268158e-05,1908
1929,choice,English,0,2.8102463797300254e-05,1909
1930,choice,English,0,2.810223642362481e-05,1910
1931,choice,English,0,2.7968323203302653e-05,1911
1932,choice,English,0,2.774313985095692e-05,1912
1933,choice,English,0,2.764042853544067e-05,1913
1934,choice,English,0,2.7464869033013072e-05,1914
1935,choice,English,0,2.7266823443434468e-05,1915
1936,choice,English,0,2.7614840291789733e-05,1916
1937,choice,English,0,2.7941493109600352e-05,1917
1938,choice,English,0,2.827528831923181e-05,1918
1939,choice,English,0,2.8637452227745337e-05,1919
1940,choice,English,0,2.892317310657485e-05,1920
1941,choice,English,0,2.9329173880146948e-05,1921
1942,choice,English,0,2.9995489707549234e-05,1922
1943,choice,English,0,3.0133418476907536e-05,1923
1944,choice,English,0,3.028748687938787e-05,1924
1945,choice,English,0,3.053964818328885e-05,1925
1946,choice,English,0,3.057193498534616e-05,1926
1947,choice,English,0,3.054272591335965e-05,1927
1948,choice,English,0,3.0575994449983614e-05,1928
1949,choice,English,0,3.0400780035831432e-05,1929
1950,choice,English,0,3.033961807627098e-05,1930
1951,choice,English,0,3.049391826997245e-05,1931
1952,choice,English,0,3.053626122501945e-05,1932
1953,choice,English,0,3.0739102969943944e-05,1933
1954,choice,English,0,3.110270439979753e-05,1934
1955,choice,English,0,3.146323459597105e-05,1935
1956,choice,English,0,3.1904560403615634e-05,1936
1957,choice,English,0,3.243116745060044e-05,1937
1958,choice,English,0,3.258831254372906e-05,1938
1959,choice,English,0,3.279536187099958e-05,1939
1960,choice,English,0,3.318290431967138e-05,1940
1961,choice,English,0,3.373068310403531e-05,1941
1962,choice,English,0,3.439633707915034e-05,1942
1963,choice,English,0,3.5293977167124725e-05,1943
1964,choice,English,0,3.621578382860337e-05,1944
1965,choice,English,0,3.709697297641209e-05,1945
1966,choice,English,0,3.783363562044022e-05,1946
1967,choice,English,0,3.8595336393752534e-05,1947
1968,choice,English,0,3.924647327429349e-05,1948
1969,choice,English,0,3.977373073991787e-05,1949
1970,choice,English,0,4.021436325274408e-05,1950
1971,choice,English,0,4.077813667078901e-05,1951
1972,choice,English,0,4.152620957548996e-05,1952
1973,choice,English,0,4.240441298212058e-05,1953
1974,choice,English,0,4.314499632788024e-05,1954
1975,choice,English,0,4.4133946045933824e-05,1955
1976,choice,English,0,4.5128745114197955e-05,1956
1977,choice,English,0,4.5950726676632515e-05,1957
1978,choice,English,0,4.6359908342960156e-05,1958
1979,choice,English,0,4.6775792205672974e-05,1959
1980,choice,English,0,4.719449186398249e-05,1960
1981,choice,English,0,4.7421960126874705e-05,1961
1982,choice,English,0,4.7084905028376465e-05,1962
1983,choice,English,0,4.702447196385557e-05,1963
1984,choice,English,0,4.6862156783130816e-05,1964
1985,choice,English,0,4.6923216619429044e-05,1965
1986,choice,English,0,4.70955648259925e-05,1966
1987,choice,English,0,4.725372387578578e-05,1967
1988,choice,English,0,4.7452964021691256e-05,1968
1989,choice,English,0,4.7821199197122564e-05,1969
1990,choice,English,0,4.786908747129408e-05,1970
1991,choice,English,0,4.825725981001077e-05,1971
1992,choice,English,0,4.842194591349523e-05,1972
1993,choice,English,0,4.8336473680267644e-05,1973
1994,choice,English,0,4.851393844416764e-05,1974
1995,choice,English,0,4.8884108504613065e-05,1975
1996,choice,English,0,4.91919054184109e-05,1976
1997,choice,English,0,4.980214881860385e-05,1977
1998,choice,English,0,5.003808421731394e-05,1978
1999,choice,English,0,5.0387120219446456e-05,1979
2000,choice,English,0,5.055603209517098e-05,1980
2001,choice,English,0,5.0979061467972186e-05,1981
2002,choice,English,0,5.1633037531116444e-05,1982
2003,choice,English,0,5.263425711226384e-05,1983
2004,choice,English,0,5.331184417757738e-05,1984
2005,choice,English,0,5.415515728860295e-05,1985
2006,choice,English,0,5.4838893577522996e-05,1986
2007,choice,English,0,5.603710867165189e-05,1987
2008,choice,English,0,5.68091516990015e-05,1988
2009,choice,English,0,5.733072872057424e-05,1989
2010,choice,English,0,5.715591396437958e-05,1990
2011,choice,English,0,5.7503385115913784e-05,1991
2012,choice,English,0,5.809644270422203e-05,1992
2013,choice,English,0,5.925315001929578e-05,1993
2014,choice,English,0,6.0188621448885116e-05,1994
2015,choice,English,0,6.13701501736484e-05,1995
2016,choice,English,0,6.243788292132584e-05,1996
2017,choice,English,0,6.427225629782438e-05,1997
2018,choice,English,0,6.564031147198486e-05,1998
2019,choice,English,0,6.714641183082546e-05,1999
2020,choice,English,0,6.814707532092663e-05,2000
2021,choice,English,0,6.955638569447078e-05,2001
2022,choice,English,0,7.109763100743294e-05,2002
2023,choice,English,0,7.267397450050339e-05,2003
2024,choice,English,0,7.389706609371518e-05,2004
2025,choice,English,0,7.524068704307345e-05,2005
2026,choice,English,0,7.696416495101792e-05,2006
2027,choice,English,0,7.901559833304159e-05,2007
2028,choice,English,0,8.103063633565657e-05,2008
2029,choice,English,0,8.295177290814795e-05,2009
2030,choice,English,0,8.471418862297599e-05,2010
2031,choice,English,0,8.661004332160311e-05,2011
2032,choice,English,0,8.839285250620119e-05,2012
2033,choice,English,0,8.953054826374032e-05,2013
2034,choice,English,0,9.044264360064907e-05,2014
2035,choice,English,0,9.098431889599721e-05,2015
2036,choice,English,0,9.131183885204206e-05,2016
2037,choice,English,0,9.168234707127947e-05,2017
2038,choice,English,0,9.193259465973824e-05,2018
2039,choice,English,0,9.22070521482965e-05,2019
2040,choice (All),English,0,4.018746998455877e-05,1900
2041,choice (All),English,0,3.9696116168472236e-05,1901
2042,choice (All),English,0,3.9584736736710896e-05,1902
2043,choice (All),English,0,3.920132315454342e-05,1903
2044,choice (All),English,0,3.866013626130967e-05,1904
2045,choice (All),English,0,3.792165394990839e-05,1905
2046,choice (All),English,0,3.786422159952896e-05,1906
2047,choice (All),English,0,3.734851273593362e-05,1907
2048,choice (All),English,0,3.7056060216708206e-05,1908
2049,choice (All),English,0,3.648591186195379e-05,1909
2050,choice (All),English,0,3.642179915898678e-05,1910
2051,choice (All),English,0,3.614979638017629e-05,1911
2052,choice (All),English,0,3.6047495650824314e-05,1912
2053,choice (All),English,0,3.617711823260261e-05,1913
2054,choice (All),English,0,3.645818923781106e-05,1914
2055,choice (All),English,0,3.6566349977437684e-05,1915
2056,choice (All),English,0,3.778887420058781e-05,1916
2057,choice (All),English,0,3.870117868585987e-05,1917
2058,choice (All),English,0,3.9484011000133696e-05,1918
2059,choice (All),English,0,4.0161206992083064e-05,1919
2060,choice (All),English,0,4.048934266085971e-05,1920
2061,choice (All),English,0,4.038989981760614e-05,1921
2062,choice (All),English,0,4.0618177181768473e-05,1922
2063,choice (All),English,0,3.9711190685295746e-05,1923
2064,choice (All),English,0,3.905218210249155e-05,1924
2065,choice (All),English,0,3.871936877359554e-05,1925
2066,choice (All),English,0,3.810583919039434e-05,1926
2067,choice (All),English,0,3.745770477532804e-05,1927
2068,choice (All),English,0,3.738224091311336e-05,1928
2069,choice (All),English,0,3.7057636683395554e-05,1929
2070,choice (All),English,0,3.685294393810221e-05,1930
2071,choice (All),English,0,3.7043434946085595e-05,1931
2072,choice (All),English,0,3.702130949349846e-05,1932
2073,choice (All),English,0,3.727261371232986e-05,1933
2074,choice (All),English,0,3.767908728088766e-05,1934
2075,choice (All),English,0,3.81624634471857e-05,1935
2076,choice (All),English,0,3.874934330897314e-05,1936
2077,choice (All),English,0,3.95427460954905e-05,1937
2078,choice (All),English,0,3.974946847911823e-05,1938
2079,choice (All),English,0,3.9983571195788476e-05,1939
2080,choice (All),English,0,4.040272857354763e-05,1940
2081,choice (All),English,0,4.099690717903972e-05,1941
2082,choice (All),English,0,4.167419292927323e-05,1942
2083,choice (All),English,0,4.272280267474314e-05,1943
2084,choice (All),English,0,4.376797590791412e-05,1944
2085,choice (All),English,0,4.4853541180090276e-05,1945
2086,choice (All),English,0,4.5802334581683336e-05,1946
2087,choice (All),English,0,4.679394435253796e-05,1947
2088,choice (All),English,0,4.780962167828906e-05,1948
2089,choice (All),English,0,4.863830346075915e-05,1949
2090,choice (All),English,0,4.941698073133695e-05,1950
2091,choice (All),English,0,5.0384764219601824e-05,1951
2092,choice (All),English,0,5.139238137477729e-05,1952
2093,choice (All),English,0,5.248237842649998e-05,1953
2094,choice (All),English,0,5.341763379420268e-05,1954
2095,choice (All),English,0,5.450408296521095e-05,1955
2096,choice (All),English,0,5.562908144574152e-05,1956
2097,choice (All),English,0,5.6568014523717445e-05,1957
2098,choice (All),English,0,5.682754565875663e-05,1958
2099,choice (All),English,0,5.711068159123394e-05,1959
2100,choice (All),English,0,5.746250867169524e-05,1960
2101,choice (All),English,0,5.7421771237999026e-05,1961
2102,choice (All),English,0,5.703258119061698e-05,1962
2103,choice (All),English,0,5.68140341529823e-05,1963
2104,choice (All),English,0,5.63486880889288e-05,1964
2105,choice (All),English,0,5.6365850383201044e-05,1965
2106,choice (All),English,0,5.658999560254955e-05,1966
2107,choice (All),English,0,5.6686891340600774e-05,1967
2108,choice (All),English,0,5.6807587576132586e-05,1968
2109,choice (All),English,0,5.69330770005122e-05,1969
2110,choice (All),English,0,5.702530568506083e-05,1970
2111,choice (All),English,0,5.7454958972738955e-05,1971
2112,choice (All),English,0,5.762022078636964e-05,1972
2113,choice (All),English,0,5.7471358442003176e-05,1973
2114,choice (All),English,0,5.77661387640174e-05,1974
2115,choice (All),English,0,5.841867610771353e-05,1975
2116,choice (All),English,0,5.889238746244741e-05,1976
2117,choice (All),English,0,5.954196549550126e-05,1977
2118,choice (All),English,0,5.984825219334679e-05,1978
2119,choice (All),English,0,6.0082989917462474e-05,1979
2120,choice (All),English,0,6.027236665954162e-05,1980
2121,choice (All),English,0,6.064124684536227e-05,1981
2122,choice (All),English,0,6.234480218202655e-05,1982
2123,choice (All),English,0,6.383647119500678e-05,1983
2124,choice (All),English,0,6.454243453767152e-05,1984
2125,choice (All),English,0,6.549509326681465e-05,1985
2126,choice (All),English,0,6.647292621531969e-05,1986
2127,choice (All),English,0,6.797208910011268e-05,1987
2128,choice (All),English,0,6.890226980059621e-05,1988
2129,choice (All),English,0,6.858374243921432e-05,1989
2130,choice (All),English,0,6.810749080718239e-05,1990
2131,choice (All),English,0,6.858354615647771e-05,1991
2132,choice (All),English,0,6.940232506211974e-05,1992
2133,choice (All),English,0,7.074451518420934e-05,1993
2134,choice (All),English,0,7.184931515886707e-05,1994
2135,choice (All),English,0,7.352974367946897e-05,1995
2136,choice (All),English,0,7.491481762009894e-05,1996
2137,choice (All),English,0,7.70534393117304e-05,1997
2138,choice (All),English,0,7.875395238306812e-05,1998
2139,choice (All),English,0,8.037442979272287e-05,1999
2140,choice (All),English,0,8.14161202455802e-05,2000
2141,choice (All),English,0,8.272185924064082e-05,2001
2142,choice (All),English,0,8.391299681497231e-05,2002
2143,choice (All),English,0,8.527405280903915e-05,2003
2144,choice (All),English,0,8.621311718272351e-05,2004
2145,choice (All),English,0,8.699847394598598e-05,2005
2146,choice (All),English,0,8.826041703389029e-05,2006
2147,choice (All),English,0,8.99156412513714e-05,2007
2148,choice (All),English,0,9.145893214328132e-05,2008
2149,choice (All),English,0,9.303143305398937e-05,2009
2150,choice (All),English,0,9.443216692511108e-05,2010
2151,choice (All),English,0,9.598648798985812e-05,2011
2152,choice (All),English,0,9.784748635092297e-05,2012
2153,choice (All),English,0,9.896201054513724e-05,2013
2154,choice (All),English,0,9.987009195228599e-05,2014
2155,choice (All),English,0,0.00010030790600073015,2015
2156,choice (All),English,0,0.00010064938266331747,2016
2157,choice (All),English,0,0.00010102561549713007,2017
2158,choice (All),English,0,0.00010141894885907219,2018
2159,choice (All),English,0,0.0001015040653429243,2019
2160,oPtion,English,1,0.0,1900
2161,oPtion,English,1,0.0,1901
2162,oPtion,English,1,0.0,1902
2163,oPtion,English,1,0.0,1903
2164,oPtion,English,1,0.0,1904
2165,oPtion,English,1,0.0,1905
2166,oPtion,English,1,0.0,1906
2167,oPtion,English,1,0.0,1907
2168,oPtion,English,1,0.0,1908
2169,oPtion,English,1,0.0,1909
2170,oPtion,English,1,0.0,1910
2171,oPtion,English,1,0.0,1911
2172,oPtion,English,1,0.0,1912
2173,oPtion,English,1,0.0,1913
2174,oPtion,English,1,0.0,1914
2175,oPtion,English,1,0.0,1915
2176,oPtion,English,1,1.5438266736429133e-11,1916
2177,oPtion,English,1,1.5438266736429133e-11,1917
2178,oPtion,English,1,1.5438266736429133e-11,1918
2179,oPtion,English,1,1.5438266736429133e-11,1919
2180,oPtion,English,1,1.5438266736429133e-11,1920
2181,oPtion,English,1,1.5438266736429133e-11,1921
2182,oPtion,English,1,1.5438266736429133e-11,1922
2183,oPtion,English,1,0.0,1923
2184,oPtion,English,1,0.0,1924
2185,oPtion,English,1,0.0,1925
2186,oPtion,English,1,0.0,1926
2187,oPtion,English,1,0.0,1927
2188,oPtion,English,1,0.0,1928
2189,oPtion,English,1,0.0,1929
2190,oPtion,English,1,0.0,1930
2191,oPtion,English,1,0.0,1931
2192,oPtion,English,1,0.0,1932
2193,oPtion,English,1,0.0,1933
2194,oPtion,English,1,0.0,1934
2195,oPtion,English,1,0.0,1935
2196,oPtion,English,1,0.0,1936
2197,oPtion,English,1,0.0,1937
2198,oPtion,English,1,0.0,1938
2199,oPtion,English,1,0.0,1939
2200,oPtion,English,1,0.0,1940
2201,oPtion,English,1,0.0,1941
2202,oPtion,English,1,0.0,1942
2203,oPtion,English,1,0.0,1943
2204,oPtion,English,1,0.0,1944
2205,oPtion,English,1,0.0,1945
2206,oPtion,English,1,0.0,1946
2207,oPtion,English,1,0.0,1947
2208,oPtion,English,1,0.0,1948
2209,oPtion,English,1,0.0,1949
2210,oPtion,English,1,0.0,1950
2211,oPtion,English,1,0.0,1951
2212,oPtion,English,1,0.0,1952
2213,oPtion,English,1,0.0,1953
2214,oPtion,English,1,0.0,1954
2215,oPtion,English,1,0.0,1955
2216,oPtion,English,1,0.0,1956
2217,oPtion,English,1,0.0,1957
2218,oPtion,English,1,0.0,1958
2219,oPtion,English,1,0.0,1959
2220,oPtion,English,1,0.0,1960
2221,oPtion,English,1,0.0,1961
2222,oPtion,English,1,0.0,1962
2223,oPtion,English,1,0.0,1963
2224,oPtion,English,1,0.0,1964
2225,oPtion,English,1,0.0,1965
2226,oPtion,English,1,0.0,1966
2227,oPtion,English,1,0.0,1967
2228,oPtion,English,1,0.0,1968
2229,oPtion,English,1,0.0,1969
2230,oPtion,English,1,0.0,1970
2231,oPtion,English,1,0.0,1971
2232,oPtion,English,1,0.0,1972
2233,oPtion,English,1,0.0,1973
2234,oPtion,English,1,0.0,1974
2235,oPtion,English,1,0.0,1975
2236,oPtion,English,1,0.0,1976
2237,oPtion,English,1,0.0,1977
2238,oPtion,English,1,0.0,1978
2239,oPtion,English,1,0.0,1979
2240,oPtion,English,1,0.0,1980
2241,oPtion,English,1,0.0,1981
2242,oPtion,English,1,0.0,1982
2243,oPtion,English,1,0.0,1983
2244,oPtion,English,1,0.0,1984
2245,oPtion,English,1,0.0,1985
2246,oPtion,English,1,0.0,1986
2247,oPtion,English,1,0.0,1987
2248,oPtion,English,1,0.0,1988
2249,oPtion,English,1,0.0,1989
2250,oPtion,English,1,0.0,1990
2251,oPtion,English,1,6.766997180861014e-12,1991
2252,oPtion,English,1,6.766997180861014e-12,1992
2253,oPtion,English,1,6.766997180861014e-12,1993
2254,oPtion,English,1,6.766997180861014e-12,1994
2255,oPtion,English,1,6.766997180861014e-12,1995
2256,oPtion,English,1,6.766997180861014e-12,1996
2257,oPtion,English,1,6.766997180861014e-12,1997
2258,oPtion,English,1,0.0,1998
2259,oPtion,English,1,0.0,1999
2260,oPtion,English,1,0.0,2000
2261,oPtion,English,1,0.0,2001
2262,oPtion,English,1,0.0,2002
2263,oPtion,English,1,2.117454624338068e-11,2003
2264,oPtion,English,1,3.5253488620387177e-11,2004
2265,oPtion,English,1,6.415485404825156e-11,2005
2266,oPtion,English,1,8.791235398383383e-11,2006
2267,oPtion,English,1,1.4334231222625148e-10,2007
2268,oPtion,English,1,1.9077799062738876e-10,2008
2269,oPtion,English,1,2.3268764494575678e-10,2009
2270,oPtion,English,1,2.4635913745526695e-10,2010
2271,oPtion,English,1,3.442019843749985e-10,2011
2272,oPtion,English,1,3.529038093498725e-10,2012
2273,oPtion,English,1,3.5107048815660336e-10,2013
2274,oPtion,English,1,3.610107510551178e-10,2014
2275,oPtion,English,1,3.214168663366403e-10,2015
2276,oPtion,English,1,2.9536224557416956e-10,2016
2277,oPtion,English,1,3.039355746248251e-10,2017
2278,oPtion,English,1,2.080321845343569e-10,2018
2279,oPtion,English,1,1.94234647463154e-10,2019
2280,option,English,1,1.0709447451517917e-05,1900
2281,option,English,1,1.0885143819905351e-05,1901
2282,option,English,1,1.111103817189966e-05,1902
2283,option,English,1,1.1291113358830834e-05,1903
2284,option,English,1,1.1679750709195755e-05,1904
2285,option,English,1,1.2243195929581166e-05,1905
2286,option,English,1,1.2766831917230905e-05,1906
2287,option,English,1,1.330239177020433e-05,1907
2288,option,English,1,1.3562078623051224e-05,1908
2289,option,English,1,1.3835086584939355e-05,1909
2290,option,English,1,1.4077071682550013e-05,1910
2291,option,English,1,1.4065866447968542e-05,1911
2292,option,English,1,1.3959461804396206e-05,1912
2293,option,English,1,1.3845486526926315e-05,1913
2294,option,English,1,1.3810054172479016e-05,1914
2295,option,English,1,1.3924802260589786e-05,1915
2296,option,English,1,1.3900537591585557e-05,1916
2297,option,English,1,1.40099950190883e-05,1917
2298,option,English,1,1.4047991109172081e-05,1918
2299,option,English,1,1.4039155887855617e-05,1919
2300,option,English,1,1.375362184522341e-05,1920
2301,option,English,1,1.3535758496020986e-05,1921
2302,option,English,1,1.3294946386719988e-05,1922
2303,option,English,1,1.3102148321714984e-05,1923
2304,option,English,1,1.2800805961887818e-05,1924
2305,option,English,1,1.2625914158499135e-05,1925
2306,option,English,1,1.2528351752345251e-05,1926
2307,option,English,1,1.2734266420011409e-05,1927
2308,option,English,1,1.279115375447353e-05,1928
2309,option,English,1,1.2886736840300728e-05,1929
2310,option,English,1,1.3215478247730061e-05,1930
2311,option,English,1,1.3386096595370742e-05,1931
2312,option,English,1,1.3533389522178498e-05,1932
2313,option,English,1,1.4248595497130217e-05,1933
2314,option,English,1,1.4360096949011287e-05,1934
2315,option,English,1,1.4332175851450302e-05,1935
2316,option,English,1,1.4477585084802871e-05,1936
2317,option,English,1,1.4377662409970071e-05,1937
2318,option,English,1,1.449840536744367e-05,1938
2319,option,English,1,1.4431613245895797e-05,1939
2320,option,English,1,1.3569270127585956e-05,1940
2321,option,English,1,1.319398584850465e-05,1941
2322,option,English,1,1.3058592490519264e-05,1942
2323,option,English,1,1.276021287464703e-05,1943
2324,option,English,1,1.2333038544706401e-05,1944
2325,option,English,1,1.1882048836144219e-05,1945
2326,option,English,1,1.1642043318715878e-05,1946
2327,option,English,1,1.1357903401533673e-05,1947
2328,option,English,1,1.1512001427555723e-05,1948
2329,option,English,1,1.1388663161986707e-05,1949
2330,option,English,1,1.1337968057237699e-05,1950
2331,option,English,1,1.1430430147031854e-05,1951
2332,option,English,1,1.1575658261010955e-05,1952
2333,option,English,1,1.1736984041427994e-05,1953
2334,option,English,1,1.2344375266236187e-05,1954
2335,option,English,1,1.2480036535375153e-05,1955
2336,option,English,1,1.2729225740518554e-05,1956
2337,option,English,1,1.284856885571831e-05,1957
2338,option,English,1,1.301993337879789e-05,1958
2339,option,English,1,1.3098811515581993e-05,1959
2340,option,English,1,1.319779520209912e-05,1960
2341,option,English,1,1.2922522078692314e-05,1961
2342,option,English,1,1.2729988806573342e-05,1962
2343,option,English,1,1.29446389109944e-05,1963
2344,option,English,1,1.3017512823613028e-05,1964
2345,option,English,1,1.3010743844331176e-05,1965
2346,option,English,1,1.3146315203422481e-05,1966
2347,option,English,1,1.3295002385608054e-05,1967
2348,option,English,1,1.3821464952863088e-05,1968
2349,option,English,1,1.4400129397732339e-05,1969
2350,option,English,1,1.49129533123674e-05,1970
2351,option,English,1,1.59226716017916e-05,1971
2352,option,English,1,1.6867084013938438e-05,1972
2353,option,English,1,1.7771127724180197e-05,1973
2354,option,English,1,1.904639923720554e-05,1974
2355,option,English,1,2.000149158577967e-05,1975
2356,option,English,1,2.1161164373292456e-05,1976
2357,option,English,1,2.2112197257229127e-05,1977
2358,option,English,1,2.2991259486713845e-05,1978
2359,option,English,1,2.3849013294758542e-05,1979
2360,option,English,1,2.4742893791491432e-05,1980
2361,option,English,1,2.552282941386303e-05,1981
2362,option,English,1,2.6479947596921454e-05,1982
2363,option,English,1,2.754433210481823e-05,1983
2364,option,English,1,2.863438281305467e-05,1984
2365,option,English,1,2.9433305826387368e-05,1985
2366,option,English,1,3.041001348589946e-05,1986
2367,option,English,1,3.161415588692762e-05,1987
2368,option,English,1,3.2635017435365755e-05,1988
2369,option,English,1,3.341702280782296e-05,1989
2370,option,English,1,3.3857136648813526e-05,1990
2371,option,English,1,3.474078143231704e-05,1991
2372,option,English,1,3.577179346133822e-05,1992
2373,option,English,1,3.659857299810808e-05,1993
2374,option,English,1,3.75655794674198e-05,1994
2375,option,English,1,3.8502004047456596e-05,1995
2376,option,English,1,3.978373881961618e-05,1996
2377,option,English,1,4.107030898532165e-05,1997
2378,option,English,1,4.2047963298890476e-05,1998
2379,option,English,1,4.3324248378797036e-05,1999
2380,option,English,1,4.475400211439202e-05,2000
2381,option,English,1,4.6128842638738987e-05,2001
2382,option,English,1,4.6818831054094646e-05,2002
2383,option,English,1,4.782902033184655e-05,2003
2384,option,English,1,4.92044621621192e-05,2004
2385,option,English,1,5.0230104534421116e-05,2005
2386,option,English,1,5.1594590331660584e-05,2006
2387,option,English,1,5.266499335578244e-05,2007
2388,option,English,1,5.356752288727356e-05,2008
2389,option,English,1,5.3866126628625875e-05,2009
2390,option,English,1,5.313004969918568e-05,2010
2391,option,English,1,5.208775162048239e-05,2011
2392,option,English,1,5.153126195572051e-05,2012
2393,option,English,1,4.981572991320198e-05,2013
2394,option,English,1,4.82378678238352e-05,2014
2395,option,English,1,4.626079264978346e-05,2015
2396,option,English,1,4.5480898344456886e-05,2016
2397,option,English,1,4.535842951251349e-05,2017
2398,option,English,1,4.5260366459842774e-05,2018
2399,option,English,1,4.450305459613446e-05,2019
2400,option (All),English,1,1.1802901390467468e-05,1900
2401,option (All),English,1,1.1984010507148924e-05,1901
2402,option (All),English,1,1.2251513278253393e-05,1902
2403,option (All),English,1,1.245740643136222e-05,1903
2404,option (All),English,1,1.2948650817390779e-05,1904
2405,option (All),English,1,1.3583109465295506e-05,1905
2406,option (All),English,1,1.4182947271641568e-05,1906
2407,option (All),English,1,1.4808450060254028e-05,1907
2408,option (All),English,1,1.5112294160686547e-05,1908
2409,option (All),English,1,1.539630066230444e-05,1909
2410,option (All),English,1,1.5641627771281158e-05,1910
2411,option (All),English,1,1.5594042361474175e-05,1911
2412,option (All),English,1,1.5452304579581917e-05,1912
2413,option (All),English,1,1.5327325082100623e-05,1913
2414,option (All),English,1,1.5297540121317148e-05,1914
2415,option (All),English,1,1.5421076481303025e-05,1915
2416,option (All),English,1,1.5414429192818494e-05,1916
2417,option (All),English,1,1.5562936652354606e-05,1917
2418,option (All),English,1,1.561877355901048e-05,1918
2419,option (All),English,1,1.5596755305377434e-05,1919
2420,option (All),English,1,1.5291918106592355e-05,1920
2421,option (All),English,1,1.5076773021860588e-05,1921
2422,option (All),English,1,1.4822075011368793e-05,1922
2423,option (All),English,1,1.4623293602815985e-05,1923
2424,option (All),English,1,1.4314694465968256e-05,1924
2425,option (All),English,1,1.4174451134100051e-05,1925
2426,option (All),English,1,1.4082603042554964e-05,1926
2427,option (All),English,1,1.4366253476997112e-05,1927
2428,option (All),English,1,1.4433388780829162e-05,1928
2429,option (All),English,1,1.4575685836999102e-05,1929
2430,option (All),English,1,1.4970064413271408e-05,1930
2431,option (All),English,1,1.516226666586113e-05,1931
2432,option (All),English,1,1.5314503252626477e-05,1932
2433,option (All),English,1,1.6099349772845185e-05,1933
2434,option (All),English,1,1.619174689061158e-05,1934
2435,option (All),English,1,1.6185687440741147e-05,1935
2436,option (All),English,1,1.637965918832981e-05,1936
2437,option (All),English,1,1.6274697847770293e-05,1937
2438,option (All),English,1,1.6482684104812684e-05,1938
2439,option (All),English,1,1.637499056107914e-05,1939
2440,option (All),English,1,1.5435399774356628e-05,1940
2441,option (All),English,1,1.5065112763749348e-05,1941
2442,option (All),English,1,1.4858294807464682e-05,1942
2443,option (All),English,1,1.4495427763038567e-05,1943
2444,option (All),English,1,1.397487064460396e-05,1944
2445,option (All),English,1,1.3486636437762662e-05,1945
2446,option (All),English,1,1.3314594241081326e-05,1946
2447,option (All),English,1,1.3081971295018725e-05,1947
2448,option (All),English,1,1.3253973068253727e-05,1948
2449,option (All),English,1,1.3196090829822869e-05,1949
2450,option (All),English,1,1.3238602508170082e-05,1950
2451,option (All),English,1,1.3458934664461818e-05,1951
2452,option (All),English,1,1.3576114657383055e-05,1952
2453,option (All),English,1,1.3727139657662504e-05,1953
2454,option (All),English,1,1.4365276858368885e-05,1954
2455,option (All),English,1,1.450388284803876e-05,1955
2456,option (All),English,1,1.4859261548474352e-05,1956
2457,option (All),English,1,1.4919065200585152e-05,1957
2458,option (All),English,1,1.5041916730415153e-05,1958
2459,option (All),English,1,1.509110911599284e-05,1959
2460,option (All),English,1,1.5159536525293145e-05,1960
2461,option (All),English,1,1.4788077351962834e-05,1961
2462,option (All),English,1,1.4518193090230383e-05,1962
2463,option (All),English,1,1.4586795804596787e-05,1963
2464,option (All),English,1,1.4619630747689635e-05,1964
2465,option (All),English,1,1.456290262318424e-05,1965
2466,option (All),English,1,1.469767203141665e-05,1966
2467,option (All),English,1,1.4868783731210114e-05,1967
2468,option (All),English,1,1.551995507576505e-05,1968
2469,option (All),English,1,1.6278148094355757e-05,1969
2470,option (All),English,1,1.7201174682240325e-05,1970
2471,option (All),English,1,1.8617418325503738e-05,1971
2472,option (All),English,1,2.0025117979235413e-05,1972
2473,option (All),English,1,2.130001301126953e-05,1973
2474,option (All),English,1,2.3062600806051025e-05,1974
2475,option (All),English,1,2.4508282373058936e-05,1975
2476,option (All),English,1,2.607252527875006e-05,1976
2477,option (All),English,1,2.7391531416944794e-05,1977
2478,option (All),English,1,2.8883618708608534e-05,1978
2479,option (All),English,1,3.00912026654776e-05,1979
2480,option (All),English,1,3.14064498008986e-05,1980
2481,option (All),English,1,3.263503447948137e-05,1981
2482,option (All),English,1,3.419555576638357e-05,1982
2483,option (All),English,1,3.5683224766624106e-05,1983
2484,option (All),English,1,3.7101045027524565e-05,1984
2485,option (All),English,1,3.8336618841800646e-05,1985
2486,option (All),English,1,3.979641270868684e-05,1986
2487,option (All),English,1,4.160532855117795e-05,1987
2488,option (All),English,1,4.2926031898053814e-05,1988
2489,option (All),English,1,4.3383703099534466e-05,1989
2490,option (All),English,1,4.3789859286611535e-05,1990
2491,option (All),English,1,4.474778008900405e-05,1991
2492,option (All),English,1,4.5580984133985046e-05,1992
2493,option (All),English,1,4.6358802708278637e-05,1993
2494,option (All),English,1,4.720273413593424e-05,1994
2495,option (All),English,1,4.8187634596919784e-05,1995
2496,option (All),English,1,4.9875392803576184e-05,1996
2497,option (All),English,1,5.149112125005537e-05,1997
2498,option (All),English,1,5.211694888582642e-05,1998
2499,option (All),English,1,5.3000688633355174e-05,1999
2500,option (All),English,1,5.388970043268598e-05,2000
2501,option (All),English,1,5.484196111118807e-05,2001
2502,option (All),English,1,5.48605986060014e-05,2002
2503,option (All),English,1,5.521095768405109e-05,2003
2504,option (All),English,1,5.601022412345658e-05,2004
2505,option (All),English,1,5.683562508039729e-05,2005
2506,option (All),English,1,5.7960945336087446e-05,2006
2507,option (All),English,1,5.89859858830835e-05,2007
2508,option (All),English,1,5.9601054978980096e-05,2008
2509,option (All),English,1,5.966006463123645e-05,2009
2510,option (All),English,1,5.864854911970202e-05,2010
2511,option (All),English,1,5.720804413659573e-05,2011
2512,option (All),English,1,5.6325844736852815e-05,2012
2513,option (All),English,1,5.423106184809244e-05,2013
2514,option (All),English,1,5.229314467427543e-05,2014
2515,option (All),English,1,5.001955052210792e-05,2015
2516,option (All),English,1,4.9118666631020994e-05,2016
2517,option (All),English,1,4.892287085617233e-05,2017
2518,option (All),English,1,4.880440295307945e-05,2018
2519,option (All),English,1,4.801719173597348e-05,2019
2520,CHOIX,French,0,2.2293423496133613e-09,1900
2521,CHOIX,French,0,2.9313212968062885e-09,1901
2522,CHOIX,French,0,3.1102183606357414e-09,1902
2523,CHOIX,French,0,2.9712236322103944e-09,1903
2524,CHOIX,French,0,3.166715984675201e-09,1904
2525,CHOIX,French,0,3.3386932900875924e-09,1905
2526,CHOIX,French,0,3.282353912479964e-09,1906
2527,CHOIX,French,0,3.088336475443043e-09,1907
2528,CHOIX,French,0,2.554303403710735e-09,1908
2529,CHOIX,French,0,2.2094501466491626e-09,1909
2530,CHOIX,French,0,1.992585247594698e-09,1910
2531,CHOIX,French,0,2.048339093579139e-09,1911
2532,CHOIX,French,0,1.7961784837261519e-09,1912
2533,CHOIX,French,0,1.7338595242095372e-09,1913
2534,CHOIX,French,0,1.371845488397559e-09,1914
2535,CHOIX,French,0,1.2177555650369091e-09,1915
2536,CHOIX,French,0,1.3147119127492652e-09,1916
2537,CHOIX,French,0,1.8446958028566535e-09,1917
2538,CHOIX,French,0,1.5727486793063301e-09,1918
2539,CHOIX,French,0,1.9452751334351046e-09,1919
2540,CHOIX,French,0,2.1961839033865107e-09,1920
2541,CHOIX,French,0,2.6910791373069287e-09,1921
2542,CHOIX,French,0,3.243826485199719e-09,1922
2543,CHOIX,French,0,3.204759164392763e-09,1923
2544,CHOIX,French,0,2.8942131310597372e-09,1924
2545,CHOIX,French,0,3.303007835496276e-09,1925
2546,CHOIX,French,0,3.2908040102443336e-09,1926
2547,CHOIX,French,0,3.0528822010061116e-09,1927
2548,CHOIX,French,0,2.7203080581778796e-09,1928
2549,CHOIX,French,0,2.3177926086351673e-09,1929
2550,CHOIX,French,0,2.451120592209374e-09,1930
2551,CHOIX,French,0,2.3466246564954727e-09,1931
2552,CHOIX,French,0,2.155322698094153e-09,1932
2553,CHOIX,French,0,1.9581389367116587e-09,1933
2554,CHOIX,French,0,1.7566000479593162e-09,1934
2555,CHOIX,French,0,1.9142798060986112e-09,1935
2556,CHOIX,French,0,1.8348207794386236e-09,1936
2557,CHOIX,French,0,1.502027082077108e-09,1937
2558,CHOIX,French,0,1.4022905931681301e-09,1938
2559,CHOIX,French,0,1.284363115860998e-09,1939
2560,CHOIX,French,0,1.1940943551407607e-09,1940
2561,CHOIX,French,0,1.325815076772382e-09,1941
2562,CHOIX,French,0,1.1078521274957405e-09,1942
2563,CHOIX,French,0,1.0037370141396146e-09,1943
2564,CHOIX,French,0,1.1124949533020916e-09,1944
2565,CHOIX,French,0,1.2652716652183926e-09,1945
2566,CHOIX,French,0,1.456037417619476e-09,1946
2567,CHOIX,French,0,1.4847340182707773e-09,1947
2568,CHOIX,French,0,2.2551738413209168e-09,1948
2569,CHOIX,French,0,2.9249473795392842e-09,1949
2570,CHOIX,French,0,2.964204580204109e-09,1950
2571,CHOIX,French,0,2.976573162552906e-09,1951
2572,CHOIX,French,0,2.9672120316348582e-09,1952
2573,CHOIX,French,0,2.8703914483380846e-09,1953
2574,CHOIX,French,0,2.92776855140683e-09,1954
2575,CHOIX,French,0,2.276592549397906e-09,1955
2576,CHOIX,French,0,1.9056620567273595e-09,1956
2577,CHOIX,French,0,2.0201024503967754e-09,1957
2578,CHOIX,French,0,2.19952966951098e-09,1958
2579,CHOIX,French,0,2.628443780088625e-09,1959
2580,CHOIX,French,0,2.573345504939896e-09,1960
2581,CHOIX,French,0,3.3164579653950047e-09,1961
2582,CHOIX,French,0,3.897797196117381e-09,1962
2583,CHOIX,French,0,3.992804626611652e-09,1963
2584,CHOIX,French,0,4.2144956096430116e-09,1964
2585,CHOIX,French,0,4.128350930951033e-09,1965
2586,CHOIX,French,0,3.790848460535504e-09,1966
2587,CHOIX,French,0,4.584305379751186e-09,1967
2588,CHOIX,French,0,4.153317436004857e-09,1968
2589,CHOIX,French,0,4.966121609178182e-09,1969
2590,CHOIX,French,0,5.653470104758997e-09,1970
2591,CHOIX,French,0,7.269604410505995e-09,1971
2592,CHOIX,French,0,8.091462484165796e-09,1972
2593,CHOIX,French,0,9.288356433196604e-09,1973
2594,CHOIX,French,0,9.0455288973398e-09,1974
2595,CHOIX,French,0,9.39367256996044e-09,1975
2596,CHOIX,French,0,8.210031733822478e-09,1976
2597,CHOIX,French,0,8.361402586183025e-09,1977
2598,CHOIX,French,0,6.836898190444783e-09,1978
2599,CHOIX,French,0,6.2177624319100946e-09,1979
2600,CHOIX,French,0,5.563827493964319e-09,1980
2601,CHOIX,French,0,5.994702575610031e-09,1981
2602,CHOIX,French,0,6.7312041020427065e-09,1982
2603,CHOIX,French,0,7.423126779926292e-09,1983
2604,CHOIX,French,0,6.966048277894694e-09,1984
2605,CHOIX,French,0,7.376731891994837e-09,1985
2606,CHOIX,French,0,7.811800032239295e-09,1986
2607,CHOIX,French,0,8.285781901865415e-09,1987
2608,CHOIX,French,0,8.177759992987279e-09,1988
2609,CHOIX,French,0,8.201750326516536e-09,1989
2610,CHOIX,French,0,9.399669677532887e-09,1990
2611,CHOIX,French,0,9.44749643595953e-09,1991
2612,CHOIX,French,0,9.33596425564279e-09,1992
2613,CHOIX,French,0,9.287485574256088e-09,1993
2614,CHOIX,French,0,8.604017688794232e-09,1994
2615,CHOIX,French,0,8.012061331846049e-09,1995
2616,CHOIX,French,0,6.948754492443397e-09,1996
2617,CHOIX,French,0,4.765236284929943e-09,1997
2618,CHOIX,French,0,4.161295006989616e-09,1998
2619,CHOIX,French,0,3.565807665013259e-09,1999
2620,CHOIX,French,0,3.0691293157707786e-09,2000
2621,CHOIX,French,0,2.8198183312154258e-09,2001
2622,CHOIX,French,0,2.6061643795419596e-09,2002
2623,CHOIX,French,0,2.42007675803941e-09,2003
2624,CHOIX,French,0,2.5204413159737473e-09,2004
2625,CHOIX,French,0,2.378854208855736e-09,2005
2626,CHOIX,French,0,2.5848958370592155e-09,2006
2627,CHOIX,French,0,2.3901469057920265e-09,2007
2628,CHOIX,French,0,2.0149306390049304e-09,2008
2629,CHOIX,French,0,1.7232135401152554e-09,2009
2630,CHOIX,French,0,1.3179512838222352e-09,2010
2631,CHOIX,French,0,1.0129748547907776e-09,2011
2632,CHOIX,French,0,8.404525508083032e-10,2012
2633,CHOIX,French,0,3.945348056192241e-10,2013
2634,CHOIX,French,0,2.1109738461224025e-10,2014
2635,CHOIX,French,0,1.7934529357642249e-10,2015
2636,CHOIX,French,0,1.7723904784304268e-10,2016
2637,CHOIX,French,0,1.5257393843707648e-10,2017
2638,CHOIX,French,0,1.3700328510557469e-10,2018
2639,CHOIX,French,0,1.317707557652037e-10,2019
2640,Choix,French,0,4.2202965566673356e-08,1900
2641,Choix,French,0,4.33824268952776e-08,1901
2642,Choix,French,0,4.607478783687687e-08,1902
2643,Choix,French,0,5.5243707513292454e-08,1903
2644,Choix,French,0,6.110602614382645e-08,1904
2645,Choix,French,0,6.532156352331445e-08,1905
2646,Choix,French,0,6.825330497609425e-08,1906
2647,Choix,French,0,7.321003384471883e-08,1907
2648,Choix,French,0,7.931651678307259e-08,1908
2649,Choix,French,0,7.991633006148341e-08,1909
2650,Choix,French,0,7.059319376675635e-08,1910
2651,Choix,French,0,6.574894685838575e-08,1911
2652,Choix,French,0,6.173874262620821e-08,1912
2653,Choix,French,0,6.03162142454039e-08,1913
2654,Choix,French,0,5.313583630238229e-08,1914
2655,Choix,French,0,4.570861378283553e-08,1915
2656,Choix,French,0,4.168276289208604e-08,1916
2657,Choix,French,0,4.1969370962695914e-08,1917
2658,Choix,French,0,3.973904329411328e-08,1918
2659,Choix,French,0,4.1035064616120765e-08,1919
2660,Choix,French,0,3.968155328136293e-08,1920
2661,Choix,French,0,4.061574035826457e-08,1921
2662,Choix,French,0,5.594273133624483e-08,1922
2663,Choix,French,0,5.744068535104166e-08,1923
2664,Choix,French,0,5.6614675868006866e-08,1924
2665,Choix,French,0,5.673138961778282e-08,1925
2666,Choix,French,0,5.747732803992481e-08,1926
2667,Choix,French,0,5.921098379855851e-08,1927
2668,Choix,French,0,5.937354481082886e-08,1928
2669,Choix,French,0,4.402302471768442e-08,1929
2670,Choix,French,0,4.478992871830607e-08,1930
2671,Choix,French,0,4.528816889757893e-08,1931
2672,Choix,French,0,4.6916779540749435e-08,1932
2673,Choix,French,0,4.4072176765195895e-08,1933
2674,Choix,French,0,4.103469538766344e-08,1934
2675,Choix,French,0,4.1207350167025784e-08,1935
2676,Choix,French,0,4.143568815046754e-08,1936
2677,Choix,French,0,3.786114558376344e-08,1937
2678,Choix,French,0,3.639838982597407e-08,1938
2679,Choix,French,0,3.551335860306283e-08,1939
2680,Choix,French,0,3.475074881821781e-08,1940
2681,Choix,French,0,3.3795773798520456e-08,1941
2682,Choix,French,0,3.266122940358075e-08,1942
2683,Choix,French,0,3.140046977989641e-08,1943
2684,Choix,French,0,3.180369973725712e-08,1944
2685,Choix,French,0,3.259262142713786e-08,1945
2686,Choix,French,0,3.115952194678227e-08,1946
2687,Choix,French,0,3.358548004785332e-08,1947
2688,Choix,French,0,3.599476500986449e-08,1948
2689,Choix,French,0,3.5491310461972196e-08,1949
2690,Choix,French,0,3.503940604332456e-08,1950
2691,Choix,French,0,3.572640291541315e-08,1951
2692,Choix,French,0,3.6289290810438094e-08,1952
2693,Choix,French,0,4.4308895600205945e-08,1953
2694,Choix,French,0,4.445798116949261e-08,1954
2695,Choix,French,0,4.3237661070553e-08,1955
2696,Choix,French,0,4.378012339957747e-08,1956
2697,Choix,French,0,4.51024360716344e-08,1957
2698,Choix,French,0,4.453827224486824e-08,1958
2699,Choix,French,0,4.297591006872738e-08,1959
2700,Choix,French,0,3.5821376595127474e-08,1960
2701,Choix,French,0,3.683259716272655e-08,1961
2702,Choix,French,0,3.848051984992448e-08,1962
2703,Choix,French,0,3.8343075000771676e-08,1963
2704,Choix,French,0,3.93520335048184e-08,1964
2705,Choix,French,0,4.0722674502343837e-08,1965
2706,Choix,French,0,4.1727946304653026e-08,1966
2707,Choix,French,0,4.265632824740351e-08,1967
2708,Choix,French,0,4.17255355346567e-08,1968
2709,Choix,French,0,4.198513993612453e-08,1969
2710,Choix,French,0,4.369781133764913e-08,1970
2711,Choix,French,0,4.333442861690985e-08,1971
2712,Choix,French,0,4.438297450194893e-08,1972
2713,Choix,French,0,4.611373175375125e-08,1973
2714,Choix,French,0,4.647892280575304e-08,1974
2715,Choix,French,0,4.672637388125622e-08,1975
2716,Choix,French,0,4.464341886643654e-08,1976
2717,Choix,French,0,4.4827530639882495e-08,1977
2718,Choix,French,0,4.5363180894193126e-08,1978
2719,Choix,French,0,4.511414480085867e-08,1979
2720,Choix,French,0,4.441511945531472e-08,1980
2721,Choix,French,0,4.383395437100392e-08,1981
2722,Choix,French,0,4.3660011986698266e-08,1982
2723,Choix,French,0,4.452197899240673e-08,1983
2724,Choix,French,0,4.3177885901611394e-08,1984
2725,Choix,French,0,4.4500108487000034e-08,1985
2726,Choix,French,0,4.277237002676364e-08,1986
2727,Choix,French,0,4.4493382692475536e-08,1987
2728,Choix,French,0,4.4697723110078055e-08,1988
2729,Choix,French,0,4.5025831444231046e-08,1989
2730,Choix,French,0,4.483985855634793e-08,1990
2731,Choix,French,0,4.5857807456124126e-08,1991
2732,Choix,French,0,4.2741045750257656e-08,1992
2733,Choix,French,0,4.2905222739721335e-08,1993
2734,Choix,French,0,3.967509089518119e-08,1994
2735,Choix,French,0,3.9874374786157725e-08,1995
2736,Choix,French,0,3.864374674224434e-08,1996
2737,Choix,French,0,3.977177647535817e-08,1997
2738,Choix,French,0,3.821271324763334e-08,1998
2739,Choix,French,0,3.750436634269201e-08,1999
2740,Choix,French,0,3.800855833243791e-08,2000
2741,Choix,French,0,3.7007184364564894e-08,2001
2742,Choix,French,0,3.628186183237046e-08,2002
2743,Choix,French,0,3.560613264547945e-08,2003
2744,Choix,French,0,3.417432153136295e-08,2004
2745,Choix,French,0,3.291223243146695e-08,2005
2746,Choix,French,0,3.28045326775899e-08,2006
2747,Choix,French,0,3.108823471669504e-08,2007
2748,Choix,French,0,3.443800622449089e-08,2008
2749,Choix,French,0,3.218443695678681e-08,2009
2750,Choix,French,0,3.176277653592154e-08,2010
2751,Choix,French,0,2.980041305785822e-08,2011
2752,Choix,French,0,3.004805420354322e-08,2012
2753,Choix,French,0,2.967125339076964e-08,2013
2754,Choix,French,0,2.9620144051786416e-08,2014
2755,Choix,French,0,2.5472982961056393e-08,2015
2756,Choix,French,0,2.58015138143719e-08,2016
2757,Choix,French,0,2.521654500024321e-08,2017
2758,Choix,French,0,2.5596007446893053e-08,2018
2759,Choix,French,0,2.4822200295204766e-08,2019
2760,OPTION,French,1,2.78123827968102e-07,1900
2761,OPTION,French,1,2.903040467572282e-07,1901
2762,OPTION,French,1,3.1616279727586516e-07,1902
2763,OPTION,French,1,3.196506668246002e-07,1903
2764,OPTION,French,1,3.6696341762113403e-07,1904
2765,OPTION,French,1,4.121136255110157e-07,1905
2766,OPTION,French,1,4.355670983256589e-07,1906
2767,OPTION,French,1,4.475015040433001e-07,1907
2768,OPTION,French,1,4.5242475721352093e-07,1908
2769,OPTION,French,1,4.419336668044187e-07,1909
2770,OPTION,French,1,4.454105107600169e-07,1910
2771,OPTION,French,1,4.152873884777364e-07,1911
2772,OPTION,French,1,4.0671579069697016e-07,1912
2773,OPTION,French,1,3.956997959773746e-07,1913
2774,OPTION,French,1,3.9311947830356075e-07,1914
2775,OPTION,French,1,3.9350897346983924e-07,1915
2776,OPTION,French,1,4.000786313034561e-07,1916
2777,OPTION,French,1,3.99234246677744e-07,1917
2778,OPTION,French,1,3.9743133990149157e-07,1918
2779,OPTION,French,1,3.798306806856999e-07,1919
2780,OPTION,French,1,3.752347359815238e-07,1920
2781,OPTION,French,1,3.875576705273228e-07,1921
2782,OPTION,French,1,3.7959478861791597e-07,1922
2783,OPTION,French,1,3.765646649104123e-07,1923
2784,OPTION,French,1,3.771970398247504e-07,1924
2785,OPTION,French,1,4.0081467237281944e-07,1925
2786,OPTION,French,1,4.0046929988030957e-07,1926
2787,OPTION,French,1,4.0585278173109275e-07,1927
2788,OPTION,French,1,3.858199144295733e-07,1928
2789,OPTION,French,1,4.014011015637412e-07,1929
2790,OPTION,French,1,4.085945793771576e-07,1930
2791,OPTION,French,1,4.007523679255038e-07,1931
2792,OPTION,French,1,3.647890837653124e-07,1932
2793,OPTION,French,1,3.5534685594029725e-07,1933
2794,OPTION,French,1,3.511427248018403e-07,1934
2795,OPTION,French,1,3.5222245742261293e-07,1935
2796,OPTION,French,1,3.467099207097947e-07,1936
2797,OPTION,French,1,3.338396124620756e-07,1937
2798,OPTION,French,1,3.321092216473127e-07,1938
2799,OPTION,French,1,3.294946192714373e-07,1939
2800,OPTION,French,1,3.253371403388883e-07,1940
2801,OPTION,French,1,3.245980256646622e-07,1941
2802,OPTION,French,1,2.990089395130521e-07,1942
2803,OPTION,French,1,2.8608833702037373e-07,1943
2804,OPTION,French,1,2.698379120147365e-07,1944
2805,OPTION,French,1,2.7085845439549825e-07,1945
2806,OPTION,French,1,2.787735228691547e-07,1946
2807,OPTION,French,1,2.839615405036966e-07,1947
2808,OPTION,French,1,2.7774321966132577e-07,1948
2809,OPTION,French,1,2.9190793579151174e-07,1949
2810,OPTION,French,1,2.9411287170790145e-07,1950
2811,OPTION,French,1,3.084564192639456e-07,1951
2812,OPTION,French,1,3.0112603001595873e-07,1952
2813,OPTION,French,1,2.921786566340805e-07,1953
2814,OPTION,French,1,2.862723980407671e-07,1954
2815,OPTION,French,1,2.923427757650643e-07,1955
2816,OPTION,French,1,3.1419045853908756e-07,1956
2817,OPTION,French,1,3.10484389436689e-07,1957
2818,OPTION,French,1,3.0632632582897455e-07,1958
2819,OPTION,French,1,3.0671946709454847e-07,1959
2820,OPTION,French,1,3.085714622232315e-07,1960
2821,OPTION,French,1,3.095396761766876e-07,1961
2822,OPTION,French,1,3.0728321170110054e-07,1962
2823,OPTION,French,1,2.934051021189329e-07,1963
2824,OPTION,French,1,3.0098468479471716e-07,1964
2825,OPTION,French,1,3.028626127031332e-07,1965
2826,OPTION,French,1,3.207607375900677e-07,1966
2827,OPTION,French,1,3.3888574892314084e-07,1967
2828,OPTION,French,1,3.631592773802238e-07,1968
2829,OPTION,French,1,3.9135682072810596e-07,1969
2830,OPTION,French,1,4.3049354709572593e-07,1970
2831,OPTION,French,1,4.922005132357299e-07,1971
2832,OPTION,French,1,5.635623340692421e-07,1972
2833,OPTION,French,1,6.162891362951736e-07,1973
2834,OPTION,French,1,7.741680739010397e-07,1974
2835,OPTION,French,1,9.74931327034158e-07,1975
2836,OPTION,French,1,1.0965741239488125e-06,1976
2837,OPTION,French,1,1.34540409492599e-06,1977
2838,OPTION,French,1,1.8026017463463567e-06,1978
2839,OPTION,French,1,2.11005625162995e-06,1979
2840,OPTION,French,1,2.437174186655154e-06,1980
2841,OPTION,French,1,2.7519358809513506e-06,1981
2842,OPTION,French,1,3.1676063209878132e-06,1982
2843,OPTION,French,1,3.372271554066434e-06,1983
2844,OPTION,French,1,3.6441489165944015e-06,1984
2845,OPTION,French,1,3.950213048093636e-06,1985
2846,OPTION,French,1,4.286480296806465e-06,1986
2847,OPTION,French,1,4.6287346516952055e-06,1987
2848,OPTION,French,1,4.700932419966973e-06,1988
2849,OPTION,French,1,4.216124531402394e-06,1989
2850,OPTION,French,1,4.0696100346134955e-06,1990
2851,OPTION,French,1,3.7729922074244574e-06,1991
2852,OPTION,French,1,3.1696742520840156e-06,1992
2853,OPTION,French,1,2.724175682747695e-06,1993
2854,OPTION,French,1,2.2322297711850425e-06,1994
2855,OPTION,French,1,1.8959658681134378e-06,1995
2856,OPTION,French,1,1.922651806905508e-06,1996
2857,OPTION,French,1,1.9510881656970014e-06,1997
2858,OPTION,French,1,1.8088846088305997e-06,1998
2859,OPTION,French,1,1.6579854380844544e-06,1999
2860,OPTION,French,1,1.4388803931199488e-06,2000
2861,OPTION,French,1,1.2730171842382073e-06,2001
2862,OPTION,French,1,1.0873720839299494e-06,2002
2863,OPTION,French,1,9.496401633311637e-07,2003
2864,OPTION,French,1,7.538319550803863e-07,2004
2865,OPTION,French,1,6.604431064261007e-07,2005
2866,OPTION,French,1,6.180532393175651e-07,2006
2867,OPTION,French,1,5.867374365412356e-07,2007
2868,OPTION,French,1,5.206153121304981e-07,2008
2869,OPTION,French,1,4.893809213107099e-07,2009
2870,OPTION,French,1,4.5033961474213615e-07,2010
2871,OPTION,French,1,4.103516703578082e-07,2011
2872,OPTION,French,1,3.806402852595576e-07,2012
2873,OPTION,French,1,3.579050858856395e-07,2013
2874,OPTION,French,1,3.3653848520641206e-07,2014
2875,OPTION,French,1,3.2868633427694605e-07,2015
2876,OPTION,French,1,3.228715205036029e-07,2016
2877,OPTION,French,1,3.2377940802537825e-07,2017
2878,OPTION,French,1,3.2426453344669426e-07,2018
2879,OPTION,French,1,3.312993825943522e-07,2019
2880,OPTion,French,1,0.0,1900
2881,OPTion,French,1,0.0,1901
2882,OPTion,French,1,0.0,1902
2883,OPTion,French,1,0.0,1903
2884,OPTion,French,1,0.0,1904
2885,OPTion,French,1,0.0,1905
2886,OPTion,French,1,0.0,1906
2887,OPTion,French,1,0.0,1907
2888,OPTion,French,1,0.0,1908
2889,OPTion,French,1,0.0,1909
2890,OPTion,French,1,0.0,1910
2891,OPTion,French,1,0.0,1911
2892,OPTion,French,1,0.0,1912
2893,OPTion,French,1,0.0,1913
2894,OPTion,French,1,0.0,1914
2895,OPTion,French,1,0.0,1915
2896,OPTion,French,1,0.0,1916
2897,OPTion,French,1,0.0,1917
2898,OPTion,French,1,0.0,1918
2899,OPTion,French,1,0.0,1919
2900,OPTion,French,1,0.0,1920
2901,OPTion,French,1,0.0,1921
2902,OPTion,French,1,0.0,1922
2903,OPTion,French,1,0.0,1923
2904,OPTion,French,1,0.0,1924
2905,OPTion,French,1,0.0,1925
2906,OPTion,French,1,0.0,1926
2907,OPTion,French,1,0.0,1927
2908,OPTion,French,1,0.0,1928
2909,OPTion,French,1,0.0,1929
2910,OPTion,French,1,0.0,1930
2911,OPTion,French,1,0.0,1931
2912,OPTion,French,1,0.0,1932
2913,OPTion,French,1,0.0,1933
2914,OPTion,French,1,0.0,1934
2915,OPTion,French,1,0.0,1935
2916,OPTion,French,1,0.0,1936
2917,OPTion,French,1,0.0,1937
2918,OPTion,French,1,0.0,1938
2919,OPTion,French,1,0.0,1939
2920,OPTion,French,1,0.0,1940
2921,OPTion,French,1,0.0,1941
2922,OPTion,French,1,0.0,1942
2923,OPTion,French,1,0.0,1943
2924,OPTion,French,1,0.0,1944
2925,OPTion,French,1,0.0,1945
2926,OPTion,French,1,0.0,1946
2927,OPTion,French,1,0.0,1947
2928,OPTion,French,1,0.0,1948
2929,OPTion,French,1,0.0,1949
2930,OPTion,French,1,0.0,1950
2931,OPTion,French,1,0.0,1951
2932,OPTion,French,1,0.0,1952
2933,OPTion,French,1,0.0,1953
2934,OPTion,French,1,0.0,1954
2935,OPTion,French,1,0.0,1955
2936,OPTion,French,1,0.0,1956
2937,OPTion,French,1,0.0,1957
2938,OPTion,French,1,0.0,1958
2939,OPTion,French,1,0.0,1959
2940,OPTion,French,1,0.0,1960
2941,OPTion,French,1,0.0,1961
2942,OPTion,French,1,0.0,1962
2943,OPTion,French,1,0.0,1963
2944,OPTion,French,1,0.0,1964
2945,OPTion,French,1,0.0,1965
2946,OPTion,French,1,8.907629594252192e-12,1966
2947,OPTion,French,1,8.907629594252192e-12,1967
2948,OPTion,French,1,2.6081037131562924e-11,1968
2949,OPTion,French,1,1.2845996786145112e-10,1969
2950,OPTion,French,1,1.2845996786145112e-10,1970
2951,OPTion,French,1,1.2845996786145112e-10,1971
2952,OPTion,French,1,1.3689559010186614e-10,1972
2953,OPTion,French,1,1.2798796050761396e-10,1973
2954,OPTion,French,1,2.000275570179788e-10,1974
2955,OPTion,French,1,1.8285414948066807e-10,1975
2956,OPTion,French,1,8.047521875077988e-11,1976
2957,OPTion,French,1,9.654503188968481e-11,1977
2958,OPTion,French,1,1.1247303981022836e-10,1978
2959,OPTion,French,1,1.1189369817603862e-10,1979
2960,OPTion,French,1,1.1923910618803569e-10,1980
2961,OPTion,French,1,9.168352932012854e-11,1981
2962,OPTion,French,1,9.168352932012854e-11,1982
2963,OPTion,French,1,1.5208495920959741e-10,1983
2964,OPTion,French,1,1.6653773846075914e-10,1984
2965,OPTion,French,1,2.2512330838783282e-10,1985
2966,OPTion,French,1,2.3116139954585232e-10,1986
2967,OPTion,French,1,2.3764691801732493e-10,1987
2968,OPTion,French,1,2.0013345296475216e-10,1988
2969,OPTion,French,1,2.4719996238479046e-10,1989
2970,OPTion,French,1,1.932546612816642e-10,1990
2971,OPTion,French,1,1.6949906607245857e-10,1991
2972,OPTion,French,1,9.498548822484132e-11,1992
2973,OPTion,French,1,9.509728074452717e-11,1993
2974,OPTion,French,1,9.54129429234626e-11,1994
2975,OPTion,French,1,9.561132441326947e-11,1995
2976,OPTion,French,1,6.957156081391754e-11,1996
2977,OPTion,French,1,6.311543202757492e-11,1997
2978,OPTion,French,1,6.336242096481394e-11,1998
2979,OPTion,French,1,7.716284902703485e-11,1999
2980,OPTion,French,1,8.279233895680527e-11,2000
2981,OPTion,French,1,6.864575029440014e-11,2001
2982,OPTion,French,1,8.962939368869653e-11,2002
2983,OPTion,French,1,8.977719411139086e-11,2003
2984,OPTion,French,1,8.977719411139086e-11,2004
2985,OPTion,French,1,8.276320799329083e-11,2005
2986,OPTion,French,1,6.896277993106992e-11,2006
2987,OPTion,French,1,6.516425692699407e-11,2007
2988,OPTion,French,1,6.516425692699407e-11,2008
2989,OPTion,French,1,4.299877071464334e-11,2009
2990,OPTion,French,1,2.1824224471262658e-11,2010
2991,OPTion,French,1,2.1824224471262658e-11,2011
2992,OPTion,French,1,2.1824224471262658e-11,2012
2993,OPTion,French,1,9.490482160066728e-11,2013
2994,OPTion,French,1,8.633104846080184e-11,2014
2995,OPTion,French,1,9.417284214346161e-11,2015
2996,OPTion,French,1,8.818574888182416e-11,2016
2997,OPTion,French,1,1.0288337369546152e-10,2017
2998,OPTion,French,1,1.2346004843455384e-10,2018
2999,OPTion,French,1,1.5432506054319228e-10,2019
3000,OPtion,French,1,0.0,1900
3001,OPtion,French,1,0.0,1901
3002,OPtion,French,1,0.0,1902
3003,OPtion,French,1,0.0,1903
3004,OPtion,French,1,1.775484719563585e-11,1904
3005,OPtion,French,1,1.775484719563585e-11,1905
3006,OPtion,French,1,1.775484719563585e-11,1906
3007,OPtion,French,1,1.775484719563585e-11,1907
3008,OPtion,French,1,3.204774441854598e-11,1908
3009,OPtion,French,1,3.204774441854598e-11,1909
3010,OPtion,French,1,3.204774441854598e-11,1910
3011,OPtion,French,1,1.429289722291013e-11,1911
3012,OPtion,French,1,1.429289722291013e-11,1912
3013,OPtion,French,1,1.429289722291013e-11,1913
3014,OPtion,French,1,1.429289722291013e-11,1914
3015,OPtion,French,1,0.0,1915
3016,OPtion,French,1,0.0,1916
3017,OPtion,French,1,0.0,1917
3018,OPtion,French,1,0.0,1918
3019,OPtion,French,1,0.0,1919
3020,OPtion,French,1,0.0,1920
3021,OPtion,French,1,0.0,1921
3022,OPtion,French,1,0.0,1922
3023,OPtion,French,1,0.0,1923
3024,OPtion,French,1,0.0,1924
3025,OPtion,French,1,0.0,1925
3026,OPtion,French,1,0.0,1926
3027,OPtion,French,1,0.0,1927
3028,OPtion,French,1,0.0,1928
3029,OPtion,French,1,0.0,1929
3030,OPtion,French,1,0.0,1930
3031,OPtion,French,1,0.0,1931
3032,OPtion,French,1,0.0,1932
3033,OPtion,French,1,0.0,1933
3034,OPtion,French,1,0.0,1934
3035,OPtion,French,1,0.0,1935
3036,OPtion,French,1,1.6878407401880022e-11,1936
3037,OPtion,French,1,1.6878407401880022e-11,1937
3038,OPtion,French,1,1.6878407401880022e-11,1938
3039,OPtion,French,1,1.6878407401880022e-11,1939
3040,OPtion,French,1,3.630684245311702e-11,1940
3041,OPtion,French,1,5.645082615643052e-11,1941
3042,OPtion,French,1,5.645082615643052e-11,1942
3043,OPtion,French,1,3.95724187545505e-11,1943
3044,OPtion,French,1,5.452845912896314e-11,1944
3045,OPtion,French,1,5.452845912896314e-11,1945
3046,OPtion,French,1,5.452845912896314e-11,1946
3047,OPtion,French,1,4.748785491821244e-11,1947
3048,OPtion,French,1,2.7343871214898943e-11,1948
3049,OPtion,French,1,2.7343871214898943e-11,1949
3050,OPtion,French,1,5.237713834078355e-11,1950
3051,OPtion,French,1,5.034591691956334e-11,1951
3052,OPtion,French,1,7.505374595627247e-11,1952
3053,OPtion,French,1,8.692992258569582e-11,1953
3054,OPtion,French,1,7.45420917452095e-11,1954
3055,OPtion,French,1,7.45420917452095e-11,1955
3056,OPtion,French,1,7.45420917452095e-11,1956
3057,OPtion,French,1,4.95088246193249e-11,1957
3058,OPtion,French,1,4.6004111234739955e-11,1958
3059,OPtion,French,1,3.0556452209776606e-11,1959
3060,OPtion,French,1,1.8680275580353266e-11,1960
3061,OPtion,French,1,2.956825954715723e-11,1961
3062,OPtion,French,1,2.956825954715723e-11,1962
3063,OPtion,French,1,2.956825954715723e-11,1963
3064,OPtion,French,1,3.850815301552148e-11,1964
3065,OPtion,French,1,2.9088047446913988e-11,1965
3066,OPtion,French,1,1.9827877435168214e-11,1966
3067,OPtion,French,1,1.9827877435168214e-11,1967
3068,OPtion,French,1,5.187341132037052e-11,1968
3069,OPtion,French,1,5.187341132037052e-11,1969
3070,OPtion,French,1,6.043407936782787e-11,1970
3071,OPtion,French,1,6.013033721734879e-11,1971
3072,OPtion,French,1,6.856595945776383e-11,1972
3073,OPtion,French,1,6.856595945776383e-11,1973
3074,OPtion,French,1,6.856595945776383e-11,1974
3075,OPtion,French,1,2.5632441605757552e-11,1975
3076,OPtion,French,1,3.3444297926304194e-11,1976
3077,OPtion,French,1,3.291853644829931e-11,1977
3078,OPtion,French,1,4.8174396515594204e-11,1978
3079,OPtion,French,1,5.545133548762975e-11,1979
3080,OPtion,French,1,5.545133548762975e-11,1980
3081,OPtion,French,1,8.510734924344859e-11,1981
3082,OPtion,French,1,3.948471703366493e-10,1982
3083,OPtion,French,1,4.247862076970207e-10,1983
3084,OPtion,French,1,7.067159248681192e-10,1984
3085,OPtion,French,1,7.573374913305564e-10,1985
3086,OPtion,French,1,1.2001392042858073e-09,1986
3087,OPtion,French,1,1.373025782355367e-09,1987
3088,OPtion,French,1,1.4061047604041477e-09,1988
3089,OPtion,French,1,1.2980785533768723e-09,1989
3090,OPtion,French,1,1.2732399172686394e-09,1990
3091,OPtion,French,1,9.968092878898105e-10,1991
3092,OPtion,French,1,9.222957100421933e-10,1992
3093,OPtion,French,1,4.70784518016457e-10,1993
3094,OPtion,French,1,3.049712342781e-10,1994
3095,OPtion,French,1,2.6374305071257583e-10,1995
3096,OPtion,French,1,8.305618246733687e-11,1996
3097,OPtion,French,1,8.371707047832061e-11,1997
3098,OPtion,French,1,7.018307611659859e-11,1998
3099,OPtion,French,1,9.088371771429467e-11,1999
3100,OPtion,French,1,1.493328109978899e-10,2000
3101,OPtion,French,1,1.556770387204206e-10,2001
3102,OPtion,French,1,1.3417023048134524e-10,2002
3103,OPtion,French,1,1.131434846606589e-10,2003
3104,OPtion,French,1,1.1364928145399641e-10,2004
3105,OPtion,French,1,1.1364928145399641e-10,2005
3106,OPtion,French,1,1.167061397918826e-10,2006
3107,OPtion,French,1,5.125396436632203e-11,2007
3108,OPtion,French,1,4.5742388547566544e-11,2008
3109,OPtion,French,1,5.771657507084146e-11,2009
3110,OPtion,French,1,6.352424836153503e-11,2010
3111,OPtion,French,1,5.60289404158024e-11,2011
3112,OPtion,French,1,6.354957879373124e-11,2012
3113,OPtion,French,1,4.7100138273708274e-11,2013
3114,OPtion,French,1,4.7100138273708274e-11,2014
3115,OPtion,French,1,3.919419203873049e-11,2015
3116,OPtion,French,1,2.7220005515455573e-11,2016
3117,OPtion,French,1,2.498105426222234e-11,2017
3118,OPtion,French,1,2.0760176910883386e-11,2018
3119,OPtion,French,1,1.2789103977228766e-11,2019
3120,OptiON,French,1,0.0,1900
3121,OptiON,French,1,0.0,1901
3122,OptiON,French,1,0.0,1902
3123,OptiON,French,1,0.0,1903
3124,OptiON,French,1,0.0,1904
3125,OptiON,French,1,0.0,1905
3126,OptiON,French,1,0.0,1906
3127,OptiON,French,1,0.0,1907
3128,OptiON,French,1,0.0,1908
3129,OptiON,French,1,0.0,1909
3130,OptiON,French,1,0.0,1910
3131,OptiON,French,1,1.443619628600195e-11,1911
3132,OptiON,French,1,1.443619628600195e-11,1912
3133,OptiON,French,1,1.443619628600195e-11,1913
3134,OptiON,French,1,1.443619628600195e-11,1914
3135,OptiON,French,1,1.443619628600195e-11,1915
3136,OptiON,French,1,1.443619628600195e-11,1916
3137,OptiON,French,1,1.443619628600195e-11,1917
3138,OptiON,French,1,0.0,1918
3139,OptiON,French,1,0.0,1919
3140,OptiON,French,1,0.0,1920
3141,OptiON,French,1,0.0,1921
3142,OptiON,French,1,0.0,1922
3143,OptiON,French,1,0.0,1923
3144,OptiON,French,1,0.0,1924
3145,OptiON,French,1,0.0,1925
3146,OptiON,French,1,0.0,1926
3147,OptiON,French,1,0.0,1927
3148,OptiON,French,1,1.775777144378107e-11,1928
3149,OptiON,French,1,1.775777144378107e-11,1929
3150,OptiON,French,1,1.775777144378107e-11,1930
3151,OptiON,French,1,1.775777144378107e-11,1931
3152,OptiON,French,1,1.775777144378107e-11,1932
3153,OptiON,French,1,1.775777144378107e-11,1933
3154,OptiON,French,1,1.775777144378107e-11,1934
3155,OptiON,French,1,0.0,1935
3156,OptiON,French,1,0.0,1936
3157,OptiON,French,1,1.713411555494458e-11,1937
3158,OptiON,French,1,1.713411555494458e-11,1938
3159,OptiON,French,1,1.713411555494458e-11,1939
3160,OptiON,French,1,1.713411555494458e-11,1940
3161,OptiON,French,1,1.713411555494458e-11,1941
3162,OptiON,French,1,1.713411555494458e-11,1942
3163,OptiON,French,1,3.353841212686401e-11,1943
3164,OptiON,French,1,1.6404296571919427e-11,1944
3165,OptiON,French,1,1.6404296571919427e-11,1945
3166,OptiON,French,1,2.952846300807721e-11,1946
3167,OptiON,French,1,2.952846300807721e-11,1947
3168,OptiON,French,1,2.952846300807721e-11,1948
3169,OptiON,French,1,2.952846300807721e-11,1949
3170,OptiON,French,1,2.5640799999100087e-11,1950
3171,OptiON,French,1,3.856561895229252e-11,1951
3172,OptiON,French,1,3.856561895229252e-11,1952
3173,OptiON,French,1,2.5441452516134736e-11,1953
3174,OptiON,French,1,2.5441452516134736e-11,1954
3175,OptiON,French,1,2.5441452516134736e-11,1955
3176,OptiON,French,1,2.5441452516134736e-11,1956
3177,OptiON,French,1,2.3009753824521084e-11,1957
3178,OptiON,French,1,1.008493487132865e-11,1958
3179,OptiON,French,1,1.008493487132865e-11,1959
3180,OptiON,French,1,1.008493487132865e-11,1960
3181,OptiON,French,1,1.008493487132865e-11,1961
3182,OptiON,French,1,1.008493487132865e-11,1962
3183,OptiON,French,1,1.008493487132865e-11,1963
3184,OptiON,French,1,0.0,1964
3185,OptiON,French,1,0.0,1965
3186,OptiON,French,1,8.907629594252192e-12,1966
3187,OptiON,French,1,8.907629594252192e-12,1967
3188,OptiON,French,1,8.907629594252192e-12,1968
3189,OptiON,French,1,8.907629594252192e-12,1969
3190,OptiON,French,1,8.907629594252192e-12,1970
3191,OptiON,French,1,8.907629594252192e-12,1971
3192,OptiON,French,1,1.7343251834667228e-11,1972
3193,OptiON,French,1,8.435622240415037e-12,1973
3194,OptiON,French,1,8.435622240415037e-12,1974
3195,OptiON,French,1,8.435622240415037e-12,1975
3196,OptiON,French,1,8.435622240415037e-12,1976
3197,OptiON,French,1,1.64705288098675e-11,1977
3198,OptiON,French,1,3.239853673041106e-11,1978
3199,OptiON,French,1,3.1819195096221313e-11,1979
3200,OptiON,French,1,3.916460310821839e-11,1980
3201,OptiON,French,1,4.65786065471731e-11,1981
3202,OptiON,French,1,6.168786562914847e-11,1982
3203,OptiON,French,1,6.923804436533208e-11,1983
3204,OptiON,French,1,6.120313779587962e-11,1984
3205,OptiON,French,1,4.527512987533606e-11,1985
3206,OptiON,French,1,3.7418849269110765e-11,1986
3207,OptiON,French,1,3.007344125711369e-11,1987
3208,OptiON,French,1,2.265943781815898e-11,1988
3209,OptiON,French,1,7.55017873618361e-12,1989
3210,OptiON,French,1,1.2912257572685247e-11,1990
3211,OptiON,French,1,1.2912257572685247e-11,1991
3212,OptiON,French,1,1.2912257572685247e-11,1992
3213,OptiON,French,1,3.3921503502945935e-11,1993
3214,OptiON,French,1,4.09947978341485e-11,1994
3215,OptiON,French,1,5.533266999353208e-11,1995
3216,OptiON,French,1,5.533266999353208e-11,1996
3217,OptiON,French,1,4.920698521268133e-11,1997
3218,OptiON,French,1,7.726292968508147e-11,1998
3219,OptiON,French,1,8.416314371619192e-11,1999
3220,OptiON,French,1,6.315389778593123e-11,2000
3221,OptiON,French,1,5.608060345472867e-11,2001
3222,OptiON,French,1,4.1742731295345086e-11,2002
3223,OptiON,French,1,4.8800913211260215e-11,2003
3224,OptiON,French,1,4.2014340419425726e-11,2004
3225,OptiON,French,1,1.3958395947025589e-11,2005
3226,OptiON,French,1,1.4977348230685703e-11,2006
3227,OptiON,French,1,1.4977348230685703e-11,2007
3228,OptiON,French,1,1.4977348230685703e-11,2008
3229,OptiON,French,1,1.4977348230685703e-11,2009
3230,OptiON,French,1,7.919166314770569e-12,2010
3231,OptiON,French,1,7.919166314770569e-12,2011
3232,OptiON,French,1,7.919166314770569e-12,2012
3233,OptiON,French,1,0.0,2013
3234,OptiON,French,1,0.0,2014
3235,OptiON,French,1,0.0,2015
3236,OptiON,French,1,7.927516777948641e-12,2016
3237,OptiON,French,1,9.248769574273416e-12,2017
3238,OptiON,French,1,1.1098523489128098e-11,2018
3239,OptiON,French,1,1.3873154361410123e-11,2019
3240,Option,French,1,8.153301109814493e-07,1900
3241,Option,French,1,8.085626404863433e-07,1901
3242,Option,French,1,8.243123090778681e-07,1902
3243,Option,French,1,8.466424057067863e-07,1903
3244,Option,French,1,9.019189357266961e-07,1904
3245,Option,French,1,9.277821553561288e-07,1905
3246,Option,French,1,9.805305012378085e-07,1906
3247,Option,French,1,1.0585390311592034e-06,1907
3248,Option,French,1,1.0977587326773834e-06,1908
3249,Option,French,1,1.1192483628162466e-06,1909
3250,Option,French,1,1.1191135302267088e-06,1910
3251,Option,French,1,1.1128597959343876e-06,1911
3252,Option,French,1,1.0860982553952323e-06,1912
3253,Option,French,1,1.0861100301034249e-06,1913
3254,Option,French,1,1.09433774144106e-06,1914
3255,Option,French,1,1.102750811047112e-06,1915
3256,Option,French,1,1.1137830954664553e-06,1916
3257,Option,French,1,1.1536775121255362e-06,1917
3258,Option,French,1,1.1733356716701695e-06,1918
3259,Option,French,1,1.1777532985693791e-06,1919
3260,Option,French,1,1.1630460871206845e-06,1920
3261,Option,French,1,1.153441417045542e-06,1921
3262,Option,French,1,1.147518397764153e-06,1922
3263,Option,French,1,1.1445806161905888e-06,1923
3264,Option,French,1,1.1366914642556886e-06,1924
3265,Option,French,1,1.1477223032280953e-06,1925
3266,Option,French,1,1.1537819903294024e-06,1926
3267,Option,French,1,1.2261342752546106e-06,1927
3268,Option,French,1,1.2563973541546147e-06,1928
3269,Option,French,1,1.2875301373631892e-06,1929
3270,Option,French,1,1.3459738283927436e-06,1930
3271,Option,French,1,1.3753999447934412e-06,1931
3272,Option,French,1,1.4163068889112246e-06,1932
3273,Option,French,1,1.4953896620032277e-06,1933
3274,Option,French,1,1.4804894590270123e-06,1934
3275,Option,French,1,1.5012891318682314e-06,1935
3276,Option,French,1,1.555347304409744e-06,1936
3277,Option,French,1,1.5631618128151916e-06,1937
3278,Option,French,1,1.6521355031987435e-06,1938
3279,Option,French,1,1.6138486833889537e-06,1939
3280,Option,French,1,1.5407390654737746e-06,1940
3281,Option,French,1,1.5464553046383247e-06,1941
3282,Option,French,1,1.500619792490657e-06,1942
3283,Option,French,1,1.4490534405402805e-06,1943
3284,Option,French,1,1.3719232551271228e-06,1944
3285,Option,French,1,1.333658214467245e-06,1945
3286,Option,French,1,1.393693342574157e-06,1946
3287,Option,French,1,1.4400293366634287e-06,1947
3288,Option,French,1,1.4641715487024548e-06,1948
3289,Option,French,1,1.515462859710429e-06,1949
3290,Option,French,1,1.6064435612861416e-06,1950
3291,Option,French,1,1.719959186630149e-06,1951
3292,Option,French,1,1.699216746991234e-06,1952
3293,Option,French,1,1.6978645882253268e-06,1953
3294,Option,French,1,1.734529210547667e-06,1954
3295,Option,French,1,1.7314035533542795e-06,1955
3296,Option,French,1,1.815745365872447e-06,1956
3297,Option,French,1,1.7599394368517096e-06,1957
3298,Option,French,1,1.7156009367421835e-06,1958
3299,Option,French,1,1.6855374919292184e-06,1959
3300,Option,French,1,1.6531410957603448e-06,1960
3301,Option,French,1,1.5559759438994142e-06,1961
3302,Option,French,1,1.4808814187615229e-06,1962
3303,Option,French,1,1.348712138289037e-06,1963
3304,Option,French,1,1.3010947311288743e-06,1964
3305,Option,French,1,1.2492670781024832e-06,1965
3306,Option,French,1,1.2305584472674776e-06,1966
3307,Option,French,1,1.2348579535422947e-06,1967
3308,Option,French,1,1.3352439834436934e-06,1968
3309,Option,French,1,1.4864726348865328e-06,1969
3310,Option,French,1,1.8575300211003715e-06,1970
3311,Option,French,1,2.2023487125417366e-06,1971
3312,Option,French,1,2.5942488264263375e-06,1972
3313,Option,French,1,2.9123911612519545e-06,1973
3314,Option,French,1,3.2417564658057278e-06,1974
3315,Option,French,1,3.5316425380317795e-06,1975
3316,Option,French,1,3.814664426369875e-06,1976
3317,Option,French,1,3.933784130692532e-06,1977
3318,Option,French,1,4.089564429575278e-06,1978
3319,Option,French,1,4.1319339548603495e-06,1979
3320,Option,French,1,4.226167967707235e-06,1980
3321,Option,French,1,4.3600458151818855e-06,1981
3322,Option,French,1,4.547453629909017e-06,1982
3323,Option,French,1,4.765974998528171e-06,1983
3324,Option,French,1,4.82157884107437e-06,1984
3325,Option,French,1,4.952072231390048e-06,1985
3326,Option,French,1,5.098450206527819e-06,1986
3327,Option,French,1,5.360797266413491e-06,1987
3328,Option,French,1,5.588453145069902e-06,1988
3329,Option,French,1,5.749002931614606e-06,1989
3330,Option,French,1,5.861633196348391e-06,1990
3331,Option,French,1,6.2328204616538386e-06,1991
3332,Option,French,1,6.63847946010979e-06,1992
3333,Option,French,1,7.0354474571234145e-06,1993
3334,Option,French,1,7.404476751357184e-06,1994
3335,Option,French,1,7.789243227307452e-06,1995
3336,Option,French,1,8.168787449644047e-06,1996
3337,Option,French,1,8.46952129255182e-06,1997
3338,Option,French,1,8.259890169678588e-06,1998
3339,Option,French,1,8.018202606763225e-06,1999
3340,Option,French,1,7.696522646126272e-06,2000
3341,Option,French,1,7.439820884818411e-06,2001
3342,Option,French,1,6.954129925621341e-06,2002
3343,Option,French,1,6.43202429273515e-06,2003
3344,Option,French,1,6.0516493119523925e-06,2004
3345,Option,French,1,5.944802913810625e-06,2005
3346,Option,French,1,5.748013206487355e-06,2006
3347,Option,French,1,5.733980352878072e-06,2007
3348,Option,French,1,5.512600117591708e-06,2008
3349,Option,French,1,5.304208700960901e-06,2009
3350,Option,French,1,5.067820178997603e-06,2010
3351,Option,French,1,4.709510871439956e-06,2011
3352,Option,French,1,4.413496299093822e-06,2012
3353,Option,French,1,4.056933773556791e-06,2013
3354,Option,French,1,3.718243923296021e-06,2014
3355,Option,French,1,3.4296167541469913e-06,2015
3356,Option,French,1,3.314478070543763e-06,2016
3357,Option,French,1,3.240220886861304e-06,2017
3358,Option,French,1,3.219408608856611e-06,2018
3359,Option,French,1,3.1824625352783187e-06,2019
3360,choix,French,0,1.718009956519495e-08,1900
3361,choix,French,0,1.6613698150536037e-08,1901
3362,choix,French,0,1.704851134339454e-08,1902
3363,choix,French,0,1.6391062348678328e-08,1903
3364,choix,French,0,1.673690633704642e-08,1904
3365,choix,French,0,1.5453424064202992e-08,1905
3366,choix,French,0,1.4738458199912787e-08,1906
3367,choix,French,0,1.4570671907116711e-08,1907
3368,choix,French,0,1.6394319679591263e-08,1908
3369,choix,French,0,1.604190849998791e-08,1909
3370,choix,French,0,1.6239401823270327e-08,1910
3371,choix,French,0,1.608873605769239e-08,1911
3372,choix,French,0,1.6254862979435203e-08,1912
3373,choix,French,0,1.6169605083453982e-08,1913
3374,choix,French,0,1.507518541745055e-08,1914
3375,choix,French,0,1.2486548303261965e-08,1915
3376,choix,French,0,1.1837401154528898e-08,1916
3377,choix,French,0,1.1717178719347236e-08,1917
3378,choix,French,0,1.1332634767110709e-08,1918
3379,choix,French,0,1.2027953109696097e-08,1919
3380,choix,French,0,1.2829862632608119e-08,1920
3381,choix,French,0,1.3390194096375905e-08,1921
3382,choix,French,0,1.3716080208122809e-08,1922
3383,choix,French,0,1.4138591884562044e-08,1923
3384,choix,French,0,1.4804159802801159e-08,1924
3385,choix,French,0,1.5712165917542668e-08,1925
3386,choix,French,0,1.6715044459658657e-08,1926
3387,choix,French,0,1.582107625860577e-08,1927
3388,choix,French,0,1.7614279685623e-08,1928
3389,choix,French,0,1.8485254850629318e-08,1929
3390,choix,French,0,1.8473310119710666e-08,1930
3391,choix,French,0,1.8108450231376797e-08,1931
3392,choix,French,0,1.7185025719917187e-08,1932
3393,choix,French,0,1.5701753928811157e-08,1933
3394,choix,French,0,1.6047103963095262e-08,1934
3395,choix,French,0,1.4347274352693212e-08,1935
3396,choix,French,0,1.3502880464549044e-08,1936
3397,choix,French,0,1.2958396260793442e-08,1937
3398,choix,French,0,1.2132702842393428e-08,1938
3399,choix,French,0,1.202533653607166e-08,1939
3400,choix,French,0,1.126964464605505e-08,1940
3401,choix,French,0,1.0829877946808405e-08,1941
3402,choix,French,0,1.0460456500993587e-08,1942
3403,choix,French,0,1.0857383690522835e-08,1943
3404,choix,French,0,1.214824862927344e-08,1944
3405,choix,French,0,1.3895183543460071e-08,1945
3406,choix,French,0,1.6291130476377347e-08,1946
3407,choix,French,0,1.7923380747829143e-08,1947
3408,choix,French,0,1.8872008971421953e-08,1948
3409,choix,French,0,2.1449086697243403e-08,1949
3410,choix,French,0,2.3357693430219635e-08,1950
3411,choix,French,0,2.4811885625451524e-08,1951
3412,choix,French,0,2.505781563196966e-08,1952
3413,choix,French,0,2.461526119442884e-08,1953
3414,choix,French,0,2.49857440134552e-08,1954
3415,choix,French,0,2.5512169646698827e-08,1955
3416,choix,French,0,2.459005849735669e-08,1956
3417,choix,French,0,2.3813988495443742e-08,1957
3418,choix,French,0,2.209595401885573e-08,1958
3419,choix,French,0,2.1550802031811145e-08,1959
3420,choix,French,0,2.06047905087254e-08,1960
3421,choix,French,0,2.0903425276433803e-08,1961
3422,choix,French,0,2.249178874892875e-08,1962
3423,choix,French,0,2.2359866085659112e-08,1963
3424,choix,French,0,2.3010531131311448e-08,1964
3425,choix,French,0,2.414154869662915e-08,1965
3426,choix,French,0,2.4098139864544725e-08,1966
3427,choix,French,0,2.5035851994711526e-08,1967
3428,choix,French,0,2.4741348525481044e-08,1968
3429,choix,French,0,2.3182808054197527e-08,1969
3430,choix,French,0,2.3810016815316104e-08,1970
3431,choix,French,0,2.3438506754506046e-08,1971
3432,choix,French,0,2.301880159499043e-08,1972
3433,choix,French,0,2.4849692335595008e-08,1973
3434,choix,French,0,2.5675069435594977e-08,1974
3435,choix,French,0,2.6720374484463198e-08,1975
3436,choix,French,0,2.840704205198108e-08,1976
3437,choix,French,0,2.961237807344982e-08,1977
3438,choix,French,0,3.1072380224372864e-08,1978
3439,choix,French,0,3.1792991604463946e-08,1979
3440,choix,French,0,3.192117452905612e-08,1980
3441,choix,French,0,3.217822326056259e-08,1981
3442,choix,French,0,3.253736937023989e-08,1982
3443,choix,French,0,3.263183501189815e-08,1983
3444,choix,French,0,3.239564756134834e-08,1984
3445,choix,French,0,3.14390405772461e-08,1985
3446,choix,French,0,3.105844292861093e-08,1986
3447,choix,French,0,3.092201720075341e-08,1987
3448,choix,French,0,3.1243691570434096e-08,1988
3449,choix,French,0,3.165048236196201e-08,1989
3450,choix,French,0,3.096725441155611e-08,1990
3451,choix,French,0,3.071931712180945e-08,1991
3452,choix,French,0,3.116796217942205e-08,1992
3453,choix,French,0,3.389382996488166e-08,1993
3454,choix,French,0,3.394125463224944e-08,1994
3455,choix,French,0,3.419782755388821e-08,1995
3456,choix,French,0,3.4796308564669487e-08,1996
3457,choix,French,0,3.827841256663435e-08,1997
3458,choix,French,0,3.9810881194820725e-08,1998
3459,choix,French,0,4.1526605899986994e-08,1999
3460,choix,French,0,4.049195163296255e-08,2000
3461,choix,French,0,4.0019833542308854e-08,2001
3462,choix,French,0,3.859859378150889e-08,2002
3463,choix,French,0,3.6605349101088384e-08,2003
3464,choix,French,0,3.3148654614884824e-08,2004
3465,choix,French,0,3.079474808487248e-08,2005
3466,choix,French,0,2.856946932995795e-08,2006
3467,choix,French,0,2.6760573185973565e-08,2007
3468,choix,French,0,2.5244844690876433e-08,2008
3469,choix,French,0,2.5172967710318517e-08,2009
3470,choix,French,0,2.5633664080260132e-08,2010
3471,choix,French,0,2.5468437263904368e-08,2011
3472,choix,French,0,2.5634375384291682e-08,2012
3473,choix,French,0,2.6671696724227852e-08,2013
3474,choix,French,0,2.7661812649983275e-08,2014
3475,choix,French,0,2.928735476359634e-08,2015
3476,choix,French,0,2.9350347168539363e-08,2016
3477,choix,French,0,2.9472036070880374e-08,2017
3478,choix,French,0,2.9605763174345157e-08,2018
3479,choix,French,0,3.025555095348409e-08,2019
3480,choix (All),French,0,6.161240748148167e-08,1900
3481,choix (All),French,0,6.292744634261993e-08,1901
3482,choix (All),French,0,6.623351754090716e-08,1902
3483,choix (All),French,0,7.460599349418118e-08,1903
3484,choix (All),French,0,8.100964846554806e-08,1904
3485,choix (All),French,0,8.411368087760504e-08,1905
3486,choix (All),French,0,8.6274117088487e-08,1906
3487,choix (All),French,0,9.086904222727859e-08,1907
3488,choix (All),French,0,9.826513986637459e-08,1908
3489,choix (All),French,0,9.816768870812049e-08,1909
3490,choix (All),French,0,8.882518083762137e-08,1910
3491,choix (All),French,0,8.388602200965728e-08,1911
3492,choix (All),French,0,7.978978408936957e-08,1912
3493,choix (All),French,0,7.821967885306743e-08,1913
3494,choix (All),French,0,6.95828672082304e-08,1914
3495,choix (All),French,0,5.94129176511344e-08,1915
3496,choix (All),French,0,5.4834875959364204e-08,1916
3497,choix (All),French,0,5.55312454848998e-08,1917
3498,choix (All),French,0,5.2644426740530315e-08,1918
3499,choix (All),French,0,5.5008292859251966e-08,1919
3500,choix (All),French,0,5.4707599817357555e-08,1920
3501,choix (All),French,0,5.66970135919474e-08,1921
3502,choix (All),French,0,7.290263802956736e-08,1922
3503,choix (All),French,0,7.478403639999646e-08,1923
3504,choix (All),French,0,7.431304880186776e-08,1924
3505,choix (All),French,0,7.574656337082177e-08,1925
3506,choix (All),French,0,7.74831765098278e-08,1926
3507,choix (All),French,0,7.808494225817039e-08,1927
3508,choix (All),French,0,7.970813255462974e-08,1928
3509,choix (All),French,0,6.48260721769489e-08,1929
3510,choix (All),French,0,6.571435943022611e-08,1930
3511,choix (All),French,0,6.57432437854512e-08,1931
3512,choix (All),French,0,6.625712795876077e-08,1932
3513,choix (All),French,0,6.17320696307187e-08,1933
3514,choix (All),French,0,5.8838399398718014e-08,1934
3515,choix (All),French,0,5.746890432581761e-08,1935
3516,choix (All),French,0,5.677338939445521e-08,1936
3517,choix (All),French,0,5.232156892663399e-08,1937
3518,choix (All),French,0,4.9933383261535624e-08,1938
3519,choix (All),French,0,4.882305825499549e-08,1939
3520,choix (All),French,0,4.721448781941362e-08,1940
3521,choix (All),French,0,4.595146682210125e-08,1941
3522,choix (All),French,0,4.422953803207008e-08,1942
3523,choix (All),French,0,4.326159048455886e-08,1943
3524,choix (All),French,0,4.506444331983265e-08,1944
3525,choix (All),French,0,4.7753076635816324e-08,1945
3526,choix (All),French,0,4.89066898407791e-08,1946
3527,choix (All),French,0,5.2993594813953234e-08,1947
3528,choix (All),French,0,5.712194782260736e-08,1948
3529,choix (All),French,0,5.986534453875487e-08,1949
3530,choix (All),French,0,6.136130405374831e-08,1950
3531,choix (All),French,0,6.351486170341758e-08,1951
3532,choix (All),French,0,6.431431847404262e-08,1952
3533,choix (All),French,0,7.179454824297287e-08,1953
3534,choix (All),French,0,7.237149373435464e-08,1954
3535,choix (All),French,0,7.102642326664973e-08,1955
3536,choix (All),French,0,7.027584395366152e-08,1956
3537,choix (All),French,0,7.093652701747491e-08,1957
3538,choix (All),French,0,6.883375593323495e-08,1958
3539,choix (All),French,0,6.715515588062714e-08,1959
3540,choix (All),French,0,5.899951260879277e-08,1960
3541,choix (All),French,0,6.105248040455535e-08,1961
3542,choix (All),French,0,6.48701057949706e-08,1962
3543,choix (All),French,0,6.469574571304243e-08,1963
3544,choix (All),French,0,6.657706024577286e-08,1964
3545,choix (All),French,0,6.899257412992402e-08,1965
3546,choix (All),French,0,6.961693462973325e-08,1966
3547,choix (All),French,0,7.227648562186622e-08,1967
3548,choix (All),French,0,7.06202014961426e-08,1968
3549,choix (All),French,0,7.013406959950023e-08,1969
3550,choix (All),French,0,7.316129825772424e-08,1970
3551,choix (All),French,0,7.40425397819219e-08,1971
3552,choix (All),French,0,7.549323858110516e-08,1972
3553,choix (All),French,0,8.025178052254286e-08,1973
3554,choix (All),French,0,8.119952113868782e-08,1974
3555,choix (All),French,0,8.284042093567985e-08,1975
3556,choix (All),French,0,8.126049265224009e-08,1976
3557,choix (All),French,0,8.280131129951534e-08,1977
3558,choix (All),French,0,8.327245930901076e-08,1978
3559,choix (All),French,0,8.312489883723271e-08,1979
3560,choix (All),French,0,8.190012147833515e-08,1980
3561,choix (All),French,0,8.200688020717653e-08,1981
3562,choix (All),French,0,8.292858545898086e-08,1982
3563,choix (All),French,0,8.457694078423117e-08,1983
3564,choix (All),French,0,8.253958174085443e-08,1984
3565,choix (All),French,0,8.331588095624098e-08,1985
3566,choix (All),French,0,8.164261298761387e-08,1986
3567,choix (All),French,0,8.370118179509435e-08,1987
3568,choix (All),French,0,8.411917467349942e-08,1988
3569,choix (All),French,0,8.48780641327096e-08,1989
3570,choix (All),French,0,8.520678264543693e-08,1990
3571,choix (All),French,0,8.60246210138931e-08,1991
3572,choix (All),French,0,8.324497218532249e-08,1992
3573,choix (All),French,0,8.608653827885909e-08,1993
3574,choix (All),French,0,8.222036321622486e-08,1994
3575,choix (All),French,0,8.208426367189198e-08,1995
3576,choix (All),French,0,8.038880979935722e-08,1996
3577,choix (All),French,0,8.281542532692246e-08,1997
3578,choix (All),French,0,8.218488944944367e-08,1998
3579,choix (All),French,0,8.259677990769227e-08,1999
3580,choix (All),French,0,8.156963928117125e-08,2000
3581,choix (All),French,0,7.984683623808917e-08,2001
3582,choix (All),French,0,7.74866199934213e-08,2002
3583,choix (All),French,0,7.463155850460724e-08,2003
3584,choix (All),French,0,6.984341746222153e-08,2004
3585,choix (All),French,0,6.608583472519517e-08,2005
3586,choix (All),French,0,6.395889784460705e-08,2006
3587,choix (All),French,0,6.023895480846063e-08,2007
3588,choix (All),French,0,6.169778155437225e-08,2008
3589,choix (All),French,0,5.9080618207220584e-08,2009
3590,choix (All),French,0,5.871439190000391e-08,2010
3591,choix (All),French,0,5.628182517655337e-08,2011
3592,choix (All),French,0,5.6522882138643205e-08,2012
3593,choix (All),French,0,5.6737484920616714e-08,2013
3594,choix (All),French,0,5.749305408638193e-08,2014
3595,choix (All),French,0,5.493968301822916e-08,2015
3596,choix (All),French,0,5.532910003075431e-08,2016
3597,choix (All),French,0,5.484115500956066e-08,2017
3598,choix (All),French,0,5.533877390634378e-08,2018
3599,choix (All),French,0,5.520952200445406e-08,2019
3600,oPtion,French,1,0.0,1900
3601,oPtion,French,1,0.0,1901
3602,oPtion,French,1,0.0,1902
3603,oPtion,French,1,0.0,1903
3604,oPtion,French,1,0.0,1904
3605,oPtion,French,1,0.0,1905
3606,oPtion,French,1,0.0,1906
3607,oPtion,French,1,0.0,1907
3608,oPtion,French,1,0.0,1908
3609,oPtion,French,1,0.0,1909
3610,oPtion,French,1,0.0,1910
3611,oPtion,French,1,0.0,1911
3612,oPtion,French,1,0.0,1912
3613,oPtion,French,1,0.0,1913
3614,oPtion,French,1,0.0,1914
3615,oPtion,French,1,0.0,1915
3616,oPtion,French,1,1.5438266736429133e-11,1916
3617,oPtion,French,1,1.5438266736429133e-11,1917
3618,oPtion,French,1,1.5438266736429133e-11,1918
3619,oPtion,French,1,1.5438266736429133e-11,1919
3620,oPtion,French,1,1.5438266736429133e-11,1920
3621,oPtion,French,1,1.5438266736429133e-11,1921
3622,oPtion,French,1,1.5438266736429133e-11,1922
3623,oPtion,French,1,0.0,1923
3624,oPtion,French,1,0.0,1924
3625,oPtion,French,1,0.0,1925
3626,oPtion,French,1,0.0,1926
3627,oPtion,French,1,0.0,1927
3628,oPtion,French,1,0.0,1928
3629,oPtion,French,1,0.0,1929
3630,oPtion,French,1,0.0,1930
3631,oPtion,French,1,0.0,1931
3632,oPtion,French,1,0.0,1932
3633,oPtion,French,1,0.0,1933
3634,oPtion,French,1,0.0,1934
3635,oPtion,French,1,0.0,1935
3636,oPtion,French,1,0.0,1936
3637,oPtion,French,1,0.0,1937
3638,oPtion,French,1,0.0,1938
3639,oPtion,French,1,0.0,1939
3640,oPtion,French,1,0.0,1940
3641,oPtion,French,1,0.0,1941
3642,oPtion,French,1,0.0,1942
3643,oPtion,French,1,0.0,1943
3644,oPtion,French,1,0.0,1944
3645,oPtion,French,1,0.0,1945
3646,oPtion,French,1,0.0,1946
3647,oPtion,French,1,0.0,1947
3648,oPtion,French,1,0.0,1948
3649,oPtion,French,1,0.0,1949
3650,oPtion,French,1,0.0,1950
3651,oPtion,French,1,0.0,1951
3652,oPtion,French,1,0.0,1952
3653,oPtion,French,1,0.0,1953
3654,oPtion,French,1,0.0,1954
3655,oPtion,French,1,0.0,1955
3656,oPtion,French,1,0.0,1956
3657,oPtion,French,1,0.0,1957
3658,oPtion,French,1,0.0,1958
3659,oPtion,French,1,0.0,1959
3660,oPtion,French,1,0.0,1960
3661,oPtion,French,1,0.0,1961
3662,oPtion,French,1,0.0,1962
3663,oPtion,French,1,0.0,1963
3664,oPtion,French,1,0.0,1964
3665,oPtion,French,1,0.0,1965
3666,oPtion,French,1,0.0,1966
3667,oPtion,French,1,0.0,1967
3668,oPtion,French,1,0.0,1968
3669,oPtion,French,1,0.0,1969
3670,oPtion,French,1,0.0,1970
3671,oPtion,French,1,0.0,1971
3672,oPtion,French,1,0.0,1972
3673,oPtion,French,1,0.0,1973
3674,oPtion,French,1,0.0,1974
3675,oPtion,French,1,0.0,1975
3676,oPtion,French,1,0.0,1976
3677,oPtion,French,1,0.0,1977
3678,oPtion,French,1,0.0,1978
3679,oPtion,French,1,0.0,1979
3680,oPtion,French,1,0.0,1980
3681,oPtion,French,1,0.0,1981
3682,oPtion,French,1,0.0,1982
3683,oPtion,French,1,0.0,1983
3684,oPtion,French,1,0.0,1984
3685,oPtion,French,1,0.0,1985
3686,oPtion,French,1,0.0,1986
3687,oPtion,French,1,0.0,1987
3688,oPtion,French,1,0.0,1988
3689,oPtion,French,1,0.0,1989
3690,oPtion,French,1,0.0,1990
3691,oPtion,French,1,6.766997180861014e-12,1991
3692,oPtion,French,1,6.766997180861014e-12,1992
3693,oPtion,French,1,6.766997180861014e-12,1993
3694,oPtion,French,1,6.766997180861014e-12,1994
3695,oPtion,French,1,6.766997180861014e-12,1995
3696,oPtion,French,1,6.766997180861014e-12,1996
3697,oPtion,French,1,6.766997180861014e-12,1997
3698,oPtion,French,1,0.0,1998
3699,oPtion,French,1,0.0,1999
3700,oPtion,French,1,0.0,2000
3701,oPtion,French,1,0.0,2001
3702,oPtion,French,1,0.0,2002
3703,oPtion,French,1,2.117454624338068e-11,2003
3704,oPtion,French,1,3.5253488620387177e-11,2004
3705,oPtion,French,1,6.415485404825156e-11,2005
3706,oPtion,French,1,8.791235398383383e-11,2006
3707,oPtion,French,1,1.4334231222625148e-10,2007
3708,oPtion,French,1,1.9077799062738876e-10,2008
3709,oPtion,French,1,2.3268764494575678e-10,2009
3710,oPtion,French,1,2.4635913745526695e-10,2010
3711,oPtion,French,1,3.442019843749985e-10,2011
3712,oPtion,French,1,3.529038093498725e-10,2012
3713,oPtion,French,1,3.5107048815660336e-10,2013
3714,oPtion,French,1,3.610107510551178e-10,2014
3715,oPtion,French,1,3.214168663366403e-10,2015
3716,oPtion,French,1,2.9536224557416956e-10,2016
3717,oPtion,French,1,3.039355746248251e-10,2017
3718,oPtion,French,1,2.080321845343569e-10,2018
3719,oPtion,French,1,1.94234647463154e-10,2019
3720,option,French,1,1.0709447451517917e-05,1900
3721,option,French,1,1.0885143819905351e-05,1901
3722,option,French,1,1.111103817189966e-05,1902
3723,option,French,1,1.1291113358830834e-05,1903
3724,option,French,1,1.1679750709195755e-05,1904
3725,option,French,1,1.2243195929581166e-05,1905
3726,option,French,1,1.2766831917230905e-05,1906
3727,option,French,1,1.330239177020433e-05,1907
3728,option,French,1,1.3562078623051224e-05,1908
3729,option,French,1,1.3835086584939355e-05,1909
3730,option,French,1,1.4077071682550013e-05,1910
3731,option,French,1,1.4065866447968542e-05,1911
3732,option,French,1,1.3959461804396206e-05,1912
3733,option,French,1,1.3845486526926315e-05,1913
3734,option,French,1,1.3810054172479016e-05,1914
3735,option,French,1,1.3924802260589786e-05,1915
3736,option,French,1,1.3900537591585557e-05,1916
3737,option,French,1,1.40099950190883e-05,1917
3738,option,French,1,1.4047991109172081e-05,1918
3739,option,French,1,1.4039155887855617e-05,1919
3740,option,French,1,1.375362184522341e-05,1920
3741,option,French,1,1.3535758496020986e-05,1921
3742,option,French,1,1.3294946386719988e-05,1922
3743,option,French,1,1.3102148321714984e-05,1923
3744,option,French,1,1.2800805961887818e-05,1924
3745,option,French,1,1.2625914158499135e-05,1925
3746,option,French,1,1.2528351752345251e-05,1926
3747,option,French,1,1.2734266420011409e-05,1927
3748,option,French,1,1.279115375447353e-05,1928
3749,option,French,1,1.2886736840300728e-05,1929
3750,option,French,1,1.3215478247730061e-05,1930
3751,option,French,1,1.3386096595370742e-05,1931
3752,option,French,1,1.3533389522178498e-05,1932
3753,option,French,1,1.4248595497130217e-05,1933
3754,option,French,1,1.4360096949011287e-05,1934
3755,option,French,1,1.4332175851450302e-05,1935
3756,option,French,1,1.4477585084802871e-05,1936
3757,option,French,1,1.4377662409970071e-05,1937
3758,option,French,1,1.449840536744367e-05,1938
3759,option,French,1,1.4431613245895797e-05,1939
3760,option,French,1,1.3569270127585956e-05,1940
3761,option,French,1,1.319398584850465e-05,1941
3762,option,French,1,1.3058592490519264e-05,1942
3763,option,French,1,1.276021287464703e-05,1943
3764,option,French,1,1.2333038544706401e-05,1944
3765,option,French,1,1.1882048836144219e-05,1945
3766,option,French,1,1.1642043318715878e-05,1946
3767,option,French,1,1.1357903401533673e-05,1947
3768,option,French,1,1.1512001427555723e-05,1948
3769,option,French,1,1.1388663161986707e-05,1949
3770,option,French,1,1.1337968057237699e-05,1950
3771,option,French,1,1.1430430147031854e-05,1951
3772,option,French,1,1.1575658261010955e-05,1952
3773,option,French,1,1.1736984041427994e-05,1953
3774,option,French,1,1.2344375266236187e-05,1954
3775,option,French,1,1.2480036535375153e-05,1955
3776,option,French,1,1.2729225740518554e-05,1956
3777,option,French,1,1.284856885571831e-05,1957
3778,option,French,1,1.301993337879789e-05,1958
3779,option,French,1,1.3098811515581993e-05,1959
3780,option,French,1,1.319779520209912e-05,1960
3781,option,French,1,1.2922522078692314e-05,1961
3782,option,French,1,1.2729988806573342e-05,1962
3783,option,French,1,1.29446389109944e-05,1963
3784,option,French,1,1.3017512823613028e-05,1964
3785,option,French,1,1.3010743844331176e-05,1965
3786,option,French,1,1.3146315203422481e-05,1966
3787,option,French,1,1.3295002385608054e-05,1967
3788,option,French,1,1.3821464952863088e-05,1968
3789,option,French,1,1.4400129397732339e-05,1969
3790,option,French,1,1.49129533123674e-05,1970
3791,option,French,1,1.59226716017916e-05,1971
3792,option,French,1,1.6867084013938438e-05,1972
3793,option,French,1,1.7771127724180197e-05,1973
3794,option,French,1,1.904639923720554e-05,1974
3795,option,French,1,2.000149158577967e-05,1975
3796,option,French,1,2.1161164373292456e-05,1976
3797,option,French,1,2.2112197257229127e-05,1977
3798,option,French,1,2.2991259486713845e-05,1978
3799,option,French,1,2.3849013294758542e-05,1979
3800,option,French,1,2.4742893791491432e-05,1980
3801,option,French,1,2.552282941386303e-05,1981
3802,option,French,1,2.6479947596921454e-05,1982
3803,option,French,1,2.754433210481823e-05,1983
3804,option,French,1,2.863438281305467e-05,1984
3805,option,French,1,2.9433305826387368e-05,1985
3806,option,French,1,3.041001348589946e-05,1986
3807,option,French,1,3.161415588692762e-05,1987
3808,option,French,1,3.2635017435365755e-05,1988
3809,option,French,1,3.341702280782296e-05,1989
3810,option,French,1,3.3857136648813526e-05,1990
3811,option,French,1,3.474078143231704e-05,1991
3812,option,French,1,3.577179346133822e-05,1992
3813,option,French,1,3.659857299810808e-05,1993
3814,option,French,1,3.75655794674198e-05,1994
3815,option,French,1,3.8502004047456596e-05,1995
3816,option,French,1,3.978373881961618e-05,1996
3817,option,French,1,4.107030898532165e-05,1997
3818,option,French,1,4.2047963298890476e-05,1998
3819,option,French,1,4.3324248378797036e-05,1999
3820,option,French,1,4.475400211439202e-05,2000
3821,option,French,1,4.6128842638738987e-05,2001
3822,option,French,1,4.6818831054094646e-05,2002
3823,option,French,1,4.782902033184655e-05,2003
3824,option,French,1,4.92044621621192e-05,2004
3825,option,French,1,5.0230104534421116e-05,2005
3826,option,French,1,5.1594590331660584e-05,2006
3827,option,French,1,5.266499335578244e-05,2007
3828,option,French,1,5.356752288727356e-05,2008
3829,option,French,1,5.3866126628625875e-05,2009
3830,option,French,1,5.313004969918568e-05,2010
3831,option,French,1,5.208775162048239e-05,2011
3832,option,French,1,5.153126195572051e-05,2012
3833,option,French,1,4.981572991320198e-05,2013
3834,option,French,1,4.82378678238352e-05,2014
3835,option,French,1,4.626079264978346e-05,2015
3836,option,French,1,4.5480898344456886e-05,2016
3837,option,French,1,4.535842951251349e-05,2017
3838,option,French,1,4.5260366459842774e-05,2018
3839,option,French,1,4.450305459613446e-05,2019
3840,option (All),French,1,1.1802901390467468e-05,1900
3841,option (All),French,1,1.1984010507148924e-05,1901
3842,option (All),French,1,1.2251513278253393e-05,1902
3843,option (All),French,1,1.245740643136222e-05,1903
3844,option (All),French,1,1.2948650817390779e-05,1904
3845,option (All),French,1,1.3583109465295506e-05,1905
3846,option (All),French,1,1.4182947271641568e-05,1906
3847,option (All),French,1,1.4808450060254028e-05,1907
3848,option (All),French,1,1.5112294160686547e-05,1908
3849,option (All),French,1,1.539630066230444e-05,1909
3850,option (All),French,1,1.5641627771281158e-05,1910
3851,option (All),French,1,1.5594042361474175e-05,1911
3852,option (All),French,1,1.5452304579581917e-05,1912
3853,option (All),French,1,1.5327325082100623e-05,1913
3854,option (All),French,1,1.5297540121317148e-05,1914
3855,option (All),French,1,1.5421076481303025e-05,1915
3856,option (All),French,1,1.5414429192818494e-05,1916
3857,option (All),French,1,1.5562936652354606e-05,1917
3858,option (All),French,1,1.561877355901048e-05,1918
3859,option (All),French,1,1.5596755305377434e-05,1919
3860,option (All),French,1,1.5291918106592355e-05,1920
3861,option (All),French,1,1.5076773021860588e-05,1921
3862,option (All),French,1,1.4822075011368793e-05,1922
3863,option (All),French,1,1.4623293602815985e-05,1923
3864,option (All),French,1,1.4314694465968256e-05,1924
3865,option (All),French,1,1.4174451134100051e-05,1925
3866,option (All),French,1,1.4082603042554964e-05,1926
3867,option (All),French,1,1.4366253476997112e-05,1927
3868,option (All),French,1,1.4433388780829162e-05,1928
3869,option (All),French,1,1.4575685836999102e-05,1929
3870,option (All),French,1,1.4970064413271408e-05,1930
3871,option (All),French,1,1.516226666586113e-05,1931
3872,option (All),French,1,1.5314503252626477e-05,1932
3873,option (All),French,1,1.6099349772845185e-05,1933
3874,option (All),French,1,1.619174689061158e-05,1934
3875,option (All),French,1,1.6185687440741147e-05,1935
3876,option (All),French,1,1.637965918832981e-05,1936
3877,option (All),French,1,1.6274697847770293e-05,1937
3878,option (All),French,1,1.6482684104812684e-05,1938
3879,option (All),French,1,1.637499056107914e-05,1939
3880,option (All),French,1,1.5435399774356628e-05,1940
3881,option (All),French,1,1.5065112763749348e-05,1941
3882,option (All),French,1,1.4858294807464682e-05,1942
3883,option (All),French,1,1.4495427763038567e-05,1943
3884,option (All),French,1,1.397487064460396e-05,1944
3885,option (All),French,1,1.3486636437762662e-05,1945
3886,option (All),French,1,1.3314594241081326e-05,1946
3887,option (All),French,1,1.3081971295018725e-05,1947
3888,option (All),French,1,1.3253973068253727e-05,1948
3889,option (All),French,1,1.3196090829822869e-05,1949
3890,option (All),French,1,1.3238602508170082e-05,1950
3891,option (All),French,1,1.3458934664461818e-05,1951
3892,option (All),French,1,1.3576114657383055e-05,1952
3893,option (All),French,1,1.3727139657662504e-05,1953
3894,option (All),French,1,1.4365276858368885e-05,1954
3895,option (All),French,1,1.450388284803876e-05,1955
3896,option (All),French,1,1.4859261548474352e-05,1956
3897,option (All),French,1,1.4919065200585152e-05,1957
3898,option (All),French,1,1.5041916730415153e-05,1958
3899,option (All),French,1,1.509110911599284e-05,1959
3900,option (All),French,1,1.5159536525293145e-05,1960
3901,option (All),French,1,1.4788077351962834e-05,1961
3902,option (All),French,1,1.4518193090230383e-05,1962
3903,option (All),French,1,1.4586795804596787e-05,1963
3904,option (All),French,1,1.4619630747689635e-05,1964
3905,option (All),French,1,1.456290262318424e-05,1965
3906,option (All),French,1,1.469767203141665e-05,1966
3907,option (All),French,1,1.4868783731210114e-05,1967
3908,option (All),French,1,1.551995507576505e-05,1968
3909,option (All),French,1,1.6278148094355757e-05,1969
3910,option (All),French,1,1.7201174682240325e-05,1970
3911,option (All),French,1,1.8617418325503738e-05,1971
3912,option (All),French,1,2.0025117979235413e-05,1972
3913,option (All),French,1,2.130001301126953e-05,1973
3914,option (All),French,1,2.3062600806051025e-05,1974
3915,option (All),French,1,2.4508282373058936e-05,1975
3916,option (All),French,1,2.607252527875006e-05,1976
3917,option (All),French,1,2.7391531416944794e-05,1977
3918,option (All),French,1,2.8883618708608534e-05,1978
3919,option (All),French,1,3.00912026654776e-05,1979
3920,option (All),French,1,3.14064498008986e-05,1980
3921,option (All),French,1,3.263503447948137e-05,1981
3922,option (All),French,1,3.419555576638357e-05,1982
3923,option (All),French,1,3.5683224766624106e-05,1983
3924,option (All),French,1,3.7101045027524565e-05,1984
3925,option (All),French,1,3.8336618841800646e-05,1985
3926,option (All),French,1,3.979641270868684e-05,1986
3927,option (All),French,1,4.160532855117795e-05,1987
3928,option (All),French,1,4.2926031898053814e-05,1988
3929,option (All),French,1,4.3383703099534466e-05,1989
3930,option (All),French,1,4.3789859286611535e-05,1990
3931,option (All),French,1,4.474778008900405e-05,1991
3932,option (All),French,1,4.5580984133985046e-05,1992
3933,option (All),French,1,4.6358802708278637e-05,1993
3934,option (All),French,1,4.720273413593424e-05,1994
3935,option (All),French,1,4.8187634596919784e-05,1995
3936,option (All),French,1,4.9875392803576184e-05,1996
3937,option (All),French,1,5.149112125005537e-05,1997
3938,option (All),French,1,5.211694888582642e-05,1998
3939,option (All),French,1,5.3000688633355174e-05,1999
3940,option (All),French,1,5.388970043268598e-05,2000
3941,option (All),French,1,5.484196111118807e-05,2001
3942,option (All),French,1,5.48605986060014e-05,2002
3943,option (All),French,1,5.521095768405109e-05,2003
3944,option (All),French,1,5.601022412345658e-05,2004
3945,option (All),French,1,5.683562508039729e-05,2005
3946,option (All),French,1,5.7960945336087446e-05,2006
3947,option (All),French,1,5.89859858830835e-05,2007
3948,option (All),French,1,5.9601054978980096e-05,2008
3949,option (All),French,1,5.966006463123645e-05,2009
3950,option (All),French,1,5.864854911970202e-05,2010
3951,option (All),French,1,5.720804413659573e-05,2011
3952,option (All),French,1,5.6325844736852815e-05,2012
3953,option (All),French,1,5.423106184809244e-05,2013
3954,option (All),French,1,5.229314467427543e-05,2014
3955,option (All),French,1,5.001955052210792e-05,2015
3956,option (All),French,1,4.9118666631020994e-05,2016
3957,option (All),French,1,4.892287085617233e-05,2017
3958,option (All),French,1,4.880440295307945e-05,2018
3959,option (All),French,1,4.801719173597348e-05,2019
3960,OPTION,German,1,2.78123827968102e-07,1900
3961,OPTION,German,1,2.903040467572282e-07,1901
3962,OPTION,German,1,3.1616279727586516e-07,1902
3963,OPTION,German,1,3.196506668246002e-07,1903
3964,OPTION,German,1,3.6696341762113403e-07,1904
3965,OPTION,German,1,4.121136255110157e-07,1905
3966,OPTION,German,1,4.355670983256589e-07,1906
3967,OPTION,German,1,4.475015040433001e-07,1907
3968,OPTION,German,1,4.5242475721352093e-07,1908
3969,OPTION,German,1,4.419336668044187e-07,1909
3970,OPTION,German,1,4.454105107600169e-07,1910
3971,OPTION,German,1,4.152873884777364e-07,1911
3972,OPTION,German,1,4.0671579069697016e-07,1912
3973,OPTION,German,1,3.956997959773746e-07,1913
3974,OPTION,German,1,3.9311947830356075e-07,1914
3975,OPTION,German,1,3.9350897346983924e-07,1915
3976,OPTION,German,1,4.000786313034561e-07,1916
3977,OPTION,German,1,3.99234246677744e-07,1917
3978,OPTION,German,1,3.9743133990149157e-07,1918
3979,OPTION,German,1,3.798306806856999e-07,1919
3980,OPTION,German,1,3.752347359815238e-07,1920
3981,OPTION,German,1,3.875576705273228e-07,1921
3982,OPTION,German,1,3.7959478861791597e-07,1922
3983,OPTION,German,1,3.765646649104123e-07,1923
3984,OPTION,German,1,3.771970398247504e-07,1924
3985,OPTION,German,1,4.0081467237281944e-07,1925
3986,OPTION,German,1,4.0046929988030957e-07,1926
3987,OPTION,German,1,4.0585278173109275e-07,1927
3988,OPTION,German,1,3.858199144295733e-07,1928
3989,OPTION,German,1,4.014011015637412e-07,1929
3990,OPTION,German,1,4.085945793771576e-07,1930
3991,OPTION,German,1,4.007523679255038e-07,1931
3992,OPTION,German,1,3.647890837653124e-07,1932
3993,OPTION,German,1,3.5534685594029725e-07,1933
3994,OPTION,German,1,3.511427248018403e-07,1934
3995,OPTION,German,1,3.5222245742261293e-07,1935
3996,OPTION,German,1,3.467099207097947e-07,1936
3997,OPTION,German,1,3.338396124620756e-07,1937
3998,OPTION,German,1,3.321092216473127e-07,1938
3999,OPTION,German,1,3.294946192714373e-07,1939
4000,OPTION,German,1,3.253371403388883e-07,1940
4001,OPTION,German,1,3.245980256646622e-07,1941
4002,OPTION,German,1,2.990089395130521e-07,1942
4003,OPTION,German,1,2.8608833702037373e-07,1943
4004,OPTION,German,1,2.698379120147365e-07,1944
4005,OPTION,German,1,2.7085845439549825e-07,1945
4006,OPTION,German,1,2.787735228691547e-07,1946
4007,OPTION,German,1,2.839615405036966e-07,1947
4008,OPTION,German,1,2.7774321966132577e-07,1948
4009,OPTION,German,1,2.9190793579151174e-07,1949
4010,OPTION,German,1,2.9411287170790145e-07,1950
4011,OPTION,German,1,3.084564192639456e-07,1951
4012,OPTION,German,1,3.0112603001595873e-07,1952
4013,OPTION,German,1,2.921786566340805e-07,1953
4014,OPTION,German,1,2.862723980407671e-07,1954
4015,OPTION,German,1,2.923427757650643e-07,1955
4016,OPTION,German,1,3.1419045853908756e-07,1956
4017,OPTION,German,1,3.10484389436689e-07,1957
4018,OPTION,German,1,3.0632632582897455e-07,1958
4019,OPTION,German,1,3.0671946709454847e-07,1959
4020,OPTION,German,1,3.085714622232315e-07,1960
4021,OPTION,German,1,3.095396761766876e-07,1961
4022,OPTION,German,1,3.0728321170110054e-07,1962
4023,OPTION,German,1,2.934051021189329e-07,1963
4024,OPTION,German,1,3.0098468479471716e-07,1964
4025,OPTION,German,1,3.028626127031332e-07,1965
4026,OPTION,German,1,3.207607375900677e-07,1966
4027,OPTION,German,1,3.3888574892314084e-07,1967
4028,OPTION,German,1,3.631592773802238e-07,1968
4029,OPTION,German,1,3.9135682072810596e-07,1969
4030,OPTION,German,1,4.3049354709572593e-07,1970
4031,OPTION,German,1,4.922005132357299e-07,1971
4032,OPTION,German,1,5.635623340692421e-07,1972
4033,OPTION,German,1,6.162891362951736e-07,1973
4034,OPTION,German,1,7.741680739010397e-07,1974
4035,OPTION,German,1,9.74931327034158e-07,1975
4036,OPTION,German,1,1.0965741239488125e-06,1976
4037,OPTION,German,1,1.34540409492599e-06,1977
4038,OPTION,German,1,1.8026017463463567e-06,1978
4039,OPTION,German,1,2.11005625162995e-06,1979
4040,OPTION,German,1,2.437174186655154e-06,1980
4041,OPTION,German,1,2.7519358809513506e-06,1981
4042,OPTION,German,1,3.1676063209878132e-06,1982
4043,OPTION,German,1,3.372271554066434e-06,1983
4044,OPTION,German,1,3.6441489165944015e-06,1984
4045,OPTION,German,1,3.950213048093636e-06,1985
4046,OPTION,German,1,4.286480296806465e-06,1986
4047,OPTION,German,1,4.6287346516952055e-06,1987
4048,OPTION,German,1,4.700932419966973e-06,1988
4049,OPTION,German,1,4.216124531402394e-06,1989
4050,OPTION,German,1,4.0696100346134955e-06,1990
4051,OPTION,German,1,3.7729922074244574e-06,1991
4052,OPTION,German,1,3.1696742520840156e-06,1992
4053,OPTION,German,1,2.724175682747695e-06,1993
4054,OPTION,German,1,2.2322297711850425e-06,1994
4055,OPTION,German,1,1.8959658681134378e-06,1995
4056,OPTION,German,1,1.922651806905508e-06,1996
4057,OPTION,German,1,1.9510881656970014e-06,1997
4058,OPTION,German,1,1.8088846088305997e-06,1998
4059,OPTION,German,1,1.6579854380844544e-06,1999
4060,OPTION,German,1,1.4388803931199488e-06,2000
4061,OPTION,German,1,1.2730171842382073e-06,2001
4062,OPTION,German,1,1.0873720839299494e-06,2002
4063,OPTION,German,1,9.496401633311637e-07,2003
4064,OPTION,German,1,7.538319550803863e-07,2004
4065,OPTION,German,1,6.604431064261007e-07,2005
4066,OPTION,German,1,6.180532393175651e-07,2006
4067,OPTION,German,1,5.867374365412356e-07,2007
4068,OPTION,German,1,5.206153121304981e-07,2008
4069,OPTION,German,1,4.893809213107099e-07,2009
4070,OPTION,German,1,4.5033961474213615e-07,2010
4071,OPTION,German,1,4.103516703578082e-07,2011
4072,OPTION,German,1,3.806402852595576e-07,2012
4073,OPTION,German,1,3.579050858856395e-07,2013
4074,OPTION,German,1,3.3653848520641206e-07,2014
4075,OPTION,German,1,3.2868633427694605e-07,2015
4076,OPTION,German,1,3.228715205036029e-07,2016
4077,OPTION,German,1,3.2377940802537825e-07,2017
4078,OPTION,German,1,3.2426453344669426e-07,2018
4079,OPTION,German,1,3.312993825943522e-07,2019
4080,OPTion,German,1,0.0,1900
4081,OPTion,German,1,0.0,1901
4082,OPTion,German,1,0.0,1902
4083,OPTion,German,1,0.0,1903
4084,OPTion,German,1,0.0,1904
4085,OPTion,German,1,0.0,1905
4086,OPTion,German,1,0.0,1906
4087,OPTion,German,1,0.0,1907
4088,OPTion,German,1,0.0,1908
4089,OPTion,German,1,0.0,1909
4090,OPTion,German,1,0.0,1910
4091,OPTion,German,1,0.0,1911
4092,OPTion,German,1,0.0,1912
4093,OPTion,German,1,0.0,1913
4094,OPTion,German,1,0.0,1914
4095,OPTion,German,1,0.0,1915
4096,OPTion,German,1,0.0,1916
4097,OPTion,German,1,0.0,1917
4098,OPTion,German,1,0.0,1918
4099,OPTion,German,1,0.0,1919
4100,OPTion,German,1,0.0,1920
4101,OPTion,German,1,0.0,1921
4102,OPTion,German,1,0.0,1922
4103,OPTion,German,1,0.0,1923
4104,OPTion,German,1,0.0,1924
4105,OPTion,German,1,0.0,1925
4106,OPTion,German,1,0.0,1926
4107,OPTion,German,1,0.0,1927
4108,OPTion,German,1,0.0,1928
4109,OPTion,German,1,0.0,1929
4110,OPTion,German,1,0.0,1930
4111,OPTion,German,1,0.0,1931
4112,OPTion,German,1,0.0,1932
4113,OPTion,German,1,0.0,1933
4114,OPTion,German,1,0.0,1934
4115,OPTion,German,1,0.0,1935
4116,OPTion,German,1,0.0,1936
4117,OPTion,German,1,0.0,1937
4118,OPTion,German,1,0.0,1938
4119,OPTion,German,1,0.0,1939
4120,OPTion,German,1,0.0,1940
4121,OPTion,German,1,0.0,1941
4122,OPTion,German,1,0.0,1942
4123,OPTion,German,1,0.0,1943
4124,OPTion,German,1,0.0,1944
4125,OPTion,German,1,0.0,1945
4126,OPTion,German,1,0.0,1946
4127,OPTion,German,1,0.0,1947
4128,OPTion,German,1,0.0,1948
4129,OPTion,German,1,0.0,1949
4130,OPTion,German,1,0.0,1950
4131,OPTion,German,1,0.0,1951
4132,OPTion,German,1,0.0,1952
4133,OPTion,German,1,0.0,1953
4134,OPTion,German,1,0.0,1954
4135,OPTion,German,1,0.0,1955
4136,OPTion,German,1,0.0,1956
4137,OPTion,German,1,0.0,1957
4138,OPTion,German,1,0.0,1958
4139,OPTion,German,1,0.0,1959
4140,OPTion,German,1,0.0,1960
4141,OPTion,German,1,0.0,1961
4142,OPTion,German,1,0.0,1962
4143,OPTion,German,1,0.0,1963
4144,OPTion,German,1,0.0,1964
4145,OPTion,German,1,0.0,1965
4146,OPTion,German,1,8.907629594252192e-12,1966
4147,OPTion,German,1,8.907629594252192e-12,1967
4148,OPTion,German,1,2.6081037131562924e-11,1968
4149,OPTion,German,1,1.2845996786145112e-10,1969
4150,OPTion,German,1,1.2845996786145112e-10,1970
4151,OPTion,German,1,1.2845996786145112e-10,1971
4152,OPTion,German,1,1.3689559010186614e-10,1972
4153,OPTion,German,1,1.2798796050761396e-10,1973
4154,OPTion,German,1,2.000275570179788e-10,1974
4155,OPTion,German,1,1.8285414948066807e-10,1975
4156,OPTion,German,1,8.047521875077988e-11,1976
4157,OPTion,German,1,9.654503188968481e-11,1977
4158,OPTion,German,1,1.1247303981022836e-10,1978
4159,OPTion,German,1,1.1189369817603862e-10,1979
4160,OPTion,German,1,1.1923910618803569e-10,1980
4161,OPTion,German,1,9.168352932012854e-11,1981
4162,OPTion,German,1,9.168352932012854e-11,1982
4163,OPTion,German,1,1.5208495920959741e-10,1983
4164,OPTion,German,1,1.6653773846075914e-10,1984
4165,OPTion,German,1,2.2512330838783282e-10,1985
4166,OPTion,German,1,2.3116139954585232e-10,1986
4167,OPTion,German,1,2.3764691801732493e-10,1987
4168,OPTion,German,1,2.0013345296475216e-10,1988
4169,OPTion,German,1,2.4719996238479046e-10,1989
4170,OPTion,German,1,1.932546612816642e-10,1990
4171,OPTion,German,1,1.6949906607245857e-10,1991
4172,OPTion,German,1,9.498548822484132e-11,1992
4173,OPTion,German,1,9.509728074452717e-11,1993
4174,OPTion,German,1,9.54129429234626e-11,1994
4175,OPTion,German,1,9.561132441326947e-11,1995
4176,OPTion,German,1,6.957156081391754e-11,1996
4177,OPTion,German,1,6.311543202757492e-11,1997
4178,OPTion,German,1,6.336242096481394e-11,1998
4179,OPTion,German,1,7.716284902703485e-11,1999
4180,OPTion,German,1,8.279233895680527e-11,2000
4181,OPTion,German,1,6.864575029440014e-11,2001
4182,OPTion,German,1,8.962939368869653e-11,2002
4183,OPTion,German,1,8.977719411139086e-11,2003
4184,OPTion,German,1,8.977719411139086e-11,2004
4185,OPTion,German,1,8.276320799329083e-11,2005
4186,OPTion,German,1,6.896277993106992e-11,2006
4187,OPTion,German,1,6.516425692699407e-11,2007
4188,OPTion,German,1,6.516425692699407e-11,2008
4189,OPTion,German,1,4.299877071464334e-11,2009
4190,OPTion,German,1,2.1824224471262658e-11,2010
4191,OPTion,German,1,2.1824224471262658e-11,2011
4192,OPTion,German,1,2.1824224471262658e-11,2012
4193,OPTion,German,1,9.490482160066728e-11,2013
4194,OPTion,German,1,8.633104846080184e-11,2014
4195,OPTion,German,1,9.417284214346161e-11,2015
4196,OPTion,German,1,8.818574888182416e-11,2016
4197,OPTion,German,1,1.0288337369546152e-10,2017
4198,OPTion,German,1,1.2346004843455384e-10,2018
4199,OPTion,German,1,1.5432506054319228e-10,2019
4200,OPtion,German,1,0.0,1900
4201,OPtion,German,1,0.0,1901
4202,OPtion,German,1,0.0,1902
4203,OPtion,German,1,0.0,1903
4204,OPtion,German,1,1.775484719563585e-11,1904
4205,OPtion,German,1,1.775484719563585e-11,1905
4206,OPtion,German,1,1.775484719563585e-11,1906
4207,OPtion,German,1,1.775484719563585e-11,1907
4208,OPtion,German,1,3.204774441854598e-11,1908
4209,OPtion,German,1,3.204774441854598e-11,1909
4210,OPtion,German,1,3.204774441854598e-11,1910
4211,OPtion,German,1,1.429289722291013e-11,1911
4212,OPtion,German,1,1.429289722291013e-11,1912
4213,OPtion,German,1,1.429289722291013e-11,1913
4214,OPtion,German,1,1.429289722291013e-11,1914
4215,OPtion,German,1,0.0,1915
4216,OPtion,German,1,0.0,1916
4217,OPtion,German,1,0.0,1917
4218,OPtion,German,1,0.0,1918
4219,OPtion,German,1,0.0,1919
4220,OPtion,German,1,0.0,1920
4221,OPtion,German,1,0.0,1921
4222,OPtion,German,1,0.0,1922
4223,OPtion,German,1,0.0,1923
4224,OPtion,German,1,0.0,1924
4225,OPtion,German,1,0.0,1925
4226,OPtion,German,1,0.0,1926
4227,OPtion,German,1,0.0,1927
4228,OPtion,German,1,0.0,1928
4229,OPtion,German,1,0.0,1929
4230,OPtion,German,1,0.0,1930
4231,OPtion,German,1,0.0,1931
4232,OPtion,German,1,0.0,1932
4233,OPtion,German,1,0.0,1933
4234,OPtion,German,1,0.0,1934
4235,OPtion,German,1,0.0,1935
4236,OPtion,German,1,1.6878407401880022e-11,1936
4237,OPtion,German,1,1.6878407401880022e-11,1937
4238,OPtion,German,1,1.6878407401880022e-11,1938
4239,OPtion,German,1,1.6878407401880022e-11,1939
4240,OPtion,German,1,3.630684245311702e-11,1940
4241,OPtion,German,1,5.645082615643052e-11,1941
4242,OPtion,German,1,5.645082615643052e-11,1942
4243,OPtion,German,1,3.95724187545505e-11,1943
4244,OPtion,German,1,5.452845912896314e-11,1944
4245,OPtion,German,1,5.452845912896314e-11,1945
4246,OPtion,German,1,5.452845912896314e-11,1946
4247,OPtion,German,1,4.748785491821244e-11,1947
4248,OPtion,German,1,2.7343871214898943e-11,1948
4249,OPtion,German,1,2.7343871214898943e-11,1949
4250,OPtion,German,1,5.237713834078355e-11,1950
4251,OPtion,German,1,5.034591691956334e-11,1951
4252,OPtion,German,1,7.505374595627247e-11,1952
4253,OPtion,German,1,8.692992258569582e-11,1953
4254,OPtion,German,1,7.45420917452095e-11,1954
4255,OPtion,German,1,7.45420917452095e-11,1955
4256,OPtion,German,1,7.45420917452095e-11,1956
4257,OPtion,German,1,4.95088246193249e-11,1957
4258,OPtion,German,1,4.6004111234739955e-11,1958
4259,OPtion,German,1,3.0556452209776606e-11,1959
4260,OPtion,German,1,1.8680275580353266e-11,1960
4261,OPtion,German,1,2.956825954715723e-11,1961
4262,OPtion,German,1,2.956825954715723e-11,1962
4263,OPtion,German,1,2.956825954715723e-11,1963
4264,OPtion,German,1,3.850815301552148e-11,1964
4265,OPtion,German,1,2.9088047446913988e-11,1965
4266,OPtion,German,1,1.9827877435168214e-11,1966
4267,OPtion,German,1,1.9827877435168214e-11,1967
4268,OPtion,German,1,5.187341132037052e-11,1968
4269,OPtion,German,1,5.187341132037052e-11,1969
4270,OPtion,German,1,6.043407936782787e-11,1970
4271,OPtion,German,1,6.013033721734879e-11,1971
4272,OPtion,German,1,6.856595945776383e-11,1972
4273,OPtion,German,1,6.856595945776383e-11,1973
4274,OPtion,German,1,6.856595945776383e-11,1974
4275,OPtion,German,1,2.5632441605757552e-11,1975
4276,OPtion,German,1,3.3444297926304194e-11,1976
4277,OPtion,German,1,3.291853644829931e-11,1977
4278,OPtion,German,1,4.8174396515594204e-11,1978
4279,OPtion,German,1,5.545133548762975e-11,1979
4280,OPtion,German,1,5.545133548762975e-11,1980
4281,OPtion,German,1,8.510734924344859e-11,1981
4282,OPtion,German,1,3.948471703366493e-10,1982
4283,OPtion,German,1,4.247862076970207e-10,1983
4284,OPtion,German,1,7.067159248681192e-10,1984
4285,OPtion,German,1,7.573374913305564e-10,1985
4286,OPtion,German,1,1.2001392042858073e-09,1986
4287,OPtion,German,1,1.373025782355367e-09,1987
4288,OPtion,German,1,1.4061047604041477e-09,1988
4289,OPtion,German,1,1.2980785533768723e-09,1989
4290,OPtion,German,1,1.2732399172686394e-09,1990
4291,OPtion,German,1,9.968092878898105e-10,1991
4292,OPtion,German,1,9.222957100421933e-10,1992
4293,OPtion,German,1,4.70784518016457e-10,1993
4294,OPtion,German,1,3.049712342781e-10,1994
4295,OPtion,German,1,2.6374305071257583e-10,1995
4296,OPtion,German,1,8.305618246733687e-11,1996
4297,OPtion,German,1,8.371707047832061e-11,1997
4298,OPtion,German,1,7.018307611659859e-11,1998
4299,OPtion,German,1,9.088371771429467e-11,1999
4300,OPtion,German,1,1.493328109978899e-10,2000
4301,OPtion,German,1,1.556770387204206e-10,2001
4302,OPtion,German,1,1.3417023048134524e-10,2002
4303,OPtion,German,1,1.131434846606589e-10,2003
4304,OPtion,German,1,1.1364928145399641e-10,2004
4305,OPtion,German,1,1.1364928145399641e-10,2005
4306,OPtion,German,1,1.167061397918826e-10,2006
4307,OPtion,German,1,5.125396436632203e-11,2007
4308,OPtion,German,1,4.5742388547566544e-11,2008
4309,OPtion,German,1,5.771657507084146e-11,2009
4310,OPtion,German,1,6.352424836153503e-11,2010
4311,OPtion,German,1,5.60289404158024e-11,2011
4312,OPtion,German,1,6.354957879373124e-11,2012
4313,OPtion,German,1,4.7100138273708274e-11,2013
4314,OPtion,German,1,4.7100138273708274e-11,2014
4315,OPtion,German,1,3.919419203873049e-11,2015
4316,OPtion,German,1,2.7220005515455573e-11,2016
4317,OPtion,German,1,2.498105426222234e-11,2017
4318,OPtion,German,1,2.0760176910883386e-11,2018
4319,OPtion,German,1,1.2789103977228766e-11,2019
4320,OptiON,German,1,0.0,1900
4321,OptiON,German,1,0.0,1901
4322,OptiON,German,1,0.0,1902
4323,OptiON,German,1,0.0,1903
4324,OptiON,German,1,0.0,1904
4325,OptiON,German,1,0.0,1905
4326,OptiON,German,1,0.0,1906
4327,OptiON,German,1,0.0,1907
4328,OptiON,German,1,0.0,1908
4329,OptiON,German,1,0.0,1909
4330,OptiON,German,1,0.0,1910
4331,OptiON,German,1,1.443619628600195e-11,1911
4332,OptiON,German,1,1.443619628600195e-11,1912
4333,OptiON,German,1,1.443619628600195e-11,1913
4334,OptiON,German,1,1.443619628600195e-11,1914
4335,OptiON,German,1,1.443619628600195e-11,1915
4336,OptiON,German,1,1.443619628600195e-11,1916
4337,OptiON,German,1,1.443619628600195e-11,1917
4338,OptiON,German,1,0.0,1918
4339,OptiON,German,1,0.0,1919
4340,OptiON,German,1,0.0,1920
4341,OptiON,German,1,0.0,1921
4342,OptiON,German,1,0.0,1922
4343,OptiON,German,1,0.0,1923
4344,OptiON,German,1,0.0,1924
4345,OptiON,German,1,0.0,1925
4346,OptiON,German,1,0.0,1926
4347,OptiON,German,1,0.0,1927
4348,OptiON,German,1,1.775777144378107e-11,1928
4349,OptiON,German,1,1.775777144378107e-11,1929
4350,OptiON,German,1,1.775777144378107e-11,1930
4351,OptiON,German,1,1.775777144378107e-11,1931
4352,OptiON,German,1,1.775777144378107e-11,1932
4353,OptiON,German,1,1.775777144378107e-11,1933
4354,OptiON,German,1,1.775777144378107e-11,1934
4355,OptiON,German,1,0.0,1935
4356,OptiON,German,1,0.0,1936
4357,OptiON,German,1,1.713411555494458e-11,1937
4358,OptiON,German,1,1.713411555494458e-11,1938
4359,OptiON,German,1,1.713411555494458e-11,1939
4360,OptiON,German,1,1.713411555494458e-11,1940
4361,OptiON,German,1,1.713411555494458e-11,1941
4362,OptiON,German,1,1.713411555494458e-11,1942
4363,OptiON,German,1,3.353841212686401e-11,1943
4364,OptiON,German,1,1.6404296571919427e-11,1944
4365,OptiON,German,1,1.6404296571919427e-11,1945
4366,OptiON,German,1,2.952846300807721e-11,1946
4367,OptiON,German,1,2.952846300807721e-11,1947
4368,OptiON,German,1,2.952846300807721e-11,1948
4369,OptiON,German,1,2.952846300807721e-11,1949
4370,OptiON,German,1,2.5640799999100087e-11,1950
4371,OptiON,German,1,3.856561895229252e-11,1951
4372,OptiON,German,1,3.856561895229252e-11,1952
4373,OptiON,German,1,2.5441452516134736e-11,1953
4374,OptiON,German,1,2.5441452516134736e-11,1954
4375,OptiON,German,1,2.5441452516134736e-11,1955
4376,OptiON,German,1,2.5441452516134736e-11,1956
4377,OptiON,German,1,2.3009753824521084e-11,1957
4378,OptiON,German,1,1.008493487132865e-11,1958
4379,OptiON,German,1,1.008493487132865e-11,1959
4380,OptiON,German,1,1.008493487132865e-11,1960
4381,OptiON,German,1,1.008493487132865e-11,1961
4382,OptiON,German,1,1.008493487132865e-11,1962
4383,OptiON,German,1,1.008493487132865e-11,1963
4384,OptiON,German,1,0.0,1964
4385,OptiON,German,1,0.0,1965
4386,OptiON,German,1,8.907629594252192e-12,1966
4387,OptiON,German,1,8.907629594252192e-12,1967
4388,OptiON,German,1,8.907629594252192e-12,1968
4389,OptiON,German,1,8.907629594252192e-12,1969
4390,OptiON,German,1,8.907629594252192e-12,1970
4391,OptiON,German,1,8.907629594252192e-12,1971
4392,OptiON,German,1,1.7343251834667228e-11,1972
4393,OptiON,German,1,8.435622240415037e-12,1973
4394,OptiON,German,1,8.435622240415037e-12,1974
4395,OptiON,German,1,8.435622240415037e-12,1975
4396,OptiON,German,1,8.435622240415037e-12,1976
4397,OptiON,German,1,1.64705288098675e-11,1977
4398,OptiON,German,1,3.239853673041106e-11,1978
4399,OptiON,German,1,3.1819195096221313e-11,1979
4400,OptiON,German,1,3.916460310821839e-11,1980
4401,OptiON,German,1,4.65786065471731e-11,1981
4402,OptiON,German,1,6.168786562914847e-11,1982
4403,OptiON,German,1,6.923804436533208e-11,1983
4404,OptiON,German,1,6.120313779587962e-11,1984
4405,OptiON,German,1,4.527512987533606e-11,1985
4406,OptiON,German,1,3.7418849269110765e-11,1986
4407,OptiON,German,1,3.007344125711369e-11,1987
4408,OptiON,German,1,2.265943781815898e-11,1988
4409,OptiON,German,1,7.55017873618361e-12,1989
4410,OptiON,German,1,1.2912257572685247e-11,1990
4411,OptiON,German,1,1.2912257572685247e-11,1991
4412,OptiON,German,1,1.2912257572685247e-11,1992
4413,OptiON,German,1,3.3921503502945935e-11,1993
4414,OptiON,German,1,4.09947978341485e-11,1994
4415,OptiON,German,1,5.533266999353208e-11,1995
4416,OptiON,German,1,5.533266999353208e-11,1996
4417,OptiON,German,1,4.920698521268133e-11,1997
4418,OptiON,German,1,7.726292968508147e-11,1998
4419,OptiON,German,1,8.416314371619192e-11,1999
4420,OptiON,German,1,6.315389778593123e-11,2000
4421,OptiON,German,1,5.608060345472867e-11,2001
4422,OptiON,German,1,4.1742731295345086e-11,2002
4423,OptiON,German,1,4.8800913211260215e-11,2003
4424,OptiON,German,1,4.2014340419425726e-11,2004
4425,OptiON,German,1,1.3958395947025589e-11,2005
4426,OptiON,German,1,1.4977348230685703e-11,2006
4427,OptiON,German,1,1.4977348230685703e-11,2007
4428,OptiON,German,1,1.4977348230685703e-11,2008
4429,OptiON,German,1,1.4977348230685703e-11,2009
4430,OptiON,German,1,7.919166314770569e-12,2010
4431,OptiON,German,1,7.919166314770569e-12,2011
4432,OptiON,German,1,7.919166314770569e-12,2012
4433,OptiON,German,1,0.0,2013
4434,OptiON,German,1,0.0,2014
4435,OptiON,German,1,0.0,2015
4436,OptiON,German,1,7.927516777948641e-12,2016
4437,OptiON,German,1,9.248769574273416e-12,2017
4438,OptiON,German,1,1.1098523489128098e-11,2018
4439,OptiON,German,1,1.3873154361410123e-11,2019
4440,Option,German,1,8.153301109814493e-07,1900
4441,Option,German,1,8.085626404863433e-07,1901
4442,Option,German,1,8.243123090778681e-07,1902
4443,Option,German,1,8.466424057067863e-07,1903
4444,Option,German,1,9.019189357266961e-07,1904
4445,Option,German,1,9.277821553561288e-07,1905
4446,Option,German,1,9.805305012378085e-07,1906
4447,Option,German,1,1.0585390311592034e-06,1907
4448,Option,German,1,1.0977587326773834e-06,1908
4449,Option,German,1,1.1192483628162466e-06,1909
4450,Option,German,1,1.1191135302267088e-06,1910
4451,Option,German,1,1.1128597959343876e-06,1911
4452,Option,German,1,1.0860982553952323e-06,1912
4453,Option,German,1,1.0861100301034249e-06,1913
4454,Option,German,1,1.09433774144106e-06,1914
4455,Option,German,1,1.102750811047112e-06,1915
4456,Option,German,1,1.1137830954664553e-06,1916
4457,Option,German,1,1.1536775121255362e-06,1917
4458,Option,German,1,1.1733356716701695e-06,1918
4459,Option,German,1,1.1777532985693791e-06,1919
4460,Option,German,1,1.1630460871206845e-06,1920
4461,Option,German,1,1.153441417045542e-06,1921
4462,Option,German,1,1.147518397764153e-06,1922
4463,Option,German,1,1.1445806161905888e-06,1923
4464,Option,German,1,1.1366914642556886e-06,1924
4465,Option,German,1,1.1477223032280953e-06,1925
4466,Option,German,1,1.1537819903294024e-06,1926
4467,Option,German,1,1.2261342752546106e-06,1927
4468,Option,German,1,1.2563973541546147e-06,1928
4469,Option,German,1,1.2875301373631892e-06,1929
4470,Option,German,1,1.3459738283927436e-06,1930
4471,Option,German,1,1.3753999447934412e-06,1931
4472,Option,German,1,1.4163068889112246e-06,1932
4473,Option,German,1,1.4953896620032277e-06,1933
4474,Option,German,1,1.4804894590270123e-06,1934
4475,Option,German,1,1.5012891318682314e-06,1935
4476,Option,German,1,1.555347304409744e-06,1936
4477,Option,German,1,1.5631618128151916e-06,1937
4478,Option,German,1,1.6521355031987435e-06,1938
4479,Option,German,1,1.6138486833889537e-06,1939
4480,Option,German,1,1.5407390654737746e-06,1940
4481,Option,German,1,1.5464553046383247e-06,1941
4482,Option,German,1,1.500619792490657e-06,1942
4483,Option,German,1,1.4490534405402805e-06,1943
4484,Option,German,1,1.3719232551271228e-06,1944
4485,Option,German,1,1.333658214467245e-06,1945
4486,Option,German,1,1.393693342574157e-06,1946
4487,Option,German,1,1.4400293366634287e-06,1947
4488,Option,German,1,1.4641715487024548e-06,1948
4489,Option,German,1,1.515462859710429e-06,1949
4490,Option,German,1,1.6064435612861416e-06,1950
4491,Option,German,1,1.719959186630149e-06,1951
4492,Option,German,1,1.699216746991234e-06,1952
4493,Option,German,1,1.6978645882253268e-06,1953
4494,Option,German,1,1.734529210547667e-06,1954
4495,Option,German,1,1.7314035533542795e-06,1955
4496,Option,German,1,1.815745365872447e-06,1956
4497,Option,German,1,1.7599394368517096e-06,1957
4498,Option,German,1,1.7156009367421835e-06,1958
4499,Option,German,1,1.6855374919292184e-06,1959
4500,Option,German,1,1.6531410957603448e-06,1960
4501,Option,German,1,1.5559759438994142e-06,1961
4502,Option,German,1,1.4808814187615229e-06,1962
4503,Option,German,1,1.348712138289037e-06,1963
4504,Option,German,1,1.3010947311288743e-06,1964
4505,Option,German,1,1.2492670781024832e-06,1965
4506,Option,German,1,1.2305584472674776e-06,1966
4507,Option,German,1,1.2348579535422947e-06,1967
4508,Option,German,1,1.3352439834436934e-06,1968
4509,Option,German,1,1.4864726348865328e-06,1969
4510,Option,German,1,1.8575300211003715e-06,1970
4511,Option,German,1,2.2023487125417366e-06,1971
4512,Option,German,1,2.5942488264263375e-06,1972
4513,Option,German,1,2.9123911612519545e-06,1973
4514,Option,German,1,3.2417564658057278e-06,1974
4515,Option,German,1,3.5316425380317795e-06,1975
4516,Option,German,1,3.814664426369875e-06,1976
4517,Option,German,1,3.933784130692532e-06,1977
4518,Option,German,1,4.089564429575278e-06,1978
4519,Option,German,1,4.1319339548603495e-06,1979
4520,Option,German,1,4.226167967707235e-06,1980
4521,Option,German,1,4.3600458151818855e-06,1981
4522,Option,German,1,4.547453629909017e-06,1982
4523,Option,German,1,4.765974998528171e-06,1983
4524,Option,German,1,4.82157884107437e-06,1984
4525,Option,German,1,4.952072231390048e-06,1985
4526,Option,German,1,5.098450206527819e-06,1986
4527,Option,German,1,5.360797266413491e-06,1987
4528,Option,German,1,5.588453145069902e-06,1988
4529,Option,German,1,5.749002931614606e-06,1989
4530,Option,German,1,5.861633196348391e-06,1990
4531,Option,German,1,6.2328204616538386e-06,1991
4532,Option,German,1,6.63847946010979e-06,1992
4533,Option,German,1,7.0354474571234145e-06,1993
4534,Option,German,1,7.404476751357184e-06,1994
4535,Option,German,1,7.789243227307452e-06,1995
4536,Option,German,1,8.168787449644047e-06,1996
4537,Option,German,1,8.46952129255182e-06,1997
4538,Option,German,1,8.259890169678588e-06,1998
4539,Option,German,1,8.018202606763225e-06,1999
4540,Option,German,1,7.696522646126272e-06,2000
4541,Option,German,1,7.439820884818411e-06,2001
4542,Option,German,1,6.954129925621341e-06,2002
4543,Option,German,1,6.43202429273515e-06,2003
4544,Option,German,1,6.0516493119523925e-06,2004
4545,Option,German,1,5.944802913810625e-06,2005
4546,Option,German,1,5.748013206487355e-06,2006
4547,Option,German,1,5.733980352878072e-06,2007
4548,Option,German,1,5.512600117591708e-06,2008
4549,Option,German,1,5.304208700960901e-06,2009
4550,Option,German,1,5.067820178997603e-06,2010
4551,Option,German,1,4.709510871439956e-06,2011
4552,Option,German,1,4.413496299093822e-06,2012
4553,Option,German,1,4.056933773556791e-06,2013
4554,Option,German,1,3.718243923296021e-06,2014
4555,Option,German,1,3.4296167541469913e-06,2015
4556,Option,German,1,3.314478070543763e-06,2016
4557,Option,German,1,3.240220886861304e-06,2017
4558,Option,German,1,3.219408608856611e-06,2018
4559,Option,German,1,3.1824625352783187e-06,2019
4560,Option (All),German,1,1.1802901390467468e-05,1900
4561,Option (All),German,1,1.1984010507148924e-05,1901
4562,Option (All),German,1,1.2251513278253393e-05,1902
4563,Option (All),German,1,1.245740643136222e-05,1903
4564,Option (All),German,1,1.2948650817390779e-05,1904
4565,Option (All),German,1,1.3583109465295506e-05,1905
4566,Option (All),German,1,1.4182947271641568e-05,1906
4567,Option (All),German,1,1.4808450060254028e-05,1907
4568,Option (All),German,1,1.5112294160686547e-05,1908
4569,Option (All),German,1,1.539630066230444e-05,1909
4570,Option (All),German,1,1.5641627771281158e-05,1910
4571,Option (All),German,1,1.5594042361474175e-05,1911
4572,Option (All),German,1,1.5452304579581917e-05,1912
4573,Option (All),German,1,1.5327325082100623e-05,1913
4574,Option (All),German,1,1.5297540121317148e-05,1914
4575,Option (All),German,1,1.5421076481303025e-05,1915
4576,Option (All),German,1,1.5414429192818494e-05,1916
4577,Option (All),German,1,1.5562936652354606e-05,1917
4578,Option (All),German,1,1.561877355901048e-05,1918
4579,Option (All),German,1,1.5596755305377434e-05,1919
4580,Option (All),German,1,1.5291918106592355e-05,1920
4581,Option (All),German,1,1.5076773021860588e-05,1921
4582,Option (All),German,1,1.4822075011368793e-05,1922
4583,Option (All),German,1,1.4623293602815985e-05,1923
4584,Option (All),German,1,1.4314694465968256e-05,1924
4585,Option (All),German,1,1.4174451134100051e-05,1925
4586,Option (All),German,1,1.4082603042554964e-05,1926
4587,Option (All),German,1,1.4366253476997112e-05,1927
4588,Option (All),German,1,1.4433388780829162e-05,1928
4589,Option (All),German,1,1.4575685836999102e-05,1929
4590,Option (All),German,1,1.4970064413271408e-05,1930
4591,Option (All),German,1,1.516226666586113e-05,1931
4592,Option (All),German,1,1.5314503252626477e-05,1932
4593,Option (All),German,1,1.6099349772845185e-05,1933
4594,Option (All),German,1,1.619174689061158e-05,1934
4595,Option (All),German,1,1.6185687440741147e-05,1935
4596,Option (All),German,1,1.637965918832981e-05,1936
4597,Option (All),German,1,1.6274697847770293e-05,1937
4598,Option (All),German,1,1.6482684104812684e-05,1938
4599,Option (All),German,1,1.637499056107914e-05,1939
4600,Option (All),German,1,1.5435399774356628e-05,1940
4601,Option (All),German,1,1.5065112763749348e-05,1941
4602,Option (All),German,1,1.4858294807464682e-05,1942
4603,Option (All),German,1,1.4495427763038567e-05,1943
4604,Option (All),German,1,1.397487064460396e-05,1944
4605,Option (All),German,1,1.3486636437762662e-05,1945
4606,Option (All),German,1,1.3314594241081326e-05,1946
4607,Option (All),German,1,1.3081971295018725e-05,1947
4608,Option (All),German,1,1.3253973068253727e-05,1948
4609,Option (All),German,1,1.3196090829822869e-05,1949
4610,Option (All),German,1,1.3238602508170082e-05,1950
4611,Option (All),German,1,1.3458934664461818e-05,1951
4612,Option (All),German,1,1.3576114657383055e-05,1952
4613,Option (All),German,1,1.3727139657662504e-05,1953
4614,Option (All),German,1,1.4365276858368885e-05,1954
4615,Option (All),German,1,1.450388284803876e-05,1955
4616,Option (All),German,1,1.4859261548474352e-05,1956
4617,Option (All),German,1,1.4919065200585152e-05,1957
4618,Option (All),German,1,1.5041916730415153e-05,1958
4619,Option (All),German,1,1.509110911599284e-05,1959
4620,Option (All),German,1,1.5159536525293145e-05,1960
4621,Option (All),German,1,1.4788077351962834e-05,1961
4622,Option (All),German,1,1.4518193090230383e-05,1962
4623,Option (All),German,1,1.4586795804596787e-05,1963
4624,Option (All),German,1,1.4619630747689635e-05,1964
4625,Option (All),German,1,1.456290262318424e-05,1965
4626,Option (All),German,1,1.469767203141665e-05,1966
4627,Option (All),German,1,1.4868783731210114e-05,1967
4628,Option (All),German,1,1.551995507576505e-05,1968
4629,Option (All),German,1,1.6278148094355757e-05,1969
4630,Option (All),German,1,1.7201174682240325e-05,1970
4631,Option (All),German,1,1.8617418325503738e-05,1971
4632,Option (All),German,1,2.0025117979235413e-05,1972
4633,Option (All),German,1,2.130001301126953e-05,1973
4634,Option (All),German,1,2.3062600806051025e-05,1974
4635,Option (All),German,1,2.4508282373058936e-05,1975
4636,Option (All),German,1,2.607252527875006e-05,1976
4637,Option (All),German,1,2.7391531416944794e-05,1977
4638,Option (All),German,1,2.8883618708608534e-05,1978
4639,Option (All),German,1,3.00912026654776e-05,1979
4640,Option (All),German,1,3.14064498008986e-05,1980
4641,Option (All),German,1,3.263503447948137e-05,1981
4642,Option (All),German,1,3.419555576638357e-05,1982
4643,Option (All),German,1,3.5683224766624106e-05,1983
4644,Option (All),German,1,3.7101045027524565e-05,1984
4645,Option (All),German,1,3.8336618841800646e-05,1985
4646,Option (All),German,1,3.979641270868684e-05,1986
4647,Option (All),German,1,4.160532855117795e-05,1987
4648,Option (All),German,1,4.2926031898053814e-05,1988
4649,Option (All),German,1,4.3383703099534466e-05,1989
4650,Option (All),German,1,4.3789859286611535e-05,1990
4651,Option (All),German,1,4.474778008900405e-05,1991
4652,Option (All),German,1,4.5580984133985046e-05,1992
4653,Option (All),German,1,4.6358802708278637e-05,1993
4654,Option (All),German,1,4.720273413593424e-05,1994
4655,Option (All),German,1,4.8187634596919784e-05,1995
4656,Option (All),German,1,4.9875392803576184e-05,1996
4657,Option (All),German,1,5.149112125005537e-05,1997
4658,Option (All),German,1,5.211694888582642e-05,1998
4659,Option (All),German,1,5.3000688633355174e-05,1999
4660,Option (All),German,1,5.388970043268598e-05,2000
4661,Option (All),German,1,5.484196111118807e-05,2001
4662,Option (All),German,1,5.48605986060014e-05,2002
4663,Option (All),German,1,5.521095768405109e-05,2003
4664,Option (All),German,1,5.601022412345658e-05,2004
4665,Option (All),German,1,5.683562508039729e-05,2005
4666,Option (All),German,1,5.7960945336087446e-05,2006
4667,Option (All),German,1,5.89859858830835e-05,2007
4668,Option (All),German,1,5.9601054978980096e-05,2008
4669,Option (All),German,1,5.966006463123645e-05,2009
4670,Option (All),German,1,5.864854911970202e-05,2010
4671,Option (All),German,1,5.720804413659573e-05,2011
4672,Option (All),German,1,5.6325844736852815e-05,2012
4673,Option (All),German,1,5.423106184809244e-05,2013
4674,Option (All),German,1,5.229314467427543e-05,2014
4675,Option (All),German,1,5.001955052210792e-05,2015
4676,Option (All),German,1,4.9118666631020994e-05,2016
4677,Option (All),German,1,4.892287085617233e-05,2017
4678,Option (All),German,1,4.880440295307945e-05,2018
4679,Option (All),German,1,4.801719173597348e-05,2019
4680,WAHL,German,0,9.662985966940596e-08,1900
4681,WAHL,German,0,9.258119035848721e-08,1901
4682,WAHL,German,0,8.898711575019054e-08,1902
4683,WAHL,German,0,8.198599132924755e-08,1903
4684,WAHL,German,0,8.258069428279669e-08,1904
4685,WAHL,German,0,8.126850151565382e-08,1905
4686,WAHL,German,0,8.078316225480973e-08,1906
4687,WAHL,German,0,6.316524141831386e-08,1907
4688,WAHL,German,0,5.9499381421801445e-08,1908
4689,WAHL,German,0,5.962570881479223e-08,1909
4690,WAHL,German,0,7.28884756995285e-08,1910
4691,WAHL,German,0,7.28944564392415e-08,1911
4692,WAHL,German,0,6.95605442453078e-08,1912
4693,WAHL,German,0,6.754119194088812e-08,1913
4694,WAHL,German,0,6.728383742224001e-08,1914
4695,WAHL,German,0,7.240706117223844e-08,1915
4696,WAHL,German,0,7.54432711858044e-08,1916
4697,WAHL,German,0,6.929447593506666e-08,1917
4698,WAHL,German,0,7.56020876378573e-08,1918
4699,WAHL,German,0,9.933550312471848e-08,1919
4700,WAHL,German,0,1.0513663996545932e-07,1920
4701,WAHL,German,0,1.1608585331097337e-07,1921
4702,WAHL,German,0,1.222785763437579e-07,1922
4703,WAHL,German,0,1.254706763883665e-07,1923
4704,WAHL,German,0,1.2734737708797184e-07,1924
4705,WAHL,German,0,1.470594516003335e-07,1925
4706,WAHL,German,0,1.3809876061746502e-07,1926
4707,WAHL,German,0,1.3487644017524352e-07,1927
4708,WAHL,German,0,1.286853331196523e-07,1928
4709,WAHL,German,0,1.1999288521532696e-07,1929
4710,WAHL,German,0,1.148752265375411e-07,1930
4711,WAHL,German,0,1.094482371399863e-07,1931
4712,WAHL,German,0,8.604232501089168e-08,1932
4713,WAHL,German,0,7.912931059601241e-08,1933
4714,WAHL,German,0,8.430743240036723e-08,1934
4715,WAHL,German,0,9.099139828906897e-08,1935
4716,WAHL,German,0,9.732467175029211e-08,1936
4717,WAHL,German,0,1.0847380695265332e-07,1937
4718,WAHL,German,0,1.1804813989816207e-07,1938
4719,WAHL,German,0,1.15163683034325e-07,1939
4720,WAHL,German,0,1.168738507877671e-07,1940
4721,WAHL,German,0,1.1209550773319929e-07,1941
4722,WAHL,German,0,1.0541728201474143e-07,1942
4723,WAHL,German,0,1.0133678632736779e-07,1943
4724,WAHL,German,0,9.255002402548079e-08,1944
4725,WAHL,German,0,8.690731791359343e-08,1945
4726,WAHL,German,0,9.207878751534995e-08,1946
4727,WAHL,German,0,8.852398179572316e-08,1947
4728,WAHL,German,0,8.956160663891361e-08,1948
4729,WAHL,German,0,8.882569245218162e-08,1949
4730,WAHL,German,0,8.714178940343637e-08,1950
4731,WAHL,German,0,8.477102905349706e-08,1951
4732,WAHL,German,0,8.179343983069235e-08,1952
4733,WAHL,German,0,8.215187412880759e-08,1953
4734,WAHL,German,0,8.385484306927538e-08,1954
4735,WAHL,German,0,8.708042490265403e-08,1955
4736,WAHL,German,0,9.129900137492899e-08,1956
4737,WAHL,German,0,9.694560024594726e-08,1957
4738,WAHL,German,0,1.0051204770076896e-07,1958
4739,WAHL,German,0,1.0611789694589138e-07,1959
4740,WAHL,German,0,1.1006989300962492e-07,1960
4741,WAHL,German,0,1.1407575734827852e-07,1961
4742,WAHL,German,0,1.1410847885632133e-07,1962
4743,WAHL,German,0,1.1819186746769056e-07,1963
4744,WAHL,German,0,1.1909219312298904e-07,1964
4745,WAHL,German,0,1.2181247350489294e-07,1965
4746,WAHL,German,0,1.242293166114905e-07,1966
4747,WAHL,German,0,1.2371329307013313e-07,1967
4748,WAHL,German,0,1.2214573225881914e-07,1968
4749,WAHL,German,0,1.2441604927257037e-07,1969
4750,WAHL,German,0,1.2540562417078555e-07,1970
4751,WAHL,German,0,1.279375285077679e-07,1971
4752,WAHL,German,0,1.2887750752302703e-07,1972
4753,WAHL,German,0,1.2623144840517853e-07,1973
4754,WAHL,German,0,1.2010698822807952e-07,1974
4755,WAHL,German,0,1.1810319985475612e-07,1975
4756,WAHL,German,0,1.1356118940446841e-07,1976
4757,WAHL,German,0,1.0600232716992e-07,1977
4758,WAHL,German,0,9.783333102372385e-08,1978
4759,WAHL,German,0,8.78904050491006e-08,1979
4760,WAHL,German,0,8.282539149766827e-08,1980
4761,WAHL,German,0,8.311231169955136e-08,1981
4762,WAHL,German,0,7.818507847494921e-08,1982
4763,WAHL,German,0,7.487396049197872e-08,1983
4764,WAHL,German,0,7.231271378519263e-08,1984
4765,WAHL,German,0,7.037507389538535e-08,1985
4766,WAHL,German,0,7.436133131477618e-08,1986
4767,WAHL,German,0,7.635840505924665e-08,1987
4768,WAHL,German,0,7.68820923115397e-08,1988
4769,WAHL,German,0,7.65008262452024e-08,1989
4770,WAHL,German,0,7.611998142920129e-08,1990
4771,WAHL,German,0,7.549497484303305e-08,1991
4772,WAHL,German,0,7.42328941173907e-08,1992
4773,WAHL,German,0,6.983864610430959e-08,1993
4774,WAHL,German,0,6.535032020289172e-08,1994
4775,WAHL,German,0,6.103056549022767e-08,1995
4776,WAHL,German,0,5.8626416737134994e-08,1996
4777,WAHL,German,0,5.507080455150312e-08,1997
4778,WAHL,German,0,5.096369599349211e-08,1998
4779,WAHL,German,0,4.8334882255371015e-08,1999
4780,WAHL,German,0,4.508579820594605e-08,2000
4781,WAHL,German,0,4.1054937227613664e-08,2001
4782,WAHL,German,0,3.9371960929608056e-08,2002
4783,WAHL,German,0,3.660737770059898e-08,2003
4784,WAHL,German,0,3.447355899157044e-08,2004
4785,WAHL,German,0,3.291645990697946e-08,2005
4786,WAHL,German,0,2.9383999614448645e-08,2006
4787,WAHL,German,0,2.6212641708005842e-08,2007
4788,WAHL,German,0,2.3261396618425223e-08,2008
4789,WAHL,German,0,2.0285677899372397e-08,2009
4790,WAHL,German,0,1.815575600971897e-08,2010
4791,WAHL,German,0,1.4719374544621847e-08,2011
4792,WAHL,German,0,1.1544534534684609e-08,2012
4793,WAHL,German,0,1.0346094267025104e-08,2013
4794,WAHL,German,0,9.235978077575574e-09,2014
4795,WAHL,German,0,9.415520553700065e-09,2015
4796,WAHL,German,0,7.751739884907595e-09,2016
4797,WAHL,German,0,6.18438552220842e-09,2017
4798,WAHL,German,0,6.259909479666703e-09,2018
4799,WAHL,German,0,6.666708518565656e-09,2019
4800,Wahl,German,0,4.204439036925578e-07,1900
4801,Wahl,German,0,4.2938542037518347e-07,1901
4802,Wahl,German,0,4.3135199234711763e-07,1902
4803,Wahl,German,0,4.3145923557728695e-07,1903
4804,Wahl,German,0,4.359997335866085e-07,1904
4805,Wahl,German,0,4.47226982812156e-07,1905
4806,Wahl,German,0,4.4959505934067625e-07,1906
4807,Wahl,German,0,4.593117921558587e-07,1907
4808,Wahl,German,0,4.7068640794480287e-07,1908
4809,Wahl,German,0,4.836363375813692e-07,1909
4810,Wahl,German,0,5.04261111343242e-07,1910
4811,Wahl,German,0,5.202108387233498e-07,1911
4812,Wahl,German,0,5.270996926550911e-07,1912
4813,Wahl,German,0,5.362115343489547e-07,1913
4814,Wahl,German,0,5.519465681962694e-07,1914
4815,Wahl,German,0,5.560649794590842e-07,1915
4816,Wahl,German,0,5.614019918149487e-07,1916
4817,Wahl,German,0,5.6683745697228e-07,1917
4818,Wahl,German,0,5.825928854262332e-07,1918
4819,Wahl,German,0,6.150877019146199e-07,1919
4820,Wahl,German,0,6.510923396620325e-07,1920
4821,Wahl,German,0,6.822236774236703e-07,1921
4822,Wahl,German,0,7.115745818607268e-07,1922
4823,Wahl,German,0,7.31199479884838e-07,1923
4824,Wahl,German,0,7.403587655322294e-07,1924
4825,Wahl,German,0,7.769583671038813e-07,1925
4826,Wahl,German,0,7.691303868081636e-07,1926
4827,Wahl,German,0,7.483169497390918e-07,1927
4828,Wahl,German,0,7.368082443852992e-07,1928
4829,Wahl,German,0,7.198148799553954e-07,1929
4830,Wahl,German,0,7.018371742820559e-07,1930
4831,Wahl,German,0,6.949538585234092e-07,1931
4832,Wahl,German,0,6.586088099019045e-07,1932
4833,Wahl,German,0,6.543570033760002e-07,1933
4834,Wahl,German,0,6.632312436392697e-07,1934
4835,Wahl,German,0,6.619248275845686e-07,1935
4836,Wahl,German,0,6.642529310088971e-07,1936
4837,Wahl,German,0,6.779287998272463e-07,1937
4838,Wahl,German,0,6.902996655558777e-07,1938
4839,Wahl,German,0,6.735428753147841e-07,1939
4840,Wahl,German,0,6.521986831233204e-07,1940
4841,Wahl,German,0,6.330200059372666e-07,1941
4842,Wahl,German,0,6.153569042258564e-07,1942
4843,Wahl,German,0,5.958610245215823e-07,1943
4844,Wahl,German,0,5.899629107781428e-07,1944
4845,Wahl,German,0,5.704138012723498e-07,1945
4846,Wahl,German,0,5.866295152502841e-07,1946
4847,Wahl,German,0,5.961144243623753e-07,1947
4848,Wahl,German,0,6.110762537251244e-07,1948
4849,Wahl,German,0,6.141345839491155e-07,1949
4850,Wahl,German,0,6.345937728318469e-07,1950
4851,Wahl,German,0,6.253852364222569e-07,1951
4852,Wahl,German,0,6.248000902685038e-07,1952
4853,Wahl,German,0,6.081123241788841e-07,1953
4854,Wahl,German,0,5.977585796504822e-07,1954
4855,Wahl,German,0,5.896738376317703e-07,1955
4856,Wahl,German,0,5.818553177050489e-07,1956
4857,Wahl,German,0,5.674638389661726e-07,1957
4858,Wahl,German,0,5.608239186065995e-07,1958
4859,Wahl,German,0,5.545110996406168e-07,1959
4860,Wahl,German,0,5.528534968237051e-07,1960
4861,Wahl,German,0,5.575597502424248e-07,1961
4862,Wahl,German,0,5.468378471310384e-07,1962
4863,Wahl,German,0,5.373967236924468e-07,1963
4864,Wahl,German,0,5.190817578945175e-07,1964
4865,Wahl,German,0,5.026897927759169e-07,1965
4866,Wahl,German,0,4.865422909006156e-07,1966
4867,Wahl,German,0,4.705396788397463e-07,1967
4868,Wahl,German,0,4.519628029291718e-07,1968
4869,Wahl,German,0,4.381814530266378e-07,1969
4870,Wahl,German,0,4.288969819299382e-07,1970
4871,Wahl,German,0,4.2489610255610645e-07,1971
4872,Wahl,German,0,4.3352047539104076e-07,1972
4873,Wahl,German,0,4.4300688679348763e-07,1973
4874,Wahl,German,0,4.6030918302416725e-07,1974
4875,Wahl,German,0,4.6301594076274863e-07,1975
4876,Wahl,German,0,4.7149892371375503e-07,1976
4877,Wahl,German,0,4.849251281159792e-07,1977
4878,Wahl,German,0,4.977311911196531e-07,1978
4879,Wahl,German,0,5.279639765376487e-07,1979
4880,Wahl,German,0,5.285129783974948e-07,1980
4881,Wahl,German,0,5.281847644969925e-07,1981
4882,Wahl,German,0,5.363187856996124e-07,1982
4883,Wahl,German,0,5.436549404943694e-07,1983
4884,Wahl,German,0,5.441056844444705e-07,1984
4885,Wahl,German,0,5.490712900219868e-07,1985
4886,Wahl,German,0,5.450864364320296e-07,1986
4887,Wahl,German,0,5.624827151353072e-07,1987
4888,Wahl,German,0,5.680140588992799e-07,1988
4889,Wahl,German,0,5.702664225282206e-07,1989
4890,Wahl,German,0,5.725852361138095e-07,1990
4891,Wahl,German,0,5.788565106610934e-07,1991
4892,Wahl,German,0,5.826020696986234e-07,1992
4893,Wahl,German,0,5.677224359195472e-07,1993
4894,Wahl,German,0,5.620255966018053e-07,1994
4895,Wahl,German,0,5.664949834941321e-07,1995
4896,Wahl,German,0,5.759911476031578e-07,1996
4897,Wahl,German,0,5.760011358039005e-07,1997
4898,Wahl,German,0,5.674164721572847e-07,1998
4899,Wahl,German,0,5.522293601448577e-07,1999
4900,Wahl,German,0,5.393415319433968e-07,2000
4901,Wahl,German,0,5.218406004457523e-07,2001
4902,Wahl,German,0,4.95270723734263e-07,2002
4903,Wahl,German,0,4.75609945332118e-07,2003
4904,Wahl,German,0,4.5618126672967006e-07,2004
4905,Wahl,German,0,4.392151262371564e-07,2005
4906,Wahl,German,0,4.2525653449437026e-07,2006
4907,Wahl,German,0,4.09588291664217e-07,2007
4908,Wahl,German,0,3.913753110802125e-07,2008
4909,Wahl,German,0,3.951612857885526e-07,2009
4910,Wahl,German,0,3.833717901865644e-07,2010
4911,Wahl,German,0,3.7474307695057565e-07,2011
4912,Wahl,German,0,3.7465152656425615e-07,2012
4913,Wahl,German,0,3.8520180315312504e-07,2013
4914,Wahl,German,0,3.8884185674500517e-07,2014
4915,Wahl,German,0,3.9950311198871144e-07,2015
4916,Wahl,German,0,3.887042875508736e-07,2016
4917,Wahl,German,0,3.888828103981723e-07,2017
4918,Wahl,German,0,3.935309962344036e-07,2018
4919,Wahl,German,0,3.9552172381718265e-07,2019
4920,Wahl (All),German,0,5.207021472886098e-07,1900
4921,Wahl (All),German,0,5.252519336806926e-07,1901
4922,Wahl (All),German,0,5.233661058238563e-07,1902
4923,Wahl (All),German,0,5.16237357782247e-07,1903
4924,Wahl (All),German,0,5.21423840898245e-07,1904
4925,Wahl (All),German,0,5.310779058346045e-07,1905
4926,Wahl (All),German,0,5.32352712317203e-07,1906
4927,Wahl (All),German,0,5.245530007104625e-07,1907
4928,Wahl (All),German,0,5.324029535252224e-07,1908
4929,Wahl (All),German,0,5.456554952241812e-07,1909
4930,Wahl (All),German,0,5.794781604007149e-07,1910
4931,Wahl (All),German,0,5.953766221224375e-07,1911
4932,Wahl (All),German,0,5.99178745762176e-07,1912
4933,Wahl (All),German,0,6.063894786935618e-07,1913
4934,Wahl (All),German,0,6.217645065793269e-07,1914
4935,Wahl (All),German,0,6.307563575891351e-07,1915
4936,Wahl (All),German,0,6.389523973249212e-07,1916
4937,Wahl (All),German,0,6.383125283575859e-07,1917
4938,Wahl (All),German,0,6.599176226584903e-07,1918
4939,Wahl (All),German,0,7.15985648356922e-07,1919
4940,Wahl (All),German,0,7.578458863946988e-07,1920
4941,Wahl (All),German,0,7.999579093745775e-07,1921
4942,Wahl (All),German,0,8.357193501039108e-07,1922
4943,Wahl (All),German,0,8.586124903604235e-07,1923
4944,Wahl (All),German,0,8.697887116897769e-07,1924
4945,Wahl (All),German,0,9.262889900345834e-07,1925
4946,Wahl (All),German,0,9.10007301259595e-07,1926
4947,Wahl (All),German,0,8.858336291479268e-07,1927
4948,Wahl (All),German,0,8.681473655196876e-07,1928
4949,Wahl (All),German,0,8.423046298539865e-07,1929
4950,Wahl (All),German,0,8.189279574744024e-07,1930
4951,Wahl (All),German,0,8.066984086087446e-07,1931
4952,Wahl (All),German,0,7.469024855068428e-07,1932
4953,Wahl (All),German,0,7.356109286109954e-07,1933
4954,Wahl (All),German,0,7.497914891146136e-07,1934
4955,Wahl (All),German,0,7.550964308861945e-07,1935
4956,Wahl (All),German,0,7.637516271125871e-07,1936
4957,Wahl (All),German,0,7.886033211684002e-07,1937
4958,Wahl (All),German,0,8.103459840607436e-07,1938
4959,Wahl (All),German,0,7.904761044460631e-07,1939
4960,Wahl (All),German,0,7.703312590907301e-07,1940
4961,Wahl (All),German,0,7.46589674836619e-07,1941
4962,Wahl (All),German,0,7.221186101223433e-07,1942
4963,Wahl (All),German,0,6.98700114265538e-07,1943
4964,Wahl (All),German,0,6.847842400506796e-07,1944
4965,Wahl (All),German,0,6.59638507935093e-07,1945
4966,Wahl (All),German,0,6.812877897943714e-07,1946
4967,Wahl (All),German,0,6.875436306317896e-07,1947
4968,Wahl (All),German,0,7.033730585589585e-07,1948
4969,Wahl (All),German,0,7.062749288268474e-07,1949
4970,Wahl (All),German,0,7.248356320710414e-07,1950
4971,Wahl (All),German,0,7.128970153091885e-07,1951
4972,Wahl (All),German,0,7.096195200498709e-07,1952
4973,Wahl (All),German,0,6.934108828238196e-07,1953
4974,Wahl (All),German,0,6.847125141635452e-07,1954
4975,Wahl (All),German,0,6.797227838520721e-07,1955
4976,Wahl (All),German,0,6.755754743562445e-07,1956
4977,Wahl (All),German,0,6.668695769405732e-07,1957
4978,Wahl (All),German,0,6.635439682791044e-07,1958
4979,Wahl (All),German,0,6.625403571483954e-07,1959
4980,Wahl (All),German,0,6.645119516550985e-07,1960
4981,Wahl (All),German,0,6.730945114290826e-07,1961
4982,Wahl (All),German,0,6.623571549013719e-07,1962
4983,Wahl (All),German,0,6.572432258275133e-07,1963
4984,Wahl (All),German,0,6.397967449643462e-07,1964
4985,Wahl (All),German,0,6.262255349514284e-07,1965
4986,Wahl (All),German,0,6.12413744018246e-07,1966
4987,Wahl (All),German,0,5.960909226697199e-07,1967
4988,Wahl (All),German,0,5.759628685573861e-07,1968
4989,Wahl (All),German,0,5.644839911849482e-07,1969
4990,Wahl (All),German,0,5.559499985454051e-07,1970
4991,Wahl (All),German,0,5.54518433171225e-07,1971
4992,Wahl (All),German,0,5.638658908521268e-07,1972
4993,Wahl (All),German,0,5.706743175951497e-07,1973
4994,Wahl (All),German,0,5.816561746696535e-07,1974
4995,Wahl (All),German,0,5.823830034097049e-07,1975
4996,Wahl (All),German,0,5.862093617272e-07,1976
4997,Wahl (All),German,0,5.921234845377273e-07,1977
4998,Wahl (All),German,0,5.96616995795258e-07,1978
4999,Wahl (All),German,0,6.169621740357923e-07,1979
5000,Wahl (All),German,0,6.125349883542456e-07,1980
5001,Wahl (All),German,0,6.125788591818512e-07,1981
5002,Wahl (All),German,0,6.157047353270796e-07,1982
5003,Wahl (All),German,0,6.199140780982493e-07,1983
5004,Wahl (All),German,0,6.17823991470669e-07,1984
5005,Wahl (All),German,0,6.209819804402019e-07,1985
5006,Wahl (All),German,0,6.210685010721306e-07,1986
5007,Wahl (All),German,0,6.404619262077662e-07,1987
5008,Wahl (All),German,0,6.4648185519164e-07,1988
5009,Wahl (All),German,0,6.484758737609501e-07,1989
5010,Wahl (All),German,0,6.504130853267145e-07,1990
5011,Wahl (All),German,0,6.560681424001252e-07,1991
5012,Wahl (All),German,0,6.585076578786391e-07,1992
5013,Wahl (All),German,0,6.392217821885435e-07,1993
5014,Wahl (All),German,0,6.29027836643711e-07,1994
5015,Wahl (All),German,0,6.292764180531358e-07,1995
5016,Wahl (All),German,0,6.362335066884789e-07,1996
5017,Wahl (All),German,0,6.326837147360313e-07,1997
5018,Wahl (All),German,0,6.200424240709879e-07,1998
5019,Wahl (All),German,0,6.02532139959422e-07,1999
5020,Wahl (All),German,0,5.863534794528898e-07,2000
5021,Wahl (All),German,0,5.647496430663931e-07,2001
5022,Wahl (All),German,0,5.364561061086245e-07,2002
5023,Wahl (All),German,0,5.140671192536774e-07,2003
5024,Wahl (All),German,0,4.925162552714214e-07,2004
5025,Wahl (All),German,0,4.745361451722171e-07,2005
5026,Wahl (All),German,0,4.568430923398584e-07,2006
5027,Wahl (All),German,0,4.380922034189335e-07,2007
5028,Wahl (All),German,0,4.1706619624548575e-07,2008
5029,Wahl (All),German,0,4.178315762271012e-07,2009
5030,Wahl (All),German,0,4.040119714808301e-07,2010
5031,Wahl (All),German,0,3.9181398650952755e-07,2011
5032,Wahl (All),German,0,3.8800969144008643e-07,2012
5033,Wahl (All),German,0,3.973858207099009e-07,2013
5034,Wahl (All),German,0,3.997178500573081e-07,2014
5035,Wahl (All),German,0,4.1042296364654114e-07,2015
5036,Wahl (All),German,0,3.978478809095267e-07,2016
5037,Wahl (All),German,0,3.963522440438479e-07,2017
5038,Wahl (All),German,0,4.0106566789877007e-07,2018
5039,Wahl (All),German,0,4.032817626231644e-07,2019
5040,oPtion,German,1,0.0,1900
5041,oPtion,German,1,0.0,1901
5042,oPtion,German,1,0.0,1902
5043,oPtion,German,1,0.0,1903
5044,oPtion,German,1,0.0,1904
5045,oPtion,German,1,0.0,1905
5046,oPtion,German,1,0.0,1906
5047,oPtion,German,1,0.0,1907
5048,oPtion,German,1,0.0,1908
5049,oPtion,German,1,0.0,1909
5050,oPtion,German,1,0.0,1910
5051,oPtion,German,1,0.0,1911
5052,oPtion,German,1,0.0,1912
5053,oPtion,German,1,0.0,1913
5054,oPtion,German,1,0.0,1914
5055,oPtion,German,1,0.0,1915
5056,oPtion,German,1,1.5438266736429133e-11,1916
5057,oPtion,German,1,1.5438266736429133e-11,1917
5058,oPtion,German,1,1.5438266736429133e-11,1918
5059,oPtion,German,1,1.5438266736429133e-11,1919
5060,oPtion,German,1,1.5438266736429133e-11,1920
5061,oPtion,German,1,1.5438266736429133e-11,1921
5062,oPtion,German,1,1.5438266736429133e-11,1922
5063,oPtion,German,1,0.0,1923
5064,oPtion,German,1,0.0,1924
5065,oPtion,German,1,0.0,1925
5066,oPtion,German,1,0.0,1926
5067,oPtion,German,1,0.0,1927
5068,oPtion,German,1,0.0,1928
5069,oPtion,German,1,0.0,1929
5070,oPtion,German,1,0.0,1930
5071,oPtion,German,1,0.0,1931
5072,oPtion,German,1,0.0,1932
5073,oPtion,German,1,0.0,1933
5074,oPtion,German,1,0.0,1934
5075,oPtion,German,1,0.0,1935
5076,oPtion,German,1,0.0,1936
5077,oPtion,German,1,0.0,1937
5078,oPtion,German,1,0.0,1938
5079,oPtion,German,1,0.0,1939
5080,oPtion,German,1,0.0,1940
5081,oPtion,German,1,0.0,1941
5082,oPtion,German,1,0.0,1942
5083,oPtion,German,1,0.0,1943
5084,oPtion,German,1,0.0,1944
5085,oPtion,German,1,0.0,1945
5086,oPtion,German,1,0.0,1946
5087,oPtion,German,1,0.0,1947
5088,oPtion,German,1,0.0,1948
5089,oPtion,German,1,0.0,1949
5090,oPtion,German,1,0.0,1950
5091,oPtion,German,1,0.0,1951
5092,oPtion,German,1,0.0,1952
5093,oPtion,German,1,0.0,1953
5094,oPtion,German,1,0.0,1954
5095,oPtion,German,1,0.0,1955
5096,oPtion,German,1,0.0,1956
5097,oPtion,German,1,0.0,1957
5098,oPtion,German,1,0.0,1958
5099,oPtion,German,1,0.0,1959
5100,oPtion,German,1,0.0,1960
5101,oPtion,German,1,0.0,1961
5102,oPtion,German,1,0.0,1962
5103,oPtion,German,1,0.0,1963
5104,oPtion,German,1,0.0,1964
5105,oPtion,German,1,0.0,1965
5106,oPtion,German,1,0.0,1966
5107,oPtion,German,1,0.0,1967
5108,oPtion,German,1,0.0,1968
5109,oPtion,German,1,0.0,1969
5110,oPtion,German,1,0.0,1970
5111,oPtion,German,1,0.0,1971
5112,oPtion,German,1,0.0,1972
5113,oPtion,German,1,0.0,1973
5114,oPtion,German,1,0.0,1974
5115,oPtion,German,1,0.0,1975
5116,oPtion,German,1,0.0,1976
5117,oPtion,German,1,0.0,1977
5118,oPtion,German,1,0.0,1978
5119,oPtion,German,1,0.0,1979
5120,oPtion,German,1,0.0,1980
5121,oPtion,German,1,0.0,1981
5122,oPtion,German,1,0.0,1982
5123,oPtion,German,1,0.0,1983
5124,oPtion,German,1,0.0,1984
5125,oPtion,German,1,0.0,1985
5126,oPtion,German,1,0.0,1986
5127,oPtion,German,1,0.0,1987
5128,oPtion,German,1,0.0,1988
5129,oPtion,German,1,0.0,1989
5130,oPtion,German,1,0.0,1990
5131,oPtion,German,1,6.766997180861014e-12,1991
5132,oPtion,German,1,6.766997180861014e-12,1992
5133,oPtion,German,1,6.766997180861014e-12,1993
5134,oPtion,German,1,6.766997180861014e-12,1994
5135,oPtion,German,1,6.766997180861014e-12,1995
5136,oPtion,German,1,6.766997180861014e-12,1996
5137,oPtion,German,1,6.766997180861014e-12,1997
5138,oPtion,German,1,0.0,1998
5139,oPtion,German,1,0.0,1999
5140,oPtion,German,1,0.0,2000
5141,oPtion,German,1,0.0,2001
5142,oPtion,German,1,0.0,2002
5143,oPtion,German,1,2.117454624338068e-11,2003
5144,oPtion,German,1,3.5253488620387177e-11,2004
5145,oPtion,German,1,6.415485404825156e-11,2005
5146,oPtion,German,1,8.791235398383383e-11,2006
5147,oPtion,German,1,1.4334231222625148e-10,2007
5148,oPtion,German,1,1.9077799062738876e-10,2008
5149,oPtion,German,1,2.3268764494575678e-10,2009
5150,oPtion,German,1,2.4635913745526695e-10,2010
5151,oPtion,German,1,3.442019843749985e-10,2011
5152,oPtion,German,1,3.529038093498725e-10,2012
5153,oPtion,German,1,3.5107048815660336e-10,2013
5154,oPtion,German,1,3.610107510551178e-10,2014
5155,oPtion,German,1,3.214168663366403e-10,2015
5156,oPtion,German,1,2.9536224557416956e-10,2016
5157,oPtion,German,1,3.039355746248251e-10,2017
5158,oPtion,German,1,2.080321845343569e-10,2018
5159,oPtion,German,1,1.94234647463154e-10,2019
5160,option,German,1,1.0709447451517917e-05,1900
5161,option,German,1,1.0885143819905351e-05,1901
5162,option,German,1,1.111103817189966e-05,1902
5163,option,German,1,1.1291113358830834e-05,1903
5164,option,German,1,1.1679750709195755e-05,1904
5165,option,German,1,1.2243195929581166e-05,1905
5166,option,German,1,1.2766831917230905e-05,1906
5167,option,German,1,1.330239177020433e-05,1907
5168,option,German,1,1.3562078623051224e-05,1908
5169,option,German,1,1.3835086584939355e-05,1909
5170,option,German,1,1.4077071682550013e-05,1910
5171,option,German,1,1.4065866447968542e-05,1911
5172,option,German,1,1.3959461804396206e-05,1912
5173,option,German,1,1.3845486526926315e-05,1913
5174,option,German,1,1.3810054172479016e-05,1914
5175,option,German,1,1.3924802260589786e-05,1915
5176,option,German,1,1.3900537591585557e-05,1916
5177,option,German,1,1.40099950190883e-05,1917
5178,option,German,1,1.4047991109172081e-05,1918
5179,option,German,1,1.4039155887855617e-05,1919
5180,option,German,1,1.375362184522341e-05,1920
5181,option,German,1,1.3535758496020986e-05,1921
5182,option,German,1,1.3294946386719988e-05,1922
5183,option,German,1,1.3102148321714984e-05,1923
5184,option,German,1,1.2800805961887818e-05,1924
5185,option,German,1,1.2625914158499135e-05,1925
5186,option,German,1,1.2528351752345251e-05,1926
5187,option,German,1,1.2734266420011409e-05,1927
5188,option,German,1,1.279115375447353e-05,1928
5189,option,German,1,1.2886736840300728e-05,1929
5190,option,German,1,1.3215478247730061e-05,1930
5191,option,German,1,1.3386096595370742e-05,1931
5192,option,German,1,1.3533389522178498e-05,1932
5193,option,German,1,1.4248595497130217e-05,1933
5194,option,German,1,1.4360096949011287e-05,1934
5195,option,German,1,1.4332175851450302e-05,1935
5196,option,German,1,1.4477585084802871e-05,1936
5197,option,German,1,1.4377662409970071e-05,1937
5198,option,German,1,1.449840536744367e-05,1938
5199,option,German,1,1.4431613245895797e-05,1939
5200,option,German,1,1.3569270127585956e-05,1940
5201,option,German,1,1.319398584850465e-05,1941
5202,option,German,1,1.3058592490519264e-05,1942
5203,option,German,1,1.276021287464703e-05,1943
5204,option,German,1,1.2333038544706401e-05,1944
5205,option,German,1,1.1882048836144219e-05,1945
5206,option,German,1,1.1642043318715878e-05,1946
5207,option,German,1,1.1357903401533673e-05,1947
5208,option,German,1,1.1512001427555723e-05,1948
5209,option,German,1,1.1388663161986707e-05,1949
5210,option,German,1,1.1337968057237699e-05,1950
5211,option,German,1,1.1430430147031854e-05,1951
5212,option,German,1,1.1575658261010955e-05,1952
5213,option,German,1,1.1736984041427994e-05,1953
5214,option,German,1,1.2344375266236187e-05,1954
5215,option,German,1,1.2480036535375153e-05,1955
5216,option,German,1,1.2729225740518554e-05,1956
5217,option,German,1,1.284856885571831e-05,1957
5218,option,German,1,1.301993337879789e-05,1958
5219,option,German,1,1.3098811515581993e-05,1959
5220,option,German,1,1.319779520209912e-05,1960
5221,option,German,1,1.2922522078692314e-05,1961
5222,option,German,1,1.2729988806573342e-05,1962
5223,option,German,1,1.29446389109944e-05,1963
5224,option,German,1,1.3017512823613028e-05,1964
5225,option,German,1,1.3010743844331176e-05,1965
5226,option,German,1,1.3146315203422481e-05,1966
5227,option,German,1,1.3295002385608054e-05,1967
5228,option,German,1,1.3821464952863088e-05,1968
5229,option,German,1,1.4400129397732339e-05,1969
5230,option,German,1,1.49129533123674e-05,1970
5231,option,German,1,1.59226716017916e-05,1971
5232,option,German,1,1.6867084013938438e-05,1972
5233,option,German,1,1.7771127724180197e-05,1973
5234,option,German,1,1.904639923720554e-05,1974
5235,option,German,1,2.000149158577967e-05,1975
5236,option,German,1,2.1161164373292456e-05,1976
5237,option,German,1,2.2112197257229127e-05,1977
5238,option,German,1,2.2991259486713845e-05,1978
5239,option,German,1,2.3849013294758542e-05,1979
5240,option,German,1,2.4742893791491432e-05,1980
5241,option,German,1,2.552282941386303e-05,1981
5242,option,German,1,2.6479947596921454e-05,1982
5243,option,German,1,2.754433210481823e-05,1983
5244,option,German,1,2.863438281305467e-05,1984
5245,option,German,1,2.9433305826387368e-05,1985
5246,option,German,1,3.041001348589946e-05,1986
5247,option,German,1,3.161415588692762e-05,1987
5248,option,German,1,3.2635017435365755e-05,1988
5249,option,German,1,3.341702280782296e-05,1989
5250,option,German,1,3.3857136648813526e-05,1990
5251,option,German,1,3.474078143231704e-05,1991
5252,option,German,1,3.577179346133822e-05,1992
5253,option,German,1,3.659857299810808e-05,1993
5254,option,German,1,3.75655794674198e-05,1994
5255,option,German,1,3.8502004047456596e-05,1995
5256,option,German,1,3.978373881961618e-05,1996
5257,option,German,1,4.107030898532165e-05,1997
5258,option,German,1,4.2047963298890476e-05,1998
5259,option,German,1,4.3324248378797036e-05,1999
5260,option,German,1,4.475400211439202e-05,2000
5261,option,German,1,4.6128842638738987e-05,2001
5262,option,German,1,4.6818831054094646e-05,2002
5263,option,German,1,4.782902033184655e-05,2003
5264,option,German,1,4.92044621621192e-05,2004
5265,option,German,1,5.0230104534421116e-05,2005
5266,option,German,1,5.1594590331660584e-05,2006
5267,option,German,1,5.266499335578244e-05,2007
5268,option,German,1,5.356752288727356e-05,2008
5269,option,German,1,5.3866126628625875e-05,2009
5270,option,German,1,5.313004969918568e-05,2010
5271,option,German,1,5.208775162048239e-05,2011
5272,option,German,1,5.153126195572051e-05,2012
5273,option,German,1,4.981572991320198e-05,2013
5274,option,German,1,4.82378678238352e-05,2014
5275,option,German,1,4.626079264978346e-05,2015
5276,option,German,1,4.5480898344456886e-05,2016
5277,option,German,1,4.535842951251349e-05,2017
5278,option,German,1,4.5260366459842774e-05,2018
5279,option,German,1,4.450305459613446e-05,2019
5280,wahl,German,0,3.628383926645995e-09,1900
5281,wahl,German,0,3.2853229470219956e-09,1901
5282,wahl,German,0,3.026997726548094e-09,1902
5283,wahl,German,0,2.792130875712522e-09,1903
5284,wahl,German,0,2.8434130288396933e-09,1904
5285,wahl,German,0,2.5824215067947266e-09,1905
5286,wahl,German,0,1.9744907217170547e-09,1906
5287,wahl,German,0,2.075967136289896e-09,1907
5288,wahl,German,0,2.217164158618041e-09,1908
5289,wahl,German,0,2.3934488280197286e-09,1909
5290,wahl,German,0,2.3285733579443094e-09,1910
5291,wahl,German,0,2.2713269598462205e-09,1911
5292,wahl,German,0,2.5185088617770847e-09,1912
5293,wahl,German,0,2.636752403718999e-09,1913
5294,wahl,German,0,2.534100960817552e-09,1914
5295,wahl,German,0,2.2843169578123934e-09,1915
5296,wahl,German,0,2.10713432416806e-09,1916
5297,wahl,German,0,2.1805954502391548e-09,1917
5298,wahl,German,0,1.7226495943997326e-09,1918
5299,wahl,German,0,1.5624433175836267e-09,1919
5300,wahl,German,0,1.6169067672068748e-09,1920
5301,wahl,German,0,1.648378639933818e-09,1921
5302,wahl,German,0,1.8661918994260826e-09,1922
5303,wahl,German,0,1.9423340872190155e-09,1923
5304,wahl,German,0,2.082569069575665e-09,1924
5305,wahl,German,0,2.2711713303686612e-09,1925
5306,wahl,German,0,2.778153833966306e-09,1926
5307,wahl,German,0,2.6402392335914524e-09,1927
5308,wahl,German,0,2.6537880147360836e-09,1928
5309,wahl,German,0,2.496864683264123e-09,1929
5310,wahl,German,0,2.2155566548054395e-09,1930
5311,wahl,German,0,2.296312945349044e-09,1931
5312,wahl,German,0,2.2513505940465907e-09,1932
5313,wahl,German,0,2.1246146389827405e-09,1933
5314,wahl,German,0,2.2528130749766007e-09,1934
5315,wahl,German,0,2.1802050125569697e-09,1935
5316,wahl,German,0,2.174024353397895e-09,1936
5317,wahl,German,0,2.2007143885005576e-09,1937
5318,wahl,German,0,1.9981786067039107e-09,1938
5319,wahl,German,0,1.7695460969540428e-09,1939
5320,wahl,German,0,1.2587251796425392e-09,1940
5321,wahl,German,0,1.4741611661531602e-09,1941
5322,wahl,German,0,1.3444238817455251e-09,1942
5323,wahl,German,0,1.5023034165879373e-09,1943
5324,wahl,German,0,2.2713052470559246e-09,1944
5325,wahl,German,0,2.3173887491496306e-09,1945
5326,wahl,German,0,2.579487028737353e-09,1946
5327,wahl,German,0,2.905224473691094e-09,1947
5328,wahl,German,0,2.735198194920534e-09,1948
5329,wahl,German,0,3.314652425550386e-09,1949
5330,wahl,German,0,3.100069835758136e-09,1950
5331,wahl,German,0,2.7407498334345146e-09,1951
5332,wahl,German,0,3.02598995067476e-09,1952
5333,wahl,German,0,3.14668451612781e-09,1953
5334,wahl,German,0,3.0990914437875207e-09,1954
5335,wahl,German,0,2.9685213176477987e-09,1955
5336,wahl,German,0,2.421155276266518e-09,1956
5337,wahl,German,0,2.4601377284534057e-09,1957
5338,wahl,German,0,2.2080019717358415e-09,1958
5339,wahl,German,0,1.9113605618871686e-09,1959
5340,wahl,German,0,1.588561821768459e-09,1960
5341,wahl,German,0,1.4590038383793009e-09,1961
5342,wahl,German,0,1.4108289140121348e-09,1962
5343,wahl,German,0,1.6546346673759364e-09,1963
5344,wahl,German,0,1.6227939468395546e-09,1964
5345,wahl,German,0,1.7232686706185924e-09,1965
5346,wahl,German,0,1.6421365061398368e-09,1966
5347,wahl,German,0,1.8379507598404692e-09,1967
5348,wahl,German,0,1.8543333693951273e-09,1968
5349,wahl,German,0,1.8864888857399772e-09,1969
5350,wahl,German,0,1.6473924446813726e-09,1970
5351,wahl,German,0,1.6848021073505898e-09,1971
5352,wahl,German,0,1.467907938059097e-09,1972
5353,wahl,German,0,1.4359823964836339e-09,1973
5354,wahl,German,0,1.240003417406805e-09,1974
5355,wahl,German,0,1.2638627922001433e-09,1975
5356,wahl,German,0,1.1492486089765513e-09,1976
5357,wahl,German,0,1.1960292518280774e-09,1977
5358,wahl,German,0,1.0524736518810078e-09,1978
5359,wahl,German,0,1.1077924490430847e-09,1979
5360,wahl,German,0,1.1966184590824928e-09,1980
5361,wahl,German,0,1.2817829853073448e-09,1981
5362,wahl,German,0,1.2008711525179905e-09,1982
5363,wahl,German,0,1.3851771119011147e-09,1983
5364,wahl,German,0,1.4055932410058806e-09,1984
5365,wahl,German,0,1.5356165228297414e-09,1985
5366,wahl,German,0,1.6207333253248635e-09,1986
5367,wahl,German,0,1.6208060132123186e-09,1987
5368,wahl,German,0,1.5857039808204426e-09,1988
5369,wahl,German,0,1.7086249875270759e-09,1989
5370,wahl,German,0,1.7078677837036237e-09,1990
5371,wahl,German,0,1.7166568959987266e-09,1991
5372,wahl,German,0,1.6726940626250147e-09,1992
5373,wahl,German,0,1.6607001646866998e-09,1993
5374,wahl,German,0,1.6519198390138205e-09,1994
5375,wahl,German,0,1.7508690687760365e-09,1995
5376,wahl,German,0,1.6159423481860407e-09,1996
5377,wahl,German,0,1.6117743806276508e-09,1997
5378,wahl,German,0,1.662255920211107e-09,1998
5379,wahl,German,0,1.96789755919318e-09,1999
5380,wahl,German,0,1.926149303547017e-09,2000
5381,wahl,German,0,1.854105393027185e-09,2001
5382,wahl,German,0,1.8134214447534142e-09,2002
5383,wahl,German,0,1.8497962209603917e-09,2003
5384,wahl,German,0,1.861429550180966e-09,2004
5385,wahl,German,0,2.4045590280812642e-09,2005
5386,wahl,German,0,2.2025582310395262e-09,2006
5387,wahl,German,0,2.291270046710687e-09,2007
5388,wahl,German,0,2.4294885468480386e-09,2008
5389,wahl,German,0,2.3846125391762438e-09,2009
5390,wahl,German,0,2.484425284546684e-09,2010
5391,wahl,German,0,2.3515350143301005e-09,2011
5392,wahl,German,0,1.8136303411456618e-09,2012
5393,wahl,German,0,1.8379232897507742e-09,2013
5394,wahl,German,0,1.6400152347273433e-09,2014
5395,wahl,German,0,1.5043311041296192e-09,2015
5396,wahl,German,0,1.391853473745438e-09,2016
5397,wahl,German,0,1.2850481234671918e-09,2017
5398,wahl,German,0,1.2747621846997959e-09,2018
5399,wahl,German,0,1.0933302874160944e-09,2019
5400,בחירה,Hebrew,0,6.975385200003181e-11,1900
5401,בחירה,Hebrew,0,5.580308160002545e-11,1901
5402,בחירה,Hebrew,0,4.6502568000021206e-11,1902
5403,בחירה,Hebrew,0,3.985934400001818e-11,1903
5404,בחירה,Hebrew,0,3.985934400001818e-11,1904
5405,בחירה,Hebrew,0,1.969958918213166e-11,1905
5406,בחירה,Hebrew,0,1.969958918213166e-11,1906
5407,בחירה,Hebrew,0,0.0,1907
5408,בחירה,Hebrew,0,0.0,1908
5409,בחירה,Hebrew,0,0.0,1909
5410,בחירה,Hebrew,0,0.0,1910
5411,בחירה,Hebrew,0,0.0,1911
5412,בחירה,Hebrew,0,0.0,1912
5413,בחירה,Hebrew,0,0.0,1913
5414,בחירה,Hebrew,0,4.576987201941409e-11,1914
5415,בחירה,Hebrew,0,4.576987201941409e-11,1915
5416,בחירה,Hebrew,0,6.120813875584322e-11,1916
5417,בחירה,Hebrew,0,7.593292859566146e-11,1917
5418,בחירה,Hebrew,0,7.593292859566146e-11,1918
5419,בחירה,Hebrew,0,7.593292859566146e-11,1919
5420,בחירה,Hebrew,0,7.593292859566146e-11,1920
5421,בחירה,Hebrew,0,3.0163056576247376e-11,1921
5422,בחירה,Hebrew,0,3.0163056576247376e-11,1922
5423,בחירה,Hebrew,0,5.274296178375033e-11,1923
5424,בחירה,Hebrew,0,3.801817194393209e-11,1924
5425,בחירה,Hebrew,0,3.801817194393209e-11,1925
5426,בחירה,Hebrew,0,3.801817194393209e-11,1926
5427,בחירה,Hebrew,0,3.801817194393209e-11,1927
5428,בחירה,Hebrew,0,3.801817194393209e-11,1928
5429,בחירה,Hebrew,0,3.801817194393209e-11,1929
5430,בחירה,Hebrew,0,0.0,1930
5431,בחירה,Hebrew,0,0.0,1931
5432,בחירה,Hebrew,0,0.0,1932
5433,בחירה,Hebrew,0,0.0,1933
5434,בחירה,Hebrew,0,0.0,1934
5435,בחירה,Hebrew,0,0.0,1935
5436,בחירה,Hebrew,0,0.0,1936
5437,בחירה,Hebrew,0,0.0,1937
5438,בחירה,Hebrew,0,0.0,1938
5439,בחירה,Hebrew,0,0.0,1939
5440,בחירה,Hebrew,0,0.0,1940
5441,בחירה,Hebrew,0,0.0,1941
5442,בחירה,Hebrew,0,0.0,1942
5443,בחירה,Hebrew,0,0.0,1943
5444,בחירה,Hebrew,0,2.991208074882528e-11,1944
5445,בחירה,Hebrew,0,2.991208074882528e-11,1945
5446,בחירה,Hebrew,0,2.991208074882528e-11,1946
5447,בחירה,Hebrew,0,2.991208074882528e-11,1947
5448,בחירה,Hebrew,0,2.991208074882528e-11,1948
5449,בחירה,Hebrew,0,2.991208074882528e-11,1949
5450,בחירה,Hebrew,0,2.991208074882528e-11,1950
5451,בחירה,Hebrew,0,2.584963790638487e-11,1951
5452,בחירה,Hebrew,0,2.584963790638487e-11,1952
5453,בחירה,Hebrew,0,2.584963790638487e-11,1953
5454,בחירה,Hebrew,0,2.584963790638487e-11,1954
5455,בחירה,Hebrew,0,2.584963790638487e-11,1955
5456,בחירה,Hebrew,0,3.6519831801497456e-11,1956
5457,בחירה,Hebrew,0,4.660476667282611e-11,1957
5458,בחירה,Hebrew,0,3.959533990365622e-11,1958
5459,בחירה,Hebrew,0,3.959533990365622e-11,1959
5460,בחירה,Hebrew,0,3.959533990365622e-11,1960
5461,בחירה,Hebrew,0,5.048332387046019e-11,1961
5462,בחירה,Hebrew,0,5.048332387046019e-11,1962
5463,בחירה,Hebrew,0,4.9642841424914404e-11,1963
5464,בחירה,Hebrew,0,3.9557906553585755e-11,1964
5465,בחירה,Hebrew,0,2.0717695416370775e-11,1965
5466,בחירה,Hebrew,0,2.0717695416370775e-11,1966
5467,בחירה,Hebrew,0,2.0717695416370775e-11,1967
5468,בחירה,Hebrew,0,9.829711449566808e-12,1968
5469,בחירה,Hebrew,0,9.829711449566808e-12,1969
5470,בחירה,Hebrew,0,0.0,1970
5471,בחירה,Hebrew,0,0.0,1971
5472,בחירה,Hebrew,0,0.0,1972
5473,בחירה,Hebrew,0,1.6247448822844948e-11,1973
5474,בחירה,Hebrew,0,3.225624727638226e-11,1974
5475,בחירה,Hebrew,0,3.225624727638226e-11,1975
5476,בחירה,Hebrew,0,3.225624727638226e-11,1976
5477,בחירה,Hebrew,0,4.832606041528718e-11,1977
5478,בחירה,Hebrew,0,5.6290064375558964e-11,1978
5479,בחירה,Hebrew,0,5.6290064375558964e-11,1979
5480,בחירה,Hebrew,0,4.7388023564711086e-11,1980
5481,בחירה,Hebrew,0,3.8793228550128485e-11,1981
5482,בחירה,Hebrew,0,4.634785809111617e-11,1982
5483,בחירה,Hebrew,0,4.634785809111617e-11,1983
5484,בחירה,Hebrew,0,3.027804495221125e-11,1984
5485,בחירה,Hebrew,0,2.976539897495531e-11,1985
5486,בחירה,Hebrew,0,4.3659770739200103e-11,1986
5487,בחירה,Hebrew,0,6.397621569414242e-11,1987
5488,בחירה,Hebrew,0,5.6562212255187714e-11,1988
5489,בחירה,Hebrew,0,5.5731369915815574e-11,1989
5490,בחירה,Hebrew,0,7.509975577920817e-11,1990
5491,בחירה,Hebrew,0,8.186675296006918e-11,1991
5492,בחירה,Hebrew,0,8.803107498908273e-11,1992
5493,בחירה,Hebrew,0,1.0214903179269922e-10,1993
5494,בחירה,Hebrew,0,1.240002391441778e-10,1994
5495,בחירה,Hebrew,0,1.3116917522386958e-10,1995
5496,בחירה,Hebrew,0,2.155612885611026e-10,1996
5497,בחירה,Hebrew,0,2.0976604828137901e-10,1997
5498,בחירה,Hebrew,0,2.731389132727889e-10,1998
5499,בחירה,Hebrew,0,2.6642344729187e-10,1999
5500,בחירה,Hebrew,0,2.5804677293770975e-10,2000
5501,בחירה,Hebrew,0,2.0853371261929177e-10,2001
5502,בחירה,Hebrew,0,2.154410662765941e-10,2002
5503,בחירה,Hebrew,0,1.3138334765366062e-10,2003
5504,בחירה,Hebrew,0,1.1781020206999163e-10,2004
5505,בחירה,Hebrew,0,6.212102261165292e-11,2005
5506,בחירה,Hebrew,0,5.5220808580542475e-11,2006
5507,בחירה,Hebrew,0,4.3503719971654014e-11,2007
5508,בחירה,Hebrew,0,4.3503719971654014e-11,2008
5509,בחירה,Hebrew,0,3.5414523496297385e-11,2009
5510,בחירה,Hebrew,0,2.835634158038225e-11,2010
5511,בחירה,Hebrew,0,2.835634158038225e-11,2011
5512,בחירה,Hebrew,0,1.3905658866450059e-11,2012
5513,בחירה,Hebrew,0,1.3905658866450059e-11,2013
5514,בחירה,Hebrew,0,2.051380940115699e-11,2014
5515,בחירה,Hebrew,0,3.619739676647653e-11,2015
5516,בחירה,Hebrew,0,3.021030350483908e-11,2016
5517,בחירה,Hebrew,0,3.524535408897892e-11,2017
5518,בחירה,Hebrew,0,4.229442490677471e-11,2018
5519,בחירה,Hebrew,0,5.2868031133468385e-11,2019
5520,Opzione,Italian,1,0.0,1900
5521,Opzione,Italian,1,0.0,1901
5522,Opzione,Italian,1,0.0,1902
5523,Opzione,Italian,1,0.0,1903
5524,Opzione,Italian,1,0.0,1904
5525,Opzione,Italian,1,0.0,1905
5526,Opzione,Italian,1,0.0,1906
5527,Opzione,Italian,1,0.0,1907
5528,Opzione,Italian,1,0.0,1908
5529,Opzione,Italian,1,0.0,1909
5530,Opzione,Italian,1,0.0,1910
5531,Opzione,Italian,1,0.0,1911
5532,Opzione,Italian,1,0.0,1912
5533,Opzione,Italian,1,0.0,1913
5534,Opzione,Italian,1,0.0,1914
5535,Opzione,Italian,1,0.0,1915
5536,Opzione,Italian,1,0.0,1916
5537,Opzione,Italian,1,0.0,1917
5538,Opzione,Italian,1,0.0,1918
5539,Opzione,Italian,1,0.0,1919
5540,Opzione,Italian,1,0.0,1920
5541,Opzione,Italian,1,0.0,1921
5542,Opzione,Italian,1,4.026560830792749e-11,1922
5543,Opzione,Italian,1,4.026560830792749e-11,1923
5544,Opzione,Italian,1,4.026560830792749e-11,1924
5545,Opzione,Italian,1,4.026560830792749e-11,1925
5546,Opzione,Italian,1,4.026560830792749e-11,1926
5547,Opzione,Italian,1,4.026560830792749e-11,1927
5548,Opzione,Italian,1,4.026560830792749e-11,1928
5549,Opzione,Italian,1,0.0,1929
5550,Opzione,Italian,1,0.0,1930
5551,Opzione,Italian,1,0.0,1931
5552,Opzione,Italian,1,0.0,1932
5553,Opzione,Italian,1,0.0,1933
5554,Opzione,Italian,1,0.0,1934
5555,Opzione,Italian,1,0.0,1935
5556,Opzione,Italian,1,0.0,1936
5557,Opzione,Italian,1,0.0,1937
5558,Opzione,Italian,1,0.0,1938
5559,Opzione,Italian,1,0.0,1939
5560,Opzione,Italian,1,0.0,1940
5561,Opzione,Italian,1,0.0,1941
5562,Opzione,Italian,1,0.0,1942
5563,Opzione,Italian,1,0.0,1943
5564,Opzione,Italian,1,0.0,1944
5565,Opzione,Italian,1,0.0,1945
5566,Opzione,Italian,1,0.0,1946
5567,Opzione,Italian,1,0.0,1947
5568,Opzione,Italian,1,0.0,1948
5569,Opzione,Italian,1,0.0,1949
5570,Opzione,Italian,1,0.0,1950
5571,Opzione,Italian,1,0.0,1951
5572,Opzione,Italian,1,0.0,1952
5573,Opzione,Italian,1,0.0,1953
5574,Opzione,Italian,1,0.0,1954
5575,Opzione,Italian,1,0.0,1955
5576,Opzione,Italian,1,0.0,1956
5577,Opzione,Italian,1,0.0,1957
5578,Opzione,Italian,1,0.0,1958
5579,Opzione,Italian,1,0.0,1959
5580,Opzione,Italian,1,0.0,1960
5581,Opzione,Italian,1,0.0,1961
5582,Opzione,Italian,1,1.0250486967170299e-11,1962
5583,Opzione,Italian,1,1.0250486967170299e-11,1963
5584,Opzione,Italian,1,1.0250486967170299e-11,1964
5585,Opzione,Italian,1,2.790223012955855e-11,1965
5586,Opzione,Italian,1,2.790223012955855e-11,1966
5587,Opzione,Italian,1,3.682691155994431e-11,1967
5588,Opzione,Italian,1,3.682691155994431e-11,1968
5589,Opzione,Italian,1,2.6576424592774016e-11,1969
5590,Opzione,Italian,1,2.6576424592774016e-11,1970
5591,Opzione,Italian,1,2.6576424592774016e-11,1971
5592,Opzione,Italian,1,8.924681430385765e-12,1972
5593,Opzione,Italian,1,8.924681430385765e-12,1973
5594,Opzione,Italian,1,0.0,1974
5595,Opzione,Italian,1,7.971408751337806e-12,1975
5596,Opzione,Italian,1,7.971408751337806e-12,1976
5597,Opzione,Italian,1,1.6006315320790268e-11,1977
5598,Opzione,Italian,1,4.786233116187739e-11,1978
5599,Opzione,Italian,1,4.786233116187739e-11,1979
5600,Opzione,Italian,1,6.255314718587154e-11,1980
5601,Opzione,Italian,1,6.996715062482624e-11,1981
5602,Opzione,Italian,1,6.199574187348844e-11,1982
5603,Opzione,Italian,1,6.199574187348844e-11,1983
5604,Opzione,Italian,1,8.448342769410263e-11,1984
5605,Opzione,Italian,1,9.733556173365164e-11,1985
5606,Opzione,Italian,1,1.3901867900892714e-10,1986
5607,Opzione,Italian,1,1.4507425171886697e-10,1987
5608,Opzione,Italian,1,1.516013574596821e-10,1988
5609,Opzione,Italian,1,1.650489318629132e-10,1989
5610,Opzione,Italian,1,2.1669796215365419e-10,1990
5611,Opzione,Italian,1,2.200103561635279e-10,1991
5612,Opzione,Italian,1,1.8211004628890644e-10,1992
5613,Opzione,Italian,1,1.9645158614935354e-10,1993
5614,Opzione,Italian,1,2.605847293898503e-10,1994
5615,Opzione,Italian,1,2.6815042844915583e-10,1995
5616,Opzione,Italian,1,3.037652589783184e-10,1996
5617,Opzione,Italian,1,2.6568937427124643e-10,1997
5618,Opzione,Italian,1,2.669243189574415e-10,1998
5619,Opzione,Italian,1,2.8081712054912293e-10,1999
5620,Opzione,Italian,1,2.378828988950207e-10,2000
5621,Opzione,Italian,1,1.8654717354182893e-10,2001
5622,Opzione,Italian,1,1.720785101712506e-10,2002
5623,Opzione,Italian,1,1.3713246907068718e-10,2003
5624,Opzione,Italian,1,1.4467773606125737e-10,2004
5625,Opzione,Italian,1,1.457345097774113e-10,2005
5626,Opzione,Italian,1,1.2503386817971522e-10,2006
5627,Opzione,Italian,1,1.2778056390772008e-10,2007
5628,Opzione,Italian,1,9.423675728648107e-11,2008
5629,Opzione,Italian,1,1.231211709965382e-10,2009
5630,Opzione,Italian,1,1.0900480716470793e-10,2010
5631,Opzione,Italian,1,1.0105366345301649e-10,2011
5632,Opzione,Italian,1,7.244759702865596e-11,2012
5633,Opzione,Italian,1,9.437177577096913e-11,2013
5634,Opzione,Italian,1,8.579800263110369e-11,2014
5635,Opzione,Italian,1,9.363979631376346e-11,2015
5636,Opzione,Italian,1,8.149978906032577e-11,2016
5637,Opzione,Italian,1,9.508308723704673e-11,2017
5638,Opzione,Italian,1,9.566552827688923e-11,2018
5639,Opzione,Italian,1,1.0642079318473607e-10,2019
5640,SCELTA,Italian,0,0.0,1900
5641,SCELTA,Italian,0,0.0,1901
5642,SCELTA,Italian,0,0.0,1902
5643,SCELTA,Italian,0,0.0,1903
5644,SCELTA,Italian,0,0.0,1904
5645,SCELTA,Italian,0,0.0,1905
5646,SCELTA,Italian,0,0.0,1906
5647,SCELTA,Italian,0,0.0,1907
5648,SCELTA,Italian,0,0.0,1908
5649,SCELTA,Italian,0,4.544945372434281e-11,1909
5650,SCELTA,Italian,0,6.019233425183908e-11,1910
5651,SCELTA,Italian,0,7.462853053784104e-11,1911
5652,SCELTA,Italian,0,7.462853053784104e-11,1912
5653,SCELTA,Italian,0,1.5059060050535778e-10,1913
5654,SCELTA,Italian,0,1.5059060050535778e-10,1914
5655,SCELTA,Italian,0,1.670616026469166e-10,1915
5656,SCELTA,Italian,0,1.3705041565900292e-10,1916
5657,SCELTA,Italian,0,1.2230753513150664e-10,1917
5658,SCELTA,Italian,0,1.2264190555967757e-10,1918
5659,SCELTA,Italian,0,1.2264190555967757e-10,1919
5660,SCELTA,Italian,0,6.553834756641206e-11,1920
5661,SCELTA,Italian,0,8.59444212226406e-11,1921
5662,SCELTA,Italian,0,8.960622323504554e-11,1922
5663,SCELTA,Italian,0,7.41679564986164e-11,1923
5664,SCELTA,Italian,0,1.7038518909265728e-10,1924
5665,SCELTA,Italian,0,1.9219952811828327e-10,1925
5666,SCELTA,Italian,0,1.9219952811828327e-10,1926
5667,SCELTA,Italian,0,2.0724826616762877e-10,1927
5668,SCELTA,Italian,0,2.401155068427434e-10,1928
5669,SCELTA,Italian,0,2.3878269797946873e-10,1929
5670,SCELTA,Italian,0,3.015523366726011e-10,1930
5671,SCELTA,Italian,0,2.460149445271398e-10,1931
5672,SCELTA,Italian,0,2.2830572749781604e-10,1932
5673,SCELTA,Italian,0,2.59922740077277e-10,1933
5674,SCELTA,Italian,0,2.2601549005368023e-10,1934
5675,SCELTA,Italian,0,1.903873051275643e-10,1935
5676,SCELTA,Italian,0,1.8846571723875527e-10,1936
5677,SCELTA,Italian,0,1.2569607854562292e-10,1937
5678,SCELTA,Italian,0,8.501623809704334e-11,1938
5679,SCELTA,Italian,0,6.614054938656823e-11,1939
5680,SCELTA,Italian,0,3.452353680710729e-11,1940
5681,SCELTA,Italian,0,5.4667520510420786e-11,1941
5682,SCELTA,Italian,0,3.702239110519352e-11,1942
5683,SCELTA,Italian,0,2.0143983703313495e-11,1943
5684,SCELTA,Italian,0,6.501210482655142e-11,1944
5685,SCELTA,Italian,0,1.0775200771322752e-10,1945
5686,SCELTA,Italian,0,1.996211707837909e-10,1946
5687,SCELTA,Italian,0,2.243968324647635e-10,1947
5688,SCELTA,Italian,0,2.436533752536718e-10,1948
5689,SCELTA,Italian,0,2.436533752536718e-10,1949
5690,SCELTA,Italian,0,2.436533752536718e-10,1950
5691,SCELTA,Italian,0,1.987852541304339e-10,1951
5692,SCELTA,Italian,0,1.5604535124375778e-10,1952
5693,SCELTA,Italian,0,7.605236480261774e-11,1953
5694,SCELTA,Italian,0,6.249102525129097e-11,1954
5695,SCELTA,Italian,0,2.309049875906918e-11,1955
5696,SCELTA,Italian,0,4.443088654929436e-11,1956
5697,SCELTA,Italian,0,4.443088654929436e-11,1957
5698,SCELTA,Italian,0,6.327109768650935e-11,1958
5699,SCELTA,Italian,0,9.105160772174666e-11,1959
5700,SCELTA,Italian,0,8.813121363645696e-11,1960
5701,SCELTA,Italian,0,1.857967331573919e-10,1961
5702,SCELTA,Italian,0,2.472996549604137e-10,1962
5703,SCELTA,Italian,0,2.9476725029096787e-10,1963
5704,SCELTA,Italian,0,3.3946671664151854e-10,1964
5705,SCELTA,Italian,0,3.6475586440154473e-10,1965
5706,SCELTA,Italian,0,4.1714401972330657e-10,1966
5707,SCELTA,Italian,0,4.885103670788332e-10,1967
5708,SCELTA,Italian,0,4.740842639096497e-10,1968
5709,SCELTA,Italian,0,5.405549975888237e-10,1969
5710,SCELTA,Italian,0,5.830356990849899e-10,1970
5711,SCELTA,Italian,0,6.16061598560488e-10,1971
5712,SCELTA,Italian,0,5.719322396632468e-10,1972
5713,SCELTA,Italian,0,6.054957170574329e-10,1973
5714,SCELTA,Italian,0,5.491867853337138e-10,1974
5715,SCELTA,Italian,0,4.706758643549921e-10,1975
5716,SCELTA,Italian,0,3.8176148849298844e-10,1976
5717,SCELTA,Italian,0,3.5885677861819636e-10,1977
5718,SCELTA,Italian,0,3.2891543556250776e-10,1978
5719,SCELTA,Italian,0,3.917656804123101e-10,1979
5720,SCELTA,Italian,0,3.074151697091132e-10,1980
5721,SCELTA,Italian,0,3.1305798528899077e-10,1981
5722,SCELTA,Italian,0,3.802160907546386e-10,1982
5723,SCELTA,Italian,0,4.3930913866991565e-10,1983
5724,SCELTA,Italian,0,4.196009987879533e-10,1984
5725,SCELTA,Italian,0,4.612332757788654e-10,1985
5726,SCELTA,Italian,0,4.539605179860422e-10,1986
5727,SCELTA,Italian,0,5.213953693398007e-10,1987
5728,SCELTA,Italian,0,5.335626821320208e-10,1988
5729,SCELTA,Italian,0,5.647661425824322e-10,1989
5730,SCELTA,Italian,0,5.569996170644892e-10,1990
5731,SCELTA,Italian,0,5.559937550041789e-10,1991
5732,SCELTA,Italian,0,5.346558553030536e-10,1992
5733,SCELTA,Italian,0,5.210968601065957e-10,1993
5734,SCELTA,Italian,0,4.808667313544695e-10,1994
5735,SCELTA,Italian,0,5.179017056481225e-10,1995
5736,SCELTA,Italian,0,4.386419005797393e-10,1996
5737,SCELTA,Italian,0,4.0254868089688907e-10,1997
5738,SCELTA,Italian,0,3.418926942151084e-10,1998
5739,SCELTA,Italian,0,3.0831536282360794e-10,1999
5740,SCELTA,Italian,0,2.859325251767876e-10,2000
5741,SCELTA,Italian,0,2.6959873767963746e-10,2001
5742,SCELTA,Italian,0,1.9777858170644258e-10,2002
5743,SCELTA,Italian,0,1.9096673101975144e-10,2003
5744,SCELTA,Italian,0,1.3667414868507548e-10,2004
5745,SCELTA,Italian,0,1.3688550392394154e-10,2005
5746,SCELTA,Italian,0,1.1822276788483625e-10,2006
5747,SCELTA,Italian,0,9.858711367113519e-11,2007
5748,SCELTA,Italian,0,7.414643898862039e-11,2008
5749,SCELTA,Italian,0,7.908248064339825e-11,2009
5750,SCELTA,Italian,0,6.246509956112486e-11,2010
5751,SCELTA,Italian,0,6.246509956112486e-11,2011
5752,SCELTA,Italian,0,5.5239758204158764e-11,2012
5753,SCELTA,Italian,0,4.6709484990176926e-11,2013
5754,SCELTA,Italian,0,4.6709484990176926e-11,2014
5755,SCELTA,Italian,0,3.089759252022135e-11,2015
5756,SCELTA,Italian,0,1.8923405996946433e-11,2016
5757,SCELTA,Italian,0,8.52606931815251e-12,2017
5758,SCELTA,Italian,0,1.0231283181783013e-11,2018
5759,SCELTA,Italian,0,1.2789103977228766e-11,2019
5760,Scelta,Italian,0,5.871944014357311e-09,1900
5761,Scelta,Italian,0,5.298808614107031e-09,1901
5762,Scelta,Italian,0,4.99413105314872e-09,1902
5763,Scelta,Italian,0,4.891328120315563e-09,1903
5764,Scelta,Italian,0,5.214221054927748e-09,1904
5765,Scelta,Italian,0,5.487073874631067e-09,1905
5766,Scelta,Italian,0,5.21364097925771e-09,1906
5767,Scelta,Italian,0,3.5897138594975786e-09,1907
5768,Scelta,Italian,0,4.661001330928473e-09,1908
5769,Scelta,Italian,0,4.72572409775702e-09,1909
5770,Scelta,Italian,0,4.5573661669858925e-09,1910
5771,Scelta,Italian,0,4.497796611348446e-09,1911
5772,Scelta,Italian,0,4.0292406554089305e-09,1912
5773,Scelta,Italian,0,3.5956465106932812e-09,1913
5774,Scelta,Italian,0,3.6488022127554943e-09,1914
5775,Scelta,Italian,0,2.5598230836619352e-09,1915
5776,Scelta,Italian,0,2.3697982623868288e-09,1916
5777,Scelta,Italian,0,2.5312282111603477e-09,1917
5778,Scelta,Italian,0,2.5278262340476333e-09,1918
5779,Scelta,Italian,0,2.5035618816155694e-09,1919
5780,Scelta,Italian,0,2.566941595790898e-09,1920
5781,Scelta,Italian,0,2.5118314729764636e-09,1921
5782,Scelta,Italian,0,2.4624468813223236e-09,1922
5783,Scelta,Italian,0,2.7762555429181444e-09,1923
5784,Scelta,Italian,0,2.403460509979384e-09,1924
5785,Scelta,Italian,0,2.4099280349076935e-09,1925
5786,Scelta,Italian,0,2.5812249322092792e-09,1926
5787,Scelta,Italian,0,2.6488490607284073e-09,1927
5788,Scelta,Italian,0,2.720967768559441e-09,1928
5789,Scelta,Italian,0,2.5653772439682143e-09,1929
5790,Scelta,Italian,0,2.4041305137144165e-09,1930
5791,Scelta,Italian,0,2.7020470940085163e-09,1931
5792,Scelta,Italian,0,2.7744215179227793e-09,1932
5793,Scelta,Italian,0,2.810758419664288e-09,1933
5794,Scelta,Italian,0,3.0265819057311613e-09,1934
5795,Scelta,Italian,0,2.953861187395189e-09,1935
5796,Scelta,Italian,0,3.135264619353555e-09,1936
5797,Scelta,Italian,0,3.211878350585705e-09,1937
5798,Scelta,Italian,0,2.9249200839132072e-09,1938
5799,Scelta,Italian,0,3.133584725034666e-09,1939
5800,Scelta,Italian,0,3.247131325727943e-09,1940
5801,Scelta,Italian,0,3.1565488001206177e-09,1941
5802,Scelta,Italian,0,3.165559052981897e-09,1942
5803,Scelta,Italian,0,3.023420133299989e-09,1943
5804,Scelta,Italian,0,2.692934779930616e-09,1944
5805,Scelta,Italian,0,2.9354407000375157e-09,1945
5806,Scelta,Italian,0,2.5936029038727983e-09,1946
5807,Scelta,Italian,0,2.6140997144707967e-09,1947
5808,Scelta,Italian,0,2.8950499299438904e-09,1948
5809,Scelta,Italian,0,3.1374729322511794e-09,1949
5810,Scelta,Italian,0,3.3044573743978845e-09,1950
5811,Scelta,Italian,0,3.603940669703677e-09,1951
5812,Scelta,Italian,0,3.601357751697216e-09,1952
5813,Scelta,Italian,0,3.797697648419021e-09,1953
5814,Scelta,Italian,0,3.4544908838236258e-09,1954
5815,Scelta,Italian,0,3.2003748222970377e-09,1955
5816,Scelta,Italian,0,3.1750935531554045e-09,1956
5817,Scelta,Italian,0,3.004083093394172e-09,1957
5818,Scelta,Italian,0,2.8121953178837445e-09,1958
5819,Scelta,Italian,0,2.8767426694744e-09,1959
5820,Scelta,Italian,0,2.7040501742498738e-09,1960
5821,Scelta,Italian,0,3.275239206829943e-09,1961
5822,Scelta,Italian,0,3.306083327738106e-09,1962
5823,Scelta,Italian,0,3.090486327168256e-09,1963
5824,Scelta,Italian,0,3.447420761558208e-09,1964
5825,Scelta,Italian,0,3.450129007883821e-09,1965
5826,Scelta,Italian,0,3.29571468528554e-09,1966
5827,Scelta,Italian,0,3.17810768178463e-09,1967
5828,Scelta,Italian,0,2.6283151528210577e-09,1968
5829,Scelta,Italian,0,2.7796608189792747e-09,1969
5830,Scelta,Italian,0,2.8982196008188664e-09,1970
5831,Scelta,Italian,0,2.489242050580336e-09,1971
5832,Scelta,Italian,0,2.6749162567491727e-09,1972
5833,Scelta,Italian,0,2.57543465918632e-09,1973
5834,Scelta,Italian,0,2.492437542070799e-09,1974
5835,Scelta,Italian,0,2.635868047638569e-09,1975
5836,Scelta,Italian,0,2.4704689246693843e-09,1976
5837,Scelta,Italian,0,2.566807512570181e-09,1977
5838,Scelta,Italian,0,2.894472455367796e-09,1978
5839,Scelta,Italian,0,2.6749621089600898e-09,1979
5840,Scelta,Italian,0,2.5147253644521227e-09,1980
5841,Scelta,Italian,0,3.5486212381284433e-09,1981
5842,Scelta,Italian,0,3.6276595695637427e-09,1982
5843,Scelta,Italian,0,3.644253058051764e-09,1983
5844,Scelta,Italian,0,3.741683661319582e-09,1984
5845,Scelta,Italian,0,3.5295290817012007e-09,1985
5846,Scelta,Italian,0,4.121722836052706e-09,1986
5847,Scelta,Italian,0,5.068317702036243e-09,1987
5848,Scelta,Italian,0,4.022250469201286e-09,1988
5849,Scelta,Italian,0,4.7330187388386744e-09,1989
5850,Scelta,Italian,0,5.059119694601171e-09,1990
5851,Scelta,Italian,0,5.114424534673796e-09,1991
5852,Scelta,Italian,0,5.176542210756046e-09,1992
5853,Scelta,Italian,0,5.023017335403779e-09,1993
5854,Scelta,Italian,0,4.686901057736139e-09,1994
5855,Scelta,Italian,0,5.618637142847303e-09,1995
5856,Scelta,Italian,0,5.730759390841302e-09,1996
5857,Scelta,Italian,0,6.6377722049030095e-09,1997
5858,Scelta,Italian,0,7.376662740960731e-09,1998
5859,Scelta,Italian,0,8.464984586303054e-09,1999
5860,Scelta,Italian,0,8.708238574683946e-09,2000
5861,Scelta,Italian,0,8.737050130999283e-09,2001
5862,Scelta,Italian,0,8.300349867746654e-09,2002
5863,Scelta,Italian,0,7.60344891809999e-09,2003
5864,Scelta,Italian,0,6.489564441380935e-09,2004
5865,Scelta,Italian,0,5.635259084765412e-09,2005
5866,Scelta,Italian,0,4.47232301985829e-09,2006
5867,Scelta,Italian,0,3.77730354931113e-09,2007
5868,Scelta,Italian,0,3.472246870980403e-09,2008
5869,Scelta,Italian,0,3.3199768014112253e-09,2009
5870,Scelta,Italian,0,3.2303009790877825e-09,2010
5871,Scelta,Italian,0,3.1688669783440967e-09,2011
5872,Scelta,Italian,0,3.175382369745096e-09,2012
5873,Scelta,Italian,0,3.5108663595398835e-09,2013
5874,Scelta,Italian,0,3.897359038670548e-09,2014
5875,Scelta,Italian,0,3.822997918234705e-09,2015
5876,Scelta,Italian,0,3.965594265663088e-09,2016
5877,Scelta,Italian,0,4.064150275577087e-09,2017
5878,Scelta,Italian,0,4.20413290846966e-09,2018
5879,Scelta,Italian,0,4.320726831874566e-09,2019
5880,opzione,Italian,1,0.0,1900
5881,opzione,Italian,1,0.0,1901
5882,opzione,Italian,1,0.0,1902
5883,opzione,Italian,1,0.0,1903
5884,opzione,Italian,1,0.0,1904
5885,opzione,Italian,1,0.0,1905
5886,opzione,Italian,1,0.0,1906
5887,opzione,Italian,1,0.0,1907
5888,opzione,Italian,1,0.0,1908
5889,opzione,Italian,1,0.0,1909
5890,opzione,Italian,1,0.0,1910
5891,opzione,Italian,1,0.0,1911
5892,opzione,Italian,1,0.0,1912
5893,opzione,Italian,1,0.0,1913
5894,opzione,Italian,1,0.0,1914
5895,opzione,Italian,1,0.0,1915
5896,opzione,Italian,1,0.0,1916
5897,opzione,Italian,1,0.0,1917
5898,opzione,Italian,1,0.0,1918
5899,opzione,Italian,1,0.0,1919
5900,opzione,Italian,1,1.8858511974251257e-11,1920
5901,opzione,Italian,1,1.8858511974251257e-11,1921
5902,opzione,Italian,1,1.8858511974251257e-11,1922
5903,opzione,Italian,1,1.8858511974251257e-11,1923
5904,opzione,Italian,1,1.8858511974251257e-11,1924
5905,opzione,Italian,1,1.8858511974251257e-11,1925
5906,opzione,Italian,1,1.8858511974251257e-11,1926
5907,opzione,Italian,1,3.3907250023596753e-11,1927
5908,opzione,Italian,1,3.3907250023596753e-11,1928
5909,opzione,Italian,1,3.3907250023596753e-11,1929
5910,opzione,Italian,1,3.3907250023596753e-11,1930
5911,opzione,Italian,1,3.3907250023596753e-11,1931
5912,opzione,Italian,1,3.3907250023596753e-11,1932
5913,opzione,Italian,1,3.3907250023596753e-11,1933
5914,opzione,Italian,1,0.0,1934
5915,opzione,Italian,1,1.764512940522727e-11,1935
5916,opzione,Italian,1,1.764512940522727e-11,1936
5917,opzione,Italian,1,1.764512940522727e-11,1937
5918,opzione,Italian,1,1.764512940522727e-11,1938
5919,opzione,Italian,1,1.764512940522727e-11,1939
5920,opzione,Italian,1,1.764512940522727e-11,1940
5921,opzione,Italian,1,1.764512940522727e-11,1941
5922,opzione,Italian,1,0.0,1942
5923,opzione,Italian,1,0.0,1943
5924,opzione,Italian,1,0.0,1944
5925,opzione,Italian,1,0.0,1945
5926,opzione,Italian,1,0.0,1946
5927,opzione,Italian,1,0.0,1947
5928,opzione,Italian,1,0.0,1948
5929,opzione,Italian,1,0.0,1949
5930,opzione,Italian,1,2.5033267125884606e-11,1950
5931,opzione,Italian,1,2.5033267125884606e-11,1951
5932,opzione,Italian,1,2.5033267125884606e-11,1952
5933,opzione,Italian,1,2.5033267125884606e-11,1953
5934,opzione,Italian,1,2.5033267125884606e-11,1954
5935,opzione,Italian,1,2.5033267125884606e-11,1955
5936,opzione,Italian,1,5.704384781995182e-11,1956
5937,opzione,Italian,1,5.218045043672451e-11,1957
5938,opzione,Italian,1,5.218045043672451e-11,1958
5939,opzione,Italian,1,5.218045043672451e-11,1959
5940,opzione,Italian,1,5.218045043672451e-11,1960
5941,opzione,Italian,1,5.218045043672451e-11,1961
5942,opzione,Italian,1,6.243093740389481e-11,1962
5943,opzione,Italian,1,9.922833983060692e-11,1963
5944,opzione,Italian,1,1.148180439614066e-10,1964
5945,opzione,Italian,1,1.589474028586478e-10,1965
5946,opzione,Italian,1,1.7676266204715218e-10,1966
5947,opzione,Italian,1,3.0170820009001176e-10,1967
5948,opzione,Italian,1,3.3605501516463324e-10,1968
5949,opzione,Italian,1,3.3433610542786344e-10,1969
5950,opzione,Italian,1,2.9977079449691347e-10,1970
5951,opzione,Italian,1,2.8128352325922686e-10,1971
5952,opzione,Italian,1,2.455897866024007e-10,1972
5953,opzione,Italian,1,2.3589825182531877e-10,1973
5954,opzione,Italian,1,1.3496591195840046e-10,1974
5955,opzione,Italian,1,1.1656191438645458e-10,1975
5956,opzione,Italian,1,1.2365404979714738e-10,1976
5957,opzione,Italian,1,1.0548119074622292e-10,1977
5958,opzione,Italian,1,9.617289207072436e-11,1978
5959,opzione,Italian,1,1.034498310427599e-10,1979
5960,opzione,Italian,1,1.0267151464333451e-10,1980
5961,opzione,Italian,1,1.083143302232121e-10,1981
5962,opzione,Italian,1,1.376992899664626e-10,1982
5963,opzione,Italian,1,1.5227629227010375e-10,1983
5964,opzione,Italian,1,1.4383712722871548e-10,1984
5965,opzione,Italian,1,1.8058127314907983e-10,1985
5966,opzione,Italian,1,2.2739338388446028e-10,1986
5967,opzione,Italian,1,2.407943646063972e-10,1987
5968,opzione,Italian,1,2.3205001412459784e-10,1988
5969,opzione,Italian,1,1.8672223687867173e-10,1989
5970,opzione,Italian,1,1.9525829366072245e-10,1990
5971,opzione,Italian,1,2.2146263196314615e-10,1991
5972,opzione,Italian,1,1.835623220885247e-10,1992
5973,opzione,Italian,1,1.3504381442462432e-10,1993
5974,opzione,Italian,1,1.7088378034031086e-10,1994
5975,opzione,Italian,1,1.7147892530536676e-10,1995
5976,opzione,Italian,1,1.925056711260531e-10,1996
5977,opzione,Italian,1,2.012749104290152e-10,1997
5978,opzione,Italian,1,2.5160775546373415e-10,1998
5979,opzione,Italian,1,2.7240077158216126e-10,1999
5980,opzione,Italian,1,2.9766591572563273e-10,2000
5981,opzione,Italian,1,2.679146051834788e-10,2001
5982,opzione,Italian,1,2.675222325411651e-10,2002
5983,opzione,Italian,1,2.60611850552309e-10,2003
5984,opzione,Italian,1,2.1310583952256172e-10,2004
5985,opzione,Italian,1,1.5061403215880072e-10,2005
5986,opzione,Italian,1,1.6260900661694119e-10,2006
5987,opzione,Italian,1,1.2333769818953907e-10,2007
5988,opzione,Italian,1,1.0440860031705031e-10,2008
5989,opzione,Italian,1,1.4316509832793375e-10,2009
5990,opzione,Italian,1,1.4647175387254892e-10,2010
5991,opzione,Italian,1,1.8597356046019213e-10,2011
5992,opzione,Italian,1,1.943800899010092e-10,2012
5993,opzione,Italian,1,1.767084380607401e-10,2013
5994,opzione,Italian,1,2.4207865920167215e-10,2014
5995,opzione,Italian,1,2.576980930234031e-10,2015
5996,opzione,Italian,1,2.2953722652755256e-10,2016
5997,opzione,Italian,1,2.47466575009625e-10,2017
5998,opzione,Italian,1,2.4165736078884947e-10,2018
5999,opzione,Italian,1,2.4942723234055997e-10,2019
6000,opzione (All),Italian,1,0.0,1900
6001,opzione (All),Italian,1,0.0,1901
6002,opzione (All),Italian,1,0.0,1902
6003,opzione (All),Italian,1,0.0,1903
6004,opzione (All),Italian,1,0.0,1904
6005,opzione (All),Italian,1,0.0,1905
6006,opzione (All),Italian,1,0.0,1906
6007,opzione (All),Italian,1,0.0,1907
6008,opzione (All),Italian,1,0.0,1908
6009,opzione (All),Italian,1,0.0,1909
6010,opzione (All),Italian,1,0.0,1910
6011,opzione (All),Italian,1,0.0,1911
6012,opzione (All),Italian,1,0.0,1912
6013,opzione (All),Italian,1,0.0,1913
6014,opzione (All),Italian,1,0.0,1914
6015,opzione (All),Italian,1,0.0,1915
6016,opzione (All),Italian,1,0.0,1916
6017,opzione (All),Italian,1,0.0,1917
6018,opzione (All),Italian,1,0.0,1918
6019,opzione (All),Italian,1,0.0,1919
6020,opzione (All),Italian,1,1.8858511974251257e-11,1920
6021,opzione (All),Italian,1,1.8858511974251257e-11,1921
6022,opzione (All),Italian,1,5.912412028217874e-11,1922
6023,opzione (All),Italian,1,5.912412028217874e-11,1923
6024,opzione (All),Italian,1,5.912412028217874e-11,1924
6025,opzione (All),Italian,1,5.912412028217874e-11,1925
6026,opzione (All),Italian,1,5.912412028217874e-11,1926
6027,opzione (All),Italian,1,7.417285833152424e-11,1927
6028,opzione (All),Italian,1,7.417285833152424e-11,1928
6029,opzione (All),Italian,1,3.3907250023596753e-11,1929
6030,opzione (All),Italian,1,3.3907250023596753e-11,1930
6031,opzione (All),Italian,1,3.3907250023596753e-11,1931
6032,opzione (All),Italian,1,3.3907250023596753e-11,1932
6033,opzione (All),Italian,1,3.3907250023596753e-11,1933
6034,opzione (All),Italian,1,0.0,1934
6035,opzione (All),Italian,1,1.764512940522727e-11,1935
6036,opzione (All),Italian,1,1.764512940522727e-11,1936
6037,opzione (All),Italian,1,1.764512940522727e-11,1937
6038,opzione (All),Italian,1,1.764512940522727e-11,1938
6039,opzione (All),Italian,1,1.764512940522727e-11,1939
6040,opzione (All),Italian,1,1.764512940522727e-11,1940
6041,opzione (All),Italian,1,1.764512940522727e-11,1941
6042,opzione (All),Italian,1,0.0,1942
6043,opzione (All),Italian,1,0.0,1943
6044,opzione (All),Italian,1,0.0,1944
6045,opzione (All),Italian,1,0.0,1945
6046,opzione (All),Italian,1,0.0,1946
6047,opzione (All),Italian,1,0.0,1947
6048,opzione (All),Italian,1,0.0,1948
6049,opzione (All),Italian,1,0.0,1949
6050,opzione (All),Italian,1,2.5033267125884606e-11,1950
6051,opzione (All),Italian,1,2.5033267125884606e-11,1951
6052,opzione (All),Italian,1,2.5033267125884606e-11,1952
6053,opzione (All),Italian,1,2.5033267125884606e-11,1953
6054,opzione (All),Italian,1,2.5033267125884606e-11,1954
6055,opzione (All),Italian,1,2.5033267125884606e-11,1955
6056,opzione (All),Italian,1,5.704384781995182e-11,1956
6057,opzione (All),Italian,1,5.218045043672451e-11,1957
6058,opzione (All),Italian,1,5.218045043672451e-11,1958
6059,opzione (All),Italian,1,5.218045043672451e-11,1959
6060,opzione (All),Italian,1,5.218045043672451e-11,1960
6061,opzione (All),Italian,1,5.218045043672451e-11,1961
6062,opzione (All),Italian,1,7.26814243710651e-11,1962
6063,opzione (All),Italian,1,1.0947882679777721e-10,1963
6064,opzione (All),Italian,1,1.250685309285769e-10,1964
6065,opzione (All),Italian,1,1.8684963298820634e-10,1965
6066,opzione (All),Italian,1,2.0466489217671072e-10,1966
6067,opzione (All),Italian,1,3.3853511164995606e-10,1967
6068,opzione (All),Italian,1,3.7288192672457754e-10,1968
6069,opzione (All),Italian,1,3.6091253002063743e-10,1969
6070,opzione (All),Italian,1,3.2634721908968746e-10,1970
6071,opzione (All),Italian,1,3.0785994785200085e-10,1971
6072,opzione (All),Italian,1,2.5451446803278644e-10,1972
6073,opzione (All),Italian,1,2.4482293325570453e-10,1973
6074,opzione (All),Italian,1,1.3496591195840046e-10,1974
6075,opzione (All),Italian,1,1.2453332313779239e-10,1975
6076,opzione (All),Italian,1,1.3162545854848518e-10,1976
6077,opzione (All),Italian,1,1.214875060670132e-10,1977
6078,opzione (All),Italian,1,1.4403522323260176e-10,1978
6079,opzione (All),Italian,1,1.5131216220463728e-10,1979
6080,opzione (All),Italian,1,1.6522466182920606e-10,1980
6081,opzione (All),Italian,1,1.7828148084803834e-10,1981
6082,opzione (All),Italian,1,1.9969503183995104e-10,1982
6083,opzione (All),Italian,1,2.142720341435922e-10,1983
6084,opzione (All),Italian,1,2.2832055492281811e-10,1984
6085,opzione (All),Italian,1,2.7791683488273145e-10,1985
6086,opzione (All),Italian,1,3.664120628933874e-10,1986
6087,opzione (All),Italian,1,3.858686163252642e-10,1987
6088,opzione (All),Italian,1,3.836513715842799e-10,1988
6089,opzione (All),Italian,1,3.5177116874158496e-10,1989
6090,opzione (All),Italian,1,4.1195625581437664e-10,1990
6091,opzione (All),Italian,1,4.4147298812667405e-10,1991
6092,opzione (All),Italian,1,3.6567236837743115e-10,1992
6093,opzione (All),Italian,1,3.3149540057397786e-10,1993
6094,opzione (All),Italian,1,4.3146850973016116e-10,1994
6095,opzione (All),Italian,1,4.396293537545226e-10,1995
6096,opzione (All),Italian,1,4.962709301043716e-10,1996
6097,opzione (All),Italian,1,4.669642847002617e-10,1997
6098,opzione (All),Italian,1,5.185320744211757e-10,1998
6099,opzione (All),Italian,1,5.532178921312842e-10,1999
6100,opzione (All),Italian,1,5.355488146206534e-10,2000
6101,opzione (All),Italian,1,4.544617787253077e-10,2001
6102,opzione (All),Italian,1,4.396007427124157e-10,2002
6103,opzione (All),Italian,1,3.9774431962299623e-10,2003
6104,opzione (All),Italian,1,3.577835755838191e-10,2004
6105,opzione (All),Italian,1,2.9634854193621203e-10,2005
6106,opzione (All),Italian,1,2.876428747966564e-10,2006
6107,opzione (All),Italian,1,2.511182620972591e-10,2007
6108,opzione (All),Italian,1,1.9864535760353138e-10,2008
6109,opzione (All),Italian,1,2.6628626932447194e-10,2009
6110,opzione (All),Italian,1,2.5547656103725684e-10,2010
6111,opzione (All),Italian,1,2.8702722391320863e-10,2011
6112,opzione (All),Italian,1,2.6682768692966516e-10,2012
6113,opzione (All),Italian,1,2.710802138317092e-10,2013
6114,opzione (All),Italian,1,3.2787666183277583e-10,2014
6115,opzione (All),Italian,1,3.513378893371666e-10,2015
6116,opzione (All),Italian,1,3.1103701558787833e-10,2016
6117,opzione (All),Italian,1,3.425496622466717e-10,2017
6118,opzione (All),Italian,1,3.373228890657387e-10,2018
6119,opzione (All),Italian,1,3.5584802552529604e-10,2019
6120,scelta,Italian,0,1.0529164345962627e-09,1900
6121,scelta,Italian,0,1.1156301327197582e-09,1901
6122,scelta,Italian,0,1.352410489152689e-09,1902
6123,scelta,Italian,0,1.4824912805292252e-09,1903
6124,scelta,Italian,0,1.6600397485205016e-09,1904
6125,scelta,Italian,0,1.5561386068618788e-09,1905
6126,scelta,Italian,0,1.6117703124532819e-09,1906
6127,scelta,Italian,0,1.6272896205141559e-09,1907
6128,scelta,Italian,0,1.5321277659273237e-09,1908
6129,scelta,Italian,0,1.2909959847183318e-09,1909
6130,scelta,Italian,0,1.129885383667682e-09,1910
6131,scelta,Italian,0,1.1255712631782648e-09,1911
6132,scelta,Italian,0,8.921952462540414e-10,1912
6133,scelta,Italian,0,1.1522127458490112e-09,1913
6134,scelta,Italian,0,1.2104613105507716e-09,1914
6135,scelta,Italian,0,1.3904180663969002e-09,1915
6136,scelta,Italian,0,1.4390404582239773e-09,1916
6137,scelta,Italian,0,1.4093918809798822e-09,1917
6138,scelta,Italian,0,1.2952398003347148e-09,1918
6139,scelta,Italian,0,1.450500350782694e-09,1919
6140,scelta,Italian,0,1.2817997417448522e-09,1920
6141,scelta,Italian,0,1.2516699541910624e-09,1921
6142,scelta,Italian,0,1.072326937563111e-09,1922
6143,scelta,Italian,0,1.1116059461802053e-09,1923
6144,scelta,Italian,0,1.0368131710323881e-09,1924
6145,scelta,Italian,0,1.1423629740571683e-09,1925
6146,scelta,Italian,0,1.1663386685028294e-09,1926
6147,scelta,Italian,0,1.0926191459529174e-09,1927
6148,scelta,Italian,0,1.2187915042284813e-09,1928
6149,scelta,Italian,0,1.3437274388421778e-09,1929
6150,scelta,Italian,0,1.3647828502248517e-09,1930
6151,scelta,Italian,0,1.5104517160833909e-09,1931
6152,scelta,Italian,0,1.6289549709114226e-09,1932
6153,scelta,Italian,0,1.5648003527855637e-09,1933
6154,scelta,Italian,0,1.6388048378652392e-09,1934
6155,scelta,Italian,0,1.584292459127263e-09,1935
6156,scelta,Italian,0,1.4599629521201101e-09,1936
6157,scelta,Italian,0,1.4525511032077126e-09,1937
6158,scelta,Italian,0,1.3355374901229717e-09,1938
6159,scelta,Italian,0,1.1631072057863685e-09,1939
6160,scelta,Italian,0,1.136072466259971e-09,1940
6161,scelta,Italian,0,1.0504932400147636e-09,1941
6162,scelta,Italian,0,1.0714367726372132e-09,1942
6163,scelta,Italian,0,1.1014007008012884e-09,1943
6164,scelta,Italian,0,1.1179538406125289e-09,1944
6165,scelta,Italian,0,1.4019807457822863e-09,1945
6166,scelta,Italian,0,1.4356415421547452e-09,1946
6167,scelta,Italian,0,1.4519503218782655e-09,1947
6168,scelta,Italian,0,1.5342120907035905e-09,1948
6169,scelta,Italian,0,1.5772272377034824e-09,1949
6170,scelta,Italian,0,1.8465251391422806e-09,1950
6171,scelta,Italian,0,2.0725219794316884e-09,1951
6172,scelta,Italian,0,2.072726926602034e-09,1952
6173,scelta,Italian,0,2.4152843217503263e-09,1953
6174,scelta,Italian,0,2.518692207179437e-09,1954
6175,scelta,Italian,0,2.787931726747469e-09,1955
6176,scelta,Italian,0,2.871322830293772e-09,1956
6177,scelta,Italian,0,2.8741879352724352e-09,1957
6178,scelta,Italian,0,2.710337827187865e-09,1958
6179,scelta,Italian,0,2.8490297422832457e-09,1959
6180,scelta,Italian,0,2.5501779418338597e-09,1960
6181,scelta,Italian,0,2.6608083038480247e-09,1961
6182,scelta,Italian,0,2.6398215359689304e-09,1962
6183,scelta,Italian,0,2.583436956423871e-09,1963
6184,scelta,Italian,0,2.448236375534358e-09,1964
6185,scelta,Italian,0,2.508653729194066e-09,1965
6186,scelta,Italian,0,2.3022037926827873e-09,1966
6187,scelta,Italian,0,2.4889689674369363e-09,1967
6188,scelta,Italian,0,2.708340345642617e-09,1968
6189,scelta,Italian,0,2.5780810185084745e-09,1969
6190,scelta,Italian,0,2.635446115308225e-09,1970
6191,scelta,Italian,0,2.721331509342966e-09,1971
6192,scelta,Italian,0,2.6462819237492242e-09,1972
6193,scelta,Italian,0,2.9689493086237917e-09,1973
6194,scelta,Italian,0,3.0183458589659396e-09,1974
6195,scelta,Italian,0,2.9163989001546042e-09,1975
6196,scelta,Italian,0,3.3875688603452706e-09,1976
6197,scelta,Italian,0,3.48706200422758e-09,1977
6198,scelta,Italian,0,3.841776135311241e-09,1978
6199,scelta,Italian,0,3.9163539078401755e-09,1979
6200,scelta,Italian,0,3.731551575672906e-09,1980
6201,scelta,Italian,0,3.804056656976838e-09,1981
6202,scelta,Italian,0,3.715278624432423e-09,1982
6203,scelta,Italian,0,3.431358086558589e-09,1983
6204,scelta,Italian,0,3.5769981262693105e-09,1984
6205,scelta,Italian,0,3.3599914279441076e-09,1985
6206,scelta,Italian,0,3.5682717732957568e-09,1986
6207,scelta,Italian,0,3.708446185056248e-09,1987
6208,scelta,Italian,0,3.908763376462129e-09,1988
6209,scelta,Italian,0,4.24216871154824e-09,1989
6210,scelta,Italian,0,4.540040692597407e-09,1990
6211,scelta,Italian,0,4.696850495834935e-09,1991
6212,scelta,Italian,0,4.8041507914677234e-09,1992
6213,scelta,Italian,0,4.843749655338212e-09,1993
6214,scelta,Italian,0,4.835787643336127e-09,1994
6215,scelta,Italian,0,4.769598620819287e-09,1995
6216,scelta,Italian,0,4.4174682641998484e-09,1996
6217,scelta,Italian,0,4.1068633256052016e-09,1997
6218,scelta,Italian,0,3.895556544009082e-09,1998
6219,scelta,Italian,0,3.8346833327754635e-09,1999
6220,scelta,Italian,0,3.6312186908154284e-09,2000
6221,scelta,Italian,0,3.6016914530177603e-09,2001
6222,scelta,Italian,0,3.4071900221834183e-09,2002
6223,scelta,Italian,0,3.5725827693003762e-09,2003
6224,scelta,Italian,0,3.697395120231103e-09,2004
6225,scelta,Italian,0,3.756810196264837e-09,2005
6226,scelta,Italian,0,3.796692642816473e-09,2006
6227,scelta,Italian,0,3.8501659638257024e-09,2007
6228,scelta,Italian,0,3.931326058343692e-09,2008
6229,scelta,Italian,0,4.015838201658945e-09,2009
6230,scelta,Italian,0,4.159274892754996e-09,2010
6231,scelta,Italian,0,4.2428828069976785e-09,2011
6232,scelta,Italian,0,4.417509913423601e-09,2012
6233,scelta,Italian,0,5.016008370566689e-09,2013
6234,scelta,Italian,0,5.668025350656438e-09,2014
6235,scelta,Italian,0,5.882527544441376e-09,2015
6236,scelta,Italian,0,6.2733148834378684e-09,2016
6237,scelta,Italian,0,6.451588152600607e-09,2017
6238,scelta,Italian,0,6.728026047397862e-09,2018
6239,scelta,Italian,0,7.0675986174606464e-09,2019
6240,scelta (All),Italian,0,6.924860448953574e-09,1900
6241,scelta (All),Italian,0,6.414438746826789e-09,1901
6242,scelta (All),Italian,0,6.346541542301409e-09,1902
6243,scelta (All),Italian,0,6.373819400844789e-09,1903
6244,scelta (All),Italian,0,6.874260803448249e-09,1904
6245,scelta (All),Italian,0,7.043212481492946e-09,1905
6246,scelta (All),Italian,0,6.825411291710992e-09,1906
6247,scelta (All),Italian,0,5.217003480011735e-09,1907
6248,scelta (All),Italian,0,6.1931290968557966e-09,1908
6249,scelta (All),Italian,0,6.0621695361996944e-09,1909
6250,scelta (All),Italian,0,5.747443884905413e-09,1910
6251,scelta (All),Italian,0,5.697996405064552e-09,1911
6252,scelta (All),Italian,0,4.996064432200813e-09,1912
6253,scelta (All),Italian,0,4.8984498570476505e-09,1913
6254,scelta (All),Italian,0,5.009854123811624e-09,1914
6255,scelta (All),Italian,0,4.117302752705752e-09,1915
6256,scelta (All),Italian,0,3.945889136269809e-09,1916
6257,scelta (All),Italian,0,4.062927627271737e-09,1917
6258,scelta (All),Italian,0,3.945707939942025e-09,1918
6259,scelta (All),Italian,0,4.076704137957941e-09,1919
6260,scelta (All),Italian,0,3.914279685102162e-09,1920
6261,scelta (All),Italian,0,3.849445848390167e-09,1921
6262,scelta (All),Italian,0,3.6243800421204804e-09,1922
6263,scelta (All),Italian,0,3.962029445596966e-09,1923
6264,scelta (All),Italian,0,3.6106588701044296e-09,1924
6265,scelta (All),Italian,0,3.744490537083145e-09,1925
6266,scelta (All),Italian,0,3.939763128830392e-09,1926
6267,scelta (All),Italian,0,3.948716472848953e-09,1927
6268,scelta (All),Italian,0,4.179874779630666e-09,1928
6269,scelta (All),Italian,0,4.147887380789861e-09,1929
6270,scelta (All),Italian,0,4.070465700611869e-09,1930
6271,scelta (All),Italian,0,4.458513754619047e-09,1931
6272,scelta (All),Italian,0,4.631682216332018e-09,1932
6273,scelta (All),Italian,0,4.635481512527129e-09,1933
6274,scelta (All),Italian,0,4.89140223365008e-09,1934
6275,scelta (All),Italian,0,4.728540951650016e-09,1935
6276,scelta (All),Italian,0,4.783693288712421e-09,1936
6277,scelta (All),Italian,0,4.79012553233904e-09,1937
6278,scelta (All),Italian,0,4.345473812133222e-09,1938
6279,scelta (All),Italian,0,4.362832480207603e-09,1939
6280,scelta (All),Italian,0,4.417727328795022e-09,1940
6281,scelta (All),Italian,0,4.2617095606458025e-09,1941
6282,scelta (All),Italian,0,4.274018216724303e-09,1942
6283,scelta (All),Italian,0,4.144964817804591e-09,1943
6284,scelta (All),Italian,0,3.8759007253696964e-09,1944
6285,scelta (All),Italian,0,4.445173453533029e-09,1945
6286,scelta (All),Italian,0,4.228865616811334e-09,1946
6287,scelta (All),Italian,0,4.290446868813826e-09,1947
6288,scelta (All),Italian,0,4.672915395901152e-09,1948
6289,scelta (All),Italian,0,4.958353545208334e-09,1949
6290,scelta (All),Italian,0,5.394635888793837e-09,1950
6291,scelta (All),Italian,0,5.875247903265799e-09,1951
6292,scelta (All),Italian,0,5.830130029543008e-09,1952
6293,scelta (All),Italian,0,6.289034334971965e-09,1953
6294,scelta (All),Italian,0,6.0356741162543536e-09,1954
6295,scelta (All),Italian,0,6.011397047803576e-09,1955
6296,scelta (All),Italian,0,6.090847269998471e-09,1956
6297,scelta (All),Italian,0,5.922701915215902e-09,1957
6298,scelta (All),Italian,0,5.58580424275812e-09,1958
6299,scelta (All),Italian,0,5.816824019479392e-09,1959
6300,scelta (All),Italian,0,5.34235932972019e-09,1960
6301,scelta (All),Italian,0,6.1218442438353605e-09,1961
6302,scelta (All),Italian,0,6.19320451866745e-09,1962
6303,scelta (All),Italian,0,5.968690533883095e-09,1963
6304,scelta (All),Italian,0,6.235123853734084e-09,1964
6305,scelta (All),Italian,0,6.323538601479432e-09,1965
6306,scelta (All),Italian,0,6.015062497691634e-09,1966
6307,scelta (All),Italian,0,6.155587016300399e-09,1967
6308,scelta (All),Italian,0,5.810739762373325e-09,1968
6309,scelta (All),Italian,0,5.898296835076573e-09,1969
6310,scelta (All),Italian,0,6.116701415212082e-09,1970
6311,scelta (All),Italian,0,5.82663515848379e-09,1971
6312,scelta (All),Italian,0,5.893130420161644e-09,1972
6313,scelta (All),Italian,0,6.149879684867545e-09,1973
6314,scelta (All),Italian,0,6.059970186370452e-09,1974
6315,scelta (All),Italian,0,6.022942812148166e-09,1975
6316,scelta (All),Italian,0,6.239799273507643e-09,1976
6317,scelta (All),Italian,0,6.4127262954159575e-09,1977
6318,scelta (All),Italian,0,7.065164026241545e-09,1978
6319,scelta (All),Italian,0,6.983081697212576e-09,1979
6320,scelta (All),Italian,0,6.553692109834142e-09,1980
6321,scelta (All),Italian,0,7.665735880394272e-09,1981
6322,scelta (All),Italian,0,7.723154284750805e-09,1982
6323,scelta (All),Italian,0,7.514920283280269e-09,1983
6324,scelta (All),Italian,0,7.738282786376845e-09,1984
6325,scelta (All),Italian,0,7.3507537854241735e-09,1985
6326,scelta (All),Italian,0,8.143955127334505e-09,1986
6327,scelta (All),Italian,0,9.29815925643229e-09,1987
6328,scelta (All),Italian,0,8.464576527795436e-09,1988
6329,scelta (All),Italian,0,9.539953592969347e-09,1989
6330,scelta (All),Italian,0,1.0156160004263067e-08,1990
6331,scelta (All),Italian,0,1.0367268785512908e-08,1991
6332,scelta (All),Italian,0,1.0515348857526822e-08,1992
6333,scelta (All),Italian,0,1.0387863850848587e-08,1993
6334,scelta (All),Italian,0,1.0003555432426734e-08,1994
6335,scelta (All),Italian,0,1.0906137469314712e-08,1995
6336,scelta (All),Italian,0,1.0586869555620889e-08,1996
6337,scelta (All),Italian,0,1.11471842114051e-08,1997
6338,scelta (All),Italian,0,1.1614111979184921e-08,1998
6339,scelta (All),Italian,0,1.2607983281902124e-08,1999
6340,scelta (All),Italian,0,1.2625389790676161e-08,2000
6341,scelta (All),Italian,0,1.2608340321696682e-08,2001
6342,scelta (All),Italian,0,1.1905318471636515e-08,2002
6343,scelta (All),Italian,0,1.1366998418420119e-08,2003
6344,scelta (All),Italian,0,1.0323633710297113e-08,2004
6345,scelta (All),Italian,0,9.528954784954191e-09,2005
6346,scelta (All),Italian,0,8.3872384305596e-09,2006
6347,scelta (All),Italian,0,7.726056626807968e-09,2007
6348,scelta (All),Italian,0,7.477719368312715e-09,2008
6349,scelta (All),Italian,0,7.414897483713569e-09,2009
6350,scelta (All),Italian,0,7.452040971403902e-09,2010
6351,scelta (All),Italian,0,7.4742148849029e-09,2011
6352,scelta (All),Italian,0,7.648132041372855e-09,2012
6353,scelta (All),Italian,0,8.573584215096749e-09,2013
6354,scelta (All),Italian,0,9.61209387431716e-09,2014
6355,scelta (All),Italian,0,9.736423055196303e-09,2015
6356,scelta (All),Italian,0,1.0257832555097903e-08,2016
6357,scelta (All),Italian,0,1.0524264497495847e-08,2017
6358,scelta (All),Italian,0,1.0942390239049304e-08,2018
6359,scelta (All),Italian,0,1.1401114553312441e-08,2019
6360,ВЫБОР,Russian,0,0.0,1900
6361,ВЫБОР,Russian,0,0.0,1901
6362,ВЫБОР,Russian,0,0.0,1902
6363,ВЫБОР,Russian,0,0.0,1903
6364,ВЫБОР,Russian,0,0.0,1904
6365,ВЫБОР,Russian,0,0.0,1905
6366,ВЫБОР,Russian,0,0.0,1906
6367,ВЫБОР,Russian,0,0.0,1907
6368,ВЫБОР,Russian,0,0.0,1908
6369,ВЫБОР,Russian,0,0.0,1909
6370,ВЫБОР,Russian,0,0.0,1910
6371,ВЫБОР,Russian,0,0.0,1911
6372,ВЫБОР,Russian,0,0.0,1912
6373,ВЫБОР,Russian,0,0.0,1913
6374,ВЫБОР,Russian,0,0.0,1914
6375,ВЫБОР,Russian,0,0.0,1915
6376,ВЫБОР,Russian,0,0.0,1916
6377,ВЫБОР,Russian,0,0.0,1917
6378,ВЫБОР,Russian,0,0.0,1918
6379,ВЫБОР,Russian,0,0.0,1919
6380,ВЫБОР,Russian,0,0.0,1920
6381,ВЫБОР,Russian,0,0.0,1921
6382,ВЫБОР,Russian,0,0.0,1922
6383,ВЫБОР,Russian,0,0.0,1923
6384,ВЫБОР,Russian,0,0.0,1924
6385,ВЫБОР,Russian,0,0.0,1925
6386,ВЫБОР,Russian,0,0.0,1926
6387,ВЫБОР,Russian,0,0.0,1927
6388,ВЫБОР,Russian,0,0.0,1928
6389,ВЫБОР,Russian,0,0.0,1929
6390,ВЫБОР,Russian,0,0.0,1930
6391,ВЫБОР,Russian,0,0.0,1931
6392,ВЫБОР,Russian,0,0.0,1932
6393,ВЫБОР,Russian,0,0.0,1933
6394,ВЫБОР,Russian,0,0.0,1934
6395,ВЫБОР,Russian,0,0.0,1935
6396,ВЫБОР,Russian,0,0.0,1936
6397,ВЫБОР,Russian,0,0.0,1937
6398,ВЫБОР,Russian,0,0.0,1938
6399,ВЫБОР,Russian,0,0.0,1939
6400,ВЫБОР,Russian,0,0.0,1940
6401,ВЫБОР,Russian,0,0.0,1941
6402,ВЫБОР,Russian,0,0.0,1942
6403,ВЫБОР,Russian,0,0.0,1943
6404,ВЫБОР,Russian,0,2.991208074882528e-11,1944
6405,ВЫБОР,Russian,0,2.991208074882528e-11,1945
6406,ВЫБОР,Russian,0,2.991208074882528e-11,1946
6407,ВЫБОР,Russian,0,2.991208074882528e-11,1947
6408,ВЫБОР,Russian,0,2.991208074882528e-11,1948
6409,ВЫБОР,Russian,0,2.991208074882528e-11,1949
6410,ВЫБОР,Russian,0,2.991208074882528e-11,1950
6411,ВЫБОР,Russian,0,0.0,1951
6412,ВЫБОР,Russian,0,0.0,1952
6413,ВЫБОР,Russian,0,0.0,1953
6414,ВЫБОР,Russian,0,0.0,1954
6415,ВЫБОР,Russian,0,0.0,1955
6416,ВЫБОР,Russian,0,0.0,1956
6417,ВЫБОР,Russian,0,0.0,1957
6418,ВЫБОР,Russian,0,0.0,1958
6419,ВЫБОР,Russian,0,0.0,1959
6420,ВЫБОР,Russian,0,0.0,1960
6421,ВЫБОР,Russian,0,0.0,1961
6422,ВЫБОР,Russian,0,0.0,1962
6423,ВЫБОР,Russian,0,9.829711449566808e-12,1963
6424,ВЫБОР,Russian,0,9.829711449566808e-12,1964
6425,ВЫБОР,Russian,0,9.829711449566808e-12,1965
6426,ВЫБОР,Russian,0,9.829711449566808e-12,1966
6427,ВЫБОР,Russian,0,1.8754392879952573e-11,1967
6428,ВЫБОР,Russian,0,1.8754392879952573e-11,1968
6429,ВЫБОР,Russian,0,1.8754392879952573e-11,1969
6430,ВЫБОР,Russian,0,8.924681430385765e-12,1970
6431,ВЫБОР,Russian,0,8.924681430385765e-12,1971
6432,ВЫБОР,Russian,0,8.924681430385765e-12,1972
6433,ВЫБОР,Russian,0,1.7048405841808237e-11,1973
6434,ВЫБОР,Russian,0,8.123724411422474e-12,1974
6435,ВЫБОР,Russian,0,8.123724411422474e-12,1975
6436,ВЫБОР,Russian,0,8.123724411422474e-12,1976
6437,ВЫБОР,Russian,0,8.123724411422474e-12,1977
6438,ВЫБОР,Russian,0,5.5907747181782597e-11,1978
6439,ВЫБОР,Russian,0,1.7375195776206783e-10,1979
6440,ВЫБОР,Russian,0,1.9500986539863367e-10,1980
6441,ВЫБОР,Russian,0,4.693279891705109e-10,1981
6442,ВЫБОР,Russian,0,5.524289121388343e-10,1982
6443,ВЫБОР,Russian,0,6.128303420283032e-10,1983
6444,ВЫБОР,Russian,0,7.196594114284543e-10,1984
6445,ВЫБОР,Russian,0,6.942294635984122e-10,1985
6446,ВЫБОР,Russian,0,5.76385253018127e-10,1986
6447,ВЫБОР,Russian,0,5.539190842118735e-10,1987
6448,ВЫБОР,Russian,0,2.7960096043999627e-10,1988
6449,ВЫБОР,Russian,0,1.9650003747167284e-10,1989
6450,ВЫБОР,Russian,0,1.3609860758220397e-10,1990
6451,ВЫБОР,Russian,0,2.926953818205291e-11,1991
6452,ВЫБОР,Russian,0,1.372330324774954e-11,1992
6453,ВЫБОР,Russian,0,2.0726385389714862e-11,1993
6454,ВЫБОР,Russian,0,1.3810922147980013e-11,1994
6455,ВЫБОР,Russian,0,2.8148794307363597e-11,1995
6456,ВЫБОР,Russian,0,2.8148794307363597e-11,1996
6457,ВЫБОР,Russian,0,3.493536709919809e-11,1997
6458,ВЫБОР,Russian,0,3.493536709919809e-11,1998
6459,ВЫБОР,Russian,0,2.81275270931834e-11,1999
6460,ВЫБОР,Russian,0,2.1124444951218078e-11,2000
6461,ВЫБОР,Russian,0,2.1124444951218078e-11,2001
6462,ВЫБОР,Russian,0,6.786572791834494e-12,2002
6463,ВЫБОР,Russian,0,6.786572791834494e-12,2003
6464,ВЫБОР,Russian,0,0.0,2004
6465,ВЫБОР,Russian,0,0.0,2005
6466,ВЫБОР,Russian,0,0.0,2006
6467,ВЫБОР,Russian,0,0.0,2007
6468,ВЫБОР,Russian,0,0.0,2008
6469,ВЫБОР,Russian,0,0.0,2009
6470,ВЫБОР,Russian,0,0.0,2010
6471,ВЫБОР,Russian,0,0.0,2011
6472,ВЫБОР,Russian,0,0.0,2012
6473,ВЫБОР,Russian,0,0.0,2013
6474,ВЫБОР,Russian,0,0.0,2014
6475,ВЫБОР,Russian,0,0.0,2015
6476,ВЫБОР,Russian,0,0.0,2016
6477,ВЫБОР,Russian,0,0.0,2017
6478,ВЫБОР,Russian,0,0.0,2018
6479,ВЫБОР,Russian,0,0.0,2019
6480,Вариант,Russian,1,0.0,1900
6481,Вариант,Russian,1,0.0,1901
6482,Вариант,Russian,1,0.0,1902
6483,Вариант,Russian,1,0.0,1903
6484,Вариант,Russian,1,0.0,1904
6485,Вариант,Russian,1,0.0,1905
6486,Вариант,Russian,1,0.0,1906
6487,Вариант,Russian,1,0.0,1907
6488,Вариант,Russian,1,0.0,1908
6489,Вариант,Russian,1,0.0,1909
6490,Вариант,Russian,1,0.0,1910
6491,Вариант,Russian,1,0.0,1911
6492,Вариант,Russian,1,0.0,1912
6493,Вариант,Russian,1,0.0,1913
6494,Вариант,Russian,1,0.0,1914
6495,Вариант,Russian,1,0.0,1915
6496,Вариант,Russian,1,0.0,1916
6497,Вариант,Russian,1,0.0,1917
6498,Вариант,Russian,1,0.0,1918
6499,Вариант,Russian,1,0.0,1919
6500,Вариант,Russian,1,0.0,1920
6501,Вариант,Russian,1,0.0,1921
6502,Вариант,Russian,1,0.0,1922
6503,Вариант,Russian,1,0.0,1923
6504,Вариант,Russian,1,0.0,1924
6505,Вариант,Russian,1,0.0,1925
6506,Вариант,Russian,1,0.0,1926
6507,Вариант,Russian,1,0.0,1927
6508,Вариант,Russian,1,0.0,1928
6509,Вариант,Russian,1,0.0,1929
6510,Вариант,Russian,1,0.0,1930
6511,Вариант,Russian,1,0.0,1931
6512,Вариант,Russian,1,0.0,1932
6513,Вариант,Russian,1,0.0,1933
6514,Вариант,Russian,1,0.0,1934
6515,Вариант,Russian,1,0.0,1935
6516,Вариант,Russian,1,0.0,1936
6517,Вариант,Russian,1,0.0,1937
6518,Вариант,Russian,1,0.0,1938
6519,Вариант,Russian,1,0.0,1939
6520,Вариант,Russian,1,0.0,1940
6521,Вариант,Russian,1,0.0,1941
6522,Вариант,Russian,1,0.0,1942
6523,Вариант,Russian,1,0.0,1943
6524,Вариант,Russian,1,0.0,1944
6525,Вариант,Russian,1,0.0,1945
6526,Вариант,Russian,1,0.0,1946
6527,Вариант,Russian,1,0.0,1947
6528,Вариант,Russian,1,0.0,1948
6529,Вариант,Russian,1,0.0,1949
6530,Вариант,Russian,1,0.0,1950
6531,Вариант,Russian,1,0.0,1951
6532,Вариант,Russian,1,0.0,1952
6533,Вариант,Russian,1,0.0,1953
6534,Вариант,Russian,1,0.0,1954
6535,Вариант,Russian,1,0.0,1955
6536,Вариант,Russian,1,0.0,1956
6537,Вариант,Russian,1,7.059454608184166e-11,1957
6538,Вариант,Russian,1,8.001465165044915e-11,1958
6539,Вариант,Russian,1,8.927482166219493e-11,1959
6540,Вариант,Russian,1,9.823060420632856e-11,1960
6541,Вариант,Russian,1,1.8533447594076032e-10,1961
6542,Вариант,Russian,1,1.8533447594076032e-10,1962
6543,Вариант,Russian,1,1.8533447594076032e-10,1963
6544,Вариант,Russian,1,1.1473992985891864e-10,1964
6545,Вариант,Russian,1,1.1414569587150528e-10,1965
6546,Вариант,Russian,1,1.137931554540117e-10,1966
6547,Вариант,Russian,1,1.0483737290987806e-10,1967
6548,Вариант,Russian,1,1.7733501175446318e-11,1968
6549,Вариант,Russian,1,2.6265078405846812e-11,1969
6550,Вариант,Russian,1,4.338641450076151e-11,1970
6551,Вариант,Russian,1,6.065871713653185e-11,1971
6552,Вариант,Russian,1,6.026846779575275e-11,1972
6553,Вариант,Russian,1,5.948456261292304e-11,1973
6554,Вариант,Russian,1,6.74889618396917e-11,1974
6555,Вариант,Russian,1,7.54603705910295e-11,1975
6556,Вариант,Russian,1,6.692879336062901e-11,1976
6557,Вариант,Russian,1,5.784236383516677e-11,1977
6558,Вариант,Russian,1,4.0570061199396434e-11,1978
6559,Вариант,Russian,1,5.5703280282022e-11,1979
6560,Вариант,Russian,1,6.227037189459367e-11,1980
6561,Вариант,Russian,1,6.167997610677972e-11,1981
6562,Вариант,Russian,1,5.370856735544192e-11,1982
6563,Вариант,Russian,1,6.125874609162553e-11,1983
6564,Вариант,Russian,1,5.322383952217307e-11,1984
6565,Вариант,Russian,1,5.322383952217307e-11,1985
6566,Вариант,Russian,1,3.6602184081254865e-11,1986
6567,Вариант,Russian,1,2.1911368057260715e-11,1987
6568,Вариант,Russian,1,2.8438473798075847e-11,1988
6569,Вариант,Russian,1,2.8438473798075847e-11,1989
6570,Вариант,Russian,1,5.3168939489240636e-11,1990
6571,Вариант,Russian,1,5.3168939489240636e-11,1991
6572,Вариант,Russian,1,6.678461950127002e-11,1992
6573,Вариант,Russian,1,5.983743361914762e-11,1993
6574,Вариант,Russian,1,8.105731661275532e-11,1994
6575,Вариант,Russian,1,6.711620743298547e-11,1995
6576,Вариант,Russian,1,1.0916969907435816e-10,1996
6577,Вариант,Russian,1,8.367562743884425e-11,1997
6578,Вариант,Russian,1,8.367562743884425e-11,1998
6579,Вариант,Russian,1,8.386037548903578e-11,1999
6580,Вариант,Russian,1,9.040559322984595e-11,2000
6581,Вариант,Russian,1,6.918571023623826e-11,2001
6582,Вариант,Russian,1,7.62238551047353e-11,2002
6583,Вариант,Russian,1,4.122854537927775e-11,2003
6584,Вариант,Russian,1,3.444197258744326e-11,2004
6585,Вариант,Russian,1,4.166731394440935e-11,2005
6586,Вариант,Russian,1,2.786688588218844e-11,2006
6587,Вариант,Russian,1,2.1321668141378273e-11,2007
6588,Вариант,Russian,1,2.1321668141378273e-11,2008
6589,Вариант,Russian,1,1.428352327288123e-11,2009
6590,Вариант,Russian,1,7.2253413569660954e-12,2010
6591,Вариант,Russian,1,1.3808975788239967e-11,2011
6592,Вариант,Russian,1,6.583634431273871e-12,2012
6593,Вариант,Russian,1,6.583634431273871e-12,2013
6594,Вариант,Russian,1,6.583634431273871e-12,2014
6595,Вариант,Russian,1,1.4425428113933642e-11,2015
6596,Вариант,Russian,1,1.4425428113933642e-11,2016
6597,Вариант,Russian,1,1.6829666132922583e-11,2017
6598,Вариант,Russian,1,1.097851115572368e-11,2018
6599,Вариант,Russian,1,1.37231389446546e-11,2019
6600,Выбор,Russian,0,0.0,1900
6601,Выбор,Russian,0,0.0,1901
6602,Выбор,Russian,0,0.0,1902
6603,Выбор,Russian,0,0.0,1903
6604,Выбор,Russian,0,0.0,1904
6605,Выбор,Russian,0,0.0,1905
6606,Выбор,Russian,0,0.0,1906
6607,Выбор,Russian,0,0.0,1907
6608,Выбор,Russian,0,0.0,1908
6609,Выбор,Russian,0,0.0,1909
6610,Выбор,Russian,0,0.0,1910
6611,Выбор,Russian,0,1.443619628600195e-11,1911
6612,Выбор,Russian,0,1.443619628600195e-11,1912
6613,Выбор,Russian,0,1.443619628600195e-11,1913
6614,Выбор,Russian,0,1.443619628600195e-11,1914
6615,Выбор,Russian,0,1.443619628600195e-11,1915
6616,Выбор,Russian,0,1.443619628600195e-11,1916
6617,Выбор,Russian,0,2.916098612582019e-11,1917
6618,Выбор,Russian,0,1.472478983981824e-11,1918
6619,Выбор,Russian,0,1.472478983981824e-11,1919
6620,Выбор,Russian,0,1.472478983981824e-11,1920
6621,Выбор,Russian,0,1.472478983981824e-11,1921
6622,Выбор,Russian,0,1.472478983981824e-11,1922
6623,Выбор,Russian,0,1.472478983981824e-11,1923
6624,Выбор,Russian,0,0.0,1924
6625,Выбор,Russian,0,0.0,1925
6626,Выбор,Russian,0,0.0,1926
6627,Выбор,Russian,0,0.0,1927
6628,Выбор,Russian,0,0.0,1928
6629,Выбор,Russian,0,0.0,1929
6630,Выбор,Russian,0,0.0,1930
6631,Выбор,Russian,0,0.0,1931
6632,Выбор,Russian,0,0.0,1932
6633,Выбор,Russian,0,0.0,1933
6634,Выбор,Russian,0,0.0,1934
6635,Выбор,Russian,0,0.0,1935
6636,Выбор,Russian,0,0.0,1936
6637,Выбор,Russian,0,0.0,1937
6638,Выбор,Russian,0,0.0,1938
6639,Выбор,Russian,0,0.0,1939
6640,Выбор,Russian,0,0.0,1940
6641,Выбор,Russian,0,0.0,1941
6642,Выбор,Russian,0,1.954908655589703e-11,1942
6643,Выбор,Russian,0,1.954908655589703e-11,1943
6644,Выбор,Russian,0,1.954908655589703e-11,1944
6645,Выбор,Russian,0,1.954908655589703e-11,1945
6646,Выбор,Russian,0,1.954908655589703e-11,1946
6647,Выбор,Russian,0,1.954908655589703e-11,1947
6648,Выбор,Russian,0,1.954908655589703e-11,1948
6649,Выбор,Russian,0,0.0,1949
6650,Выбор,Russian,0,0.0,1950
6651,Выбор,Russian,0,0.0,1951
6652,Выбор,Russian,0,0.0,1952
6653,Выбор,Russian,0,1.187617662942334e-11,1953
6654,Выбор,Russian,0,4.5519142027090305e-11,1954
6655,Выбор,Russian,0,5.697284410117425e-11,1955
6656,Выбор,Russian,0,5.697284410117425e-11,1956
6657,Выбор,Russian,0,5.697284410117425e-11,1957
6658,Выбор,Russian,0,5.697284410117425e-11,1958
6659,Выбор,Russian,0,5.697284410117425e-11,1959
6660,Выбор,Russian,0,5.4052450015884546e-11,1960
6661,Выбор,Russian,0,3.129746858502155e-11,1961
6662,Выбор,Russian,0,1.98437665109376e-11,1962
6663,Выбор,Russian,0,1.98437665109376e-11,1963
6664,Выбор,Russian,0,2.8783659979301847e-11,1964
6665,Выбор,Russian,0,2.8783659979301847e-11,1965
6666,Выбор,Russian,0,5.550654975332898e-11,1966
6667,Выбор,Russian,0,8.224949293073841e-11,1967
6668,Выбор,Russian,0,8.853491650124517e-11,1968
6669,Выбор,Russian,0,1.4825595810531921e-10,1969
6670,Выбор,Russian,0,1.653772942002339e-10,1970
6671,Выбор,Russian,0,1.8234585468552515e-10,1971
6672,Выбор,Russian,0,2.1608834364718532e-10,1972
6673,Выбор,Russian,0,2.2998407741717638e-10,1973
6674,Выбор,Russian,0,2.1029415014917063e-10,1974
6675,Выбор,Russian,0,2.4094919412861616e-10,1975
6676,Выбор,Russian,0,1.890400088450888e-10,1976
6677,Выбор,Russian,0,1.8798848588907902e-10,1977
6678,Выбор,Russian,0,1.7800803985596707e-10,1978
6679,Выбор,Russian,0,1.6783439221734753e-10,1979
6680,Выбор,Russian,0,1.7128821674531177e-10,1980
6681,Выбор,Russian,0,1.9976343793423216e-10,1981
6682,Выбор,Russian,0,2.1237202274537736e-10,1982
6683,Выбор,Russian,0,2.4231106010574877e-10,1983
6684,Выбор,Russian,0,2.4913319125939385e-10,1984
6685,Выбор,Russian,0,2.5555925827916836e-10,1985
6686,Выбор,Russian,0,2.528319755937655e-10,1986
6687,Выбор,Russian,0,2.571677692226564e-10,1987
6688,Выбор,Russian,0,2.405659679397384e-10,1988
6689,Выбор,Russian,0,1.8685271881345245e-10,1989
6690,Выбор,Russian,0,1.4910182513253441e-10,1990
6691,Выбор,Russian,0,1.465108718869322e-10,1991
6692,Выбор,Russian,0,1.3096463695262883e-10,1992
6693,Выбор,Russian,0,1.1712616045695638e-10,1993
6694,Выбор,Russian,0,7.579121308728557e-11,1994
6695,Выбор,Russian,0,5.507793080743768e-11,1995
6696,Выбор,Russian,0,5.5363058879384244e-11,1996
6697,Выбор,Russian,0,5.5363058879384244e-11,1997
6698,Выбор,Russian,0,4.2076053950536514e-11,1998
6699,Выбор,Russian,0,4.216842797563228e-11,1999
6700,Выбор,Russian,0,5.4801000047368016e-11,2000
6701,Выбор,Russian,0,5.443646674303209e-11,2001
6702,Выбор,Russian,0,6.134382040033439e-11,2002
6703,Выбор,Russian,0,6.845126895860254e-11,2003
6704,Выбор,Russian,0,6.845126895860254e-11,2004
6705,Выбор,Russian,0,6.86626241974686e-11,2005
6706,Выбор,Russian,0,6.176241016635814e-11,2006
6707,Выбор,Russian,0,7.38010183719075e-11,2007
6708,Выбор,Russian,0,6.709225734504086e-11,2008
6709,Выбор,Russian,0,6.499015413132168e-11,2009
6710,Выбор,Russian,0,5.0873790299491415e-11,2010
6711,Выбор,Russian,0,7.72083280245869e-11,2011
6712,Выбор,Russian,0,7.750362504554964e-11,2012
6713,Выбор,Russian,0,8.481168446110893e-11,2013
6714,Выбор,Russian,0,5.313742204185853e-11,2014
6715,Выбор,Russian,0,5.313742204185853e-11,2015
6716,Выбор,Russian,0,4.1163235518583614e-11,2016
6717,Выбор,Russian,0,4.8023774771680884e-11,2017
6718,Выбор,Russian,0,2.0760176910883386e-11,2018
6719,Выбор,Russian,0,1.2789103977228766e-11,2019
6720,вариант,Russian,1,0.0,1900
6721,вариант,Russian,1,0.0,1901
6722,вариант,Russian,1,0.0,1902
6723,вариант,Russian,1,0.0,1903
6724,вариант,Russian,1,0.0,1904
6725,вариант,Russian,1,0.0,1905
6726,вариант,Russian,1,0.0,1906
6727,вариант,Russian,1,0.0,1907
6728,вариант,Russian,1,0.0,1908
6729,вариант,Russian,1,0.0,1909
6730,вариант,Russian,1,0.0,1910
6731,вариант,Russian,1,0.0,1911
6732,вариант,Russian,1,0.0,1912
6733,вариант,Russian,1,0.0,1913
6734,вариант,Russian,1,0.0,1914
6735,вариант,Russian,1,0.0,1915
6736,вариант,Russian,1,0.0,1916
6737,вариант,Russian,1,0.0,1917
6738,вариант,Russian,1,0.0,1918
6739,вариант,Russian,1,0.0,1919
6740,вариант,Russian,1,0.0,1920
6741,вариант,Russian,1,0.0,1921
6742,вариант,Russian,1,0.0,1922
6743,вариант,Russian,1,0.0,1923
6744,вариант,Russian,1,0.0,1924
6745,вариант,Russian,1,0.0,1925
6746,вариант,Russian,1,0.0,1926
6747,вариант,Russian,1,0.0,1927
6748,вариант,Russian,1,0.0,1928
6749,вариант,Russian,1,0.0,1929
6750,вариант,Russian,1,0.0,1930
6751,вариант,Russian,1,0.0,1931
6752,вариант,Russian,1,0.0,1932
6753,вариант,Russian,1,1.580850628973047e-11,1933
6754,вариант,Russian,1,1.580850628973047e-11,1934
6755,вариант,Russian,1,1.580850628973047e-11,1935
6756,вариант,Russian,1,1.580850628973047e-11,1936
6757,вариант,Russian,1,1.580850628973047e-11,1937
6758,вариант,Russian,1,1.580850628973047e-11,1938
6759,вариант,Russian,1,1.580850628973047e-11,1939
6760,вариант,Russian,1,0.0,1940
6761,вариант,Russian,1,0.0,1941
6762,вариант,Russian,1,0.0,1942
6763,вариант,Russian,1,0.0,1943
6764,вариант,Russian,1,2.991208074882528e-11,1944
6765,вариант,Russian,1,2.991208074882528e-11,1945
6766,вариант,Russian,1,2.991208074882528e-11,1946
6767,вариант,Russian,1,2.991208074882528e-11,1947
6768,вариант,Russian,1,2.991208074882528e-11,1948
6769,вариант,Russian,1,2.991208074882528e-11,1949
6770,вариант,Russian,1,2.991208074882528e-11,1950
6771,вариант,Russian,1,0.0,1951
6772,вариант,Russian,1,2.4707829036709127e-11,1952
6773,вариант,Russian,1,2.4707829036709127e-11,1953
6774,вариант,Russian,1,2.4707829036709127e-11,1954
6775,вариант,Russian,1,3.6161531110793075e-11,1955
6776,вариант,Russian,1,3.6161531110793075e-11,1956
6777,вариант,Russian,1,4.624646598212172e-11,1957
6778,вариант,Russian,1,5.566657155072921e-11,1958
6779,вариант,Russian,1,6.799942256100318e-11,1959
6780,вариант,Russian,1,9.48667701934041e-11,1960
6781,вариант,Russian,1,9.48667701934041e-11,1961
6782,вариант,Russian,1,8.341306811932014e-11,1962
6783,вариант,Russian,1,8.341306811932014e-11,1963
6784,вариант,Russian,1,7.33281332479915e-11,1964
6785,вариант,Russian,1,6.390802767938401e-11,1965
6786,вариант,Russian,1,4.4682606820905284e-11,1966
6787,вариант,Russian,1,2.6739940618890147e-11,1967
6788,вариант,Russian,1,6.967345847089642e-11,1968
6789,вариант,Russian,1,6.967345847089642e-11,1969
6790,вариант,Russian,1,1.5528013894546992e-10,1970
6791,вариант,Russian,1,1.8982474421701057e-10,1971
6792,вариант,Russian,1,2.1513161192952624e-10,1972
6793,вариант,Russian,1,2.379349762850401e-10,1973
6794,вариант,Russian,1,2.9304548866880356e-10,1974
6795,вариант,Russian,1,3.2982605535636367e-10,1975
6796,вариант,Russian,1,3.6107348063855026e-10,1976
6797,вариант,Russian,1,2.7546680016397676e-10,1977
6798,вариант,Russian,1,2.8074221518943025e-10,1978
6799,вариант,Russian,1,5.853991180693185e-10,1979
6800,вариант,Russian,1,6.035437586212769e-10,1980
6801,вариант,Russian,1,5.691645785629465e-10,1981
6802,вариант,Russian,1,4.894504940233801e-10,1982
6803,вариант,Russian,1,4.884037836859281e-10,1983
6804,вариант,Russian,1,5.11295727978478e-10,1984
6805,вариант,Russian,1,5.236352145538653e-10,1985
6806,вариант,Russian,1,2.0756581572570606e-10,1986
6807,вариант,Russian,1,1.557180148714643e-10,1987
6808,вариант,Russian,1,1.8182643783472485e-10,1988
6809,вариант,Russian,1,2.1544537483407312e-10,1989
6810,вариант,Russian,1,2.110691750347092e-10,1990
6811,вариант,Russian,1,1.949442279230202e-10,1991
6812,вариант,Russian,1,1.5640040106266818e-10,1992
6813,вариант,Russian,1,1.775214405038853e-10,1993
6814,вариант,Russian,1,2.4133892057417606e-10,1994
6815,вариант,Russian,1,2.142502281738639e-10,1995
6816,вариант,Russian,1,1.806312911745156e-10,1996
6817,вариант,Russian,1,1.8873964048395286e-10,1997
6818,вариант,Russian,1,2.1002858777549197e-10,1998
6819,вариант,Russian,1,5.552240472939118e-10,1999
6820,вариант,Russian,1,5.529347238012302e-10,2000
6821,вариант,Russian,1,4.822017804892046e-10,2001
6822,вариант,Russian,1,4.676023259074315e-10,2002
6823,вариант,Russian,1,4.676023259074315e-10,2003
6824,вариант,Russian,1,4.6182734620663675e-10,2004
6825,вариант,Russian,1,4.482220844481688e-10,2005
6826,вариант,Russian,1,9.733011123249012e-11,2006
6827,вариант,Russian,1,1.041968525350434e-10,2007
6828,вариант,Russian,1,1.20008745004999e-10,2008
6829,вариант,Russian,1,1.059324552680049e-10,2009
6830,вариант,Russian,1,1.059324552680049e-10,2010
6831,вариант,Russian,1,1.5019454529292224e-10,2011
6832,вариант,Russian,1,2.4103279887872324e-10,2012
6833,вариант,Russian,1,3.4273452429297736e-10,2013
6834,вариант,Russian,1,4.5567220730806975e-10,2014
6835,вариант,Russian,1,5.261200443561011e-10,2015
6836,вариант,Russian,1,6.608878285899575e-10,2016
6837,вариант,Russian,1,7.71035800021617e-10,2017
6838,вариант,Russian,1,8.238549953354379e-10,2018
6839,вариант,Russian,1,8.455631056447643e-10,2019
6840,вариант (All),Russian,1,0.0,1900
6841,вариант (All),Russian,1,0.0,1901
6842,вариант (All),Russian,1,0.0,1902
6843,вариант (All),Russian,1,0.0,1903
6844,вариант (All),Russian,1,0.0,1904
6845,вариант (All),Russian,1,0.0,1905
6846,вариант (All),Russian,1,0.0,1906
6847,вариант (All),Russian,1,0.0,1907
6848,вариант (All),Russian,1,0.0,1908
6849,вариант (All),Russian,1,0.0,1909
6850,вариант (All),Russian,1,0.0,1910
6851,вариант (All),Russian,1,0.0,1911
6852,вариант (All),Russian,1,0.0,1912
6853,вариант (All),Russian,1,0.0,1913
6854,вариант (All),Russian,1,0.0,1914
6855,вариант (All),Russian,1,0.0,1915
6856,вариант (All),Russian,1,0.0,1916
6857,вариант (All),Russian,1,0.0,1917
6858,вариант (All),Russian,1,0.0,1918
6859,вариант (All),Russian,1,0.0,1919
6860,вариант (All),Russian,1,0.0,1920
6861,вариант (All),Russian,1,0.0,1921
6862,вариант (All),Russian,1,0.0,1922
6863,вариант (All),Russian,1,0.0,1923
6864,вариант (All),Russian,1,0.0,1924
6865,вариант (All),Russian,1,0.0,1925
6866,вариант (All),Russian,1,0.0,1926
6867,вариант (All),Russian,1,0.0,1927
6868,вариант (All),Russian,1,0.0,1928
6869,вариант (All),Russian,1,0.0,1929
6870,вариант (All),Russian,1,0.0,1930
6871,вариант (All),Russian,1,0.0,1931
6872,вариант (All),Russian,1,0.0,1932
6873,вариант (All),Russian,1,1.580850628973047e-11,1933
6874,вариант (All),Russian,1,1.580850628973047e-11,1934
6875,вариант (All),Russian,1,1.580850628973047e-11,1935
6876,вариант (All),Russian,1,1.580850628973047e-11,1936
6877,вариант (All),Russian,1,1.580850628973047e-11,1937
6878,вариант (All),Russian,1,1.580850628973047e-11,1938
6879,вариант (All),Russian,1,1.580850628973047e-11,1939
6880,вариант (All),Russian,1,0.0,1940
6881,вариант (All),Russian,1,0.0,1941
6882,вариант (All),Russian,1,0.0,1942
6883,вариант (All),Russian,1,0.0,1943
6884,вариант (All),Russian,1,2.991208074882528e-11,1944
6885,вариант (All),Russian,1,2.991208074882528e-11,1945
6886,вариант (All),Russian,1,2.991208074882528e-11,1946
6887,вариант (All),Russian,1,2.991208074882528e-11,1947
6888,вариант (All),Russian,1,2.991208074882528e-11,1948
6889,вариант (All),Russian,1,2.991208074882528e-11,1949
6890,вариант (All),Russian,1,2.991208074882528e-11,1950
6891,вариант (All),Russian,1,0.0,1951
6892,вариант (All),Russian,1,2.4707829036709127e-11,1952
6893,вариант (All),Russian,1,2.4707829036709127e-11,1953
6894,вариант (All),Russian,1,2.4707829036709127e-11,1954
6895,вариант (All),Russian,1,3.6161531110793075e-11,1955
6896,вариант (All),Russian,1,3.6161531110793075e-11,1956
6897,вариант (All),Russian,1,1.168410120639634e-10,1957
6898,вариант (All),Russian,1,1.3568122320117837e-10,1958
6899,вариант (All),Russian,1,1.572742442231981e-10,1959
6900,вариант (All),Russian,1,1.9309737439973266e-10,1960
6901,вариант (All),Russian,1,2.802012461341644e-10,1961
6902,вариант (All),Russian,1,2.6874754406008046e-10,1962
6903,вариант (All),Russian,1,2.6874754406008046e-10,1963
6904,вариант (All),Russian,1,1.8806806310691012e-10,1964
6905,вариант (All),Russian,1,1.780537235508893e-10,1965
6906,вариант (All),Russian,1,1.5847576227491697e-10,1966
6907,вариант (All),Russian,1,1.3157731352876822e-10,1967
6908,вариант (All),Russian,1,8.740695964634274e-11,1968
6909,вариант (All),Russian,1,9.593853687674323e-11,1969
6910,вариант (All),Russian,1,1.9866655344623144e-10,1970
6911,вариант (All),Russian,1,2.504834613535424e-10,1971
6912,вариант (All),Russian,1,2.75400079725279e-10,1972
6913,вариант (All),Russian,1,2.974195388979631e-10,1973
6914,вариант (All),Russian,1,3.605344505084953e-10,1974
6915,вариант (All),Russian,1,4.0528642594739317e-10,1975
6916,вариант (All),Russian,1,4.2800227399917926e-10,1976
6917,вариант (All),Russian,1,3.333091639991435e-10,1977
6918,вариант (All),Russian,1,3.213122763888267e-10,1978
6919,вариант (All),Russian,1,6.411023983513406e-10,1979
6920,вариант (All),Russian,1,6.658141305158706e-10,1980
6921,вариант (All),Russian,1,6.308445546697262e-10,1981
6922,вариант (All),Russian,1,5.431590613788221e-10,1982
6923,вариант (All),Russian,1,5.496625297775536e-10,1983
6924,вариант (All),Russian,1,5.645195675006511e-10,1984
6925,вариант (All),Russian,1,5.768590540760384e-10,1985
6926,вариант (All),Russian,1,2.4416799980696094e-10,1986
6927,вариант (All),Russian,1,1.7762938292872502e-10,1987
6928,вариант (All),Russian,1,2.102649116328007e-10,1988
6929,вариант (All),Russian,1,2.43883848632149e-10,1989
6930,вариант (All),Russian,1,2.6423811452394984e-10,1990
6931,вариант (All),Russian,1,2.4811316741226083e-10,1991
6932,вариант (All),Russian,1,2.231850205639382e-10,1992
6933,вариант (All),Russian,1,2.373588741230329e-10,1993
6934,вариант (All),Russian,1,3.2239623718693135e-10,1994
6935,вариант (All),Russian,1,2.8136643560684934e-10,1995
6936,вариант (All),Russian,1,2.8980099024887377e-10,1996
6937,вариант (All),Russian,1,2.724152679227971e-10,1997
6938,вариант (All),Russian,1,2.9370421521433624e-10,1998
6939,вариант (All),Russian,1,6.390844227829476e-10,1999
6940,вариант (All),Russian,1,6.433403170310762e-10,2000
6941,вариант (All),Russian,1,5.513874907254429e-10,2001
6942,вариант (All),Russian,1,5.438261810121669e-10,2002
6943,вариант (All),Russian,1,5.088308712867093e-10,2003
6944,вариант (All),Russian,1,4.9626931879408e-10,2004
6945,вариант (All),Russian,1,4.898893983925781e-10,2005
6946,вариант (All),Russian,1,1.2519699711467855e-10,2006
6947,вариант (All),Russian,1,1.2551852067642167e-10,2007
6948,вариант (All),Russian,1,1.4133041314637725e-10,2008
6949,вариант (All),Russian,1,1.2021597854088613e-10,2009
6950,вариант (All),Russian,1,1.13157796624971e-10,2010
6951,вариант (All),Russian,1,1.640035210811622e-10,2011
6952,вариант (All),Russian,1,2.476164333099971e-10,2012
6953,вариант (All),Russian,1,3.4931815872425124e-10,2013
6954,вариант (All),Russian,1,4.6225584173934363e-10,2014
6955,вариант (All),Russian,1,5.405454724700348e-10,2015
6956,вариант (All),Russian,1,6.753132567038911e-10,2016
6957,вариант (All),Russian,1,7.878654661545396e-10,2017
6958,вариант (All),Russian,1,8.348335064911616e-10,2018
6959,вариант (All),Russian,1,8.592862445894189e-10,2019
6960,выбор,Russian,0,0.0,1900
6961,выбор,Russian,0,0.0,1901
6962,выбор,Russian,0,0.0,1902
6963,выбор,Russian,0,0.0,1903
6964,выбор,Russian,0,0.0,1904
6965,выбор,Russian,0,0.0,1905
6966,выбор,Russian,0,0.0,1906
6967,выбор,Russian,0,0.0,1907
6968,выбор,Russian,0,0.0,1908
6969,выбор,Russian,0,0.0,1909
6970,выбор,Russian,0,0.0,1910
6971,выбор,Russian,0,0.0,1911
6972,выбор,Russian,0,0.0,1912
6973,выбор,Russian,0,0.0,1913
6974,выбор,Russian,0,0.0,1914
6975,выбор,Russian,0,0.0,1915
6976,выбор,Russian,0,0.0,1916
6977,выбор,Russian,0,0.0,1917
6978,выбор,Russian,0,0.0,1918
6979,выбор,Russian,0,0.0,1919
6980,выбор,Russian,0,0.0,1920
6981,выбор,Russian,0,0.0,1921
6982,выбор,Russian,0,0.0,1922
6983,выбор,Russian,0,0.0,1923
6984,выбор,Russian,0,0.0,1924
6985,выбор,Russian,0,0.0,1925
6986,выбор,Russian,0,0.0,1926
6987,выбор,Russian,0,0.0,1927
6988,выбор,Russian,0,0.0,1928
6989,выбор,Russian,0,0.0,1929
6990,выбор,Russian,0,0.0,1930
6991,выбор,Russian,0,2.0339920224289797e-11,1931
6992,выбор,Russian,0,2.0339920224289797e-11,1932
6993,выбор,Russian,0,2.0339920224289797e-11,1933
6994,выбор,Russian,0,2.0339920224289797e-11,1934
6995,выбор,Russian,0,2.0339920224289797e-11,1935
6996,выбор,Russian,0,2.0339920224289797e-11,1936
6997,выбор,Russian,0,2.0339920224289797e-11,1937
6998,выбор,Russian,0,0.0,1938
6999,выбор,Russian,0,0.0,1939
7000,выбор,Russian,0,0.0,1940
7001,выбор,Russian,0,0.0,1941
7002,выбор,Russian,0,0.0,1942
7003,выбор,Russian,0,1.1483007402089486e-10,1943
7004,выбор,Russian,0,1.297861143953075e-10,1944
7005,выбор,Russian,0,1.297861143953075e-10,1945
7006,выбор,Russian,0,1.4291028083146529e-10,1946
7007,выбор,Russian,0,1.4291028083146529e-10,1947
7008,выбор,Russian,0,1.4291028083146529e-10,1948
7009,выбор,Russian,0,1.4291028083146529e-10,1949
7010,выбор,Russian,0,2.8080206810570426e-11,1950
7011,выбор,Russian,0,1.3124166436157785e-11,1951
7012,выбор,Russian,0,1.3124166436157785e-11,1952
7013,выбор,Russian,0,1.187617662942334e-11,1953
7014,выбор,Russian,0,2.309049875906918e-11,1954
7015,выбор,Russian,0,2.309049875906918e-11,1955
7016,выбор,Russian,0,2.309049875906918e-11,1956
7017,выбор,Russian,0,2.309049875906918e-11,1957
7018,выбор,Russian,0,2.309049875906918e-11,1958
7019,выбор,Russian,0,2.309049875906918e-11,1959
7020,выбор,Russian,0,1.1214322129645841e-11,1960
7021,выбор,Russian,0,2.1775967933607935e-11,1961
7022,выбор,Russian,0,2.1775967933607935e-11,1962
7023,выбор,Russian,0,4.143539083274155e-11,1963
7024,выбор,Russian,0,5.931517776947004e-11,1964
7025,выбор,Russian,0,6.814104935066417e-11,1965
7026,выбор,Russian,0,6.814104935066417e-11,1966
7027,выбор,Russian,0,7.706573078104993e-11,1967
7028,выбор,Russian,0,6.387646661609736e-11,1968
7029,выбор,Russian,0,1.1506593198104146e-10,1969
7030,выбор,Russian,0,1.210885132242799e-10,1970
7031,выбор,Russian,0,1.032087262875514e-10,1971
7032,выбор,Russian,0,1.1125409918718735e-10,1972
7033,выбор,Russian,0,1.7624389447856714e-10,1973
7034,выбор,Russian,0,1.833280115017187e-10,1974
7035,выбор,Russian,0,1.8271271648440113e-10,1975
7036,выбор,Russian,0,1.7058253073964913e-10,1976
7037,выбор,Russian,0,1.931099670052624e-10,1977
7038,выбор,Russian,0,2.647860051258848e-10,1978
7039,выбор,Russian,0,5.228845853323869e-10,1979
7040,выбор,Russian,0,5.093126441424456e-10,1980
7041,выбор,Russian,0,5.229598594447271e-10,1981
7042,выбор,Russian,0,5.300977097753647e-10,1982
7043,выбор,Russian,0,5.21239145099907e-10,1983
7044,выбор,Russian,0,4.730297046919216e-10,1984
7045,выбор,Russian,0,4.1625638253733095e-10,1985
7046,выбор,Russian,0,1.4823374373212113e-10,1986
7047,выбор,Russian,0,1.2447774259762212e-10,1987
7048,выбор,Russian,0,1.1573339211582275e-10,1988
7049,выбор,Russian,0,1.2751928184030958e-10,1989
7050,выбор,Russian,0,1.360553386223603e-10,1990
7051,выбор,Russian,0,1.6989032502230065e-10,1991
7052,выбор,Russian,0,2.4348952913445995e-10,1992
7053,выбор,Russian,0,2.435454253943029e-10,1993
7054,выбор,Russian,0,2.72469927076984e-10,1994
7055,выбор,Russian,0,3.1607868852019065e-10,1995
7056,выбор,Russian,0,3.2422811806408017e-10,1996
7057,выбор,Russian,0,2.9227791912912945e-10,1997
7058,выбор,Russian,0,3.075408370427952e-10,1998
7059,выбор,Russian,0,2.3973955856230033e-10,1999
7060,выбор,Russian,0,2.5237213063403606e-10,2000
7061,выбор,Russian,0,2.360383431368859e-10,2001
7062,выбор,Russian,0,2.1374678961318316e-10,2002
7063,выбор,Russian,0,1.9281857509466172e-10,2003
7064,выбор,Russian,0,1.8603200230282724e-10,2004
7065,выбор,Russian,0,1.4415943934618725e-10,2005
7066,выбор,Russian,0,1.392971303780323e-10,2006
7067,выбор,Russian,0,1.592543051796648e-10,2007
7068,выбор,Russian,0,1.2690768426217224e-10,2008
7069,выбор,Russian,0,8.467881306864885e-11,2009
7070,выбор,Russian,0,8.217779581820572e-11,2010
7071,выбор,Russian,0,9.534506468075347e-11,2011
7072,выбор,Russian,0,1.0316100007964505e-10,2012
7073,выбор,Russian,0,1.3117102493473024e-10,2013
7074,выбор,Russian,0,9.157819591939668e-11,2014
7075,выбор,Russian,0,1.0719762974112764e-10,2015
7076,выбор,Russian,0,1.3098018106624413e-10,2016
7077,выбор,Russian,0,1.392589735656665e-10,2017
7078,выбор,Russian,0,1.4867659187123294e-10,2018
7079,выбор,Russian,0,1.5952350551629024e-10,2019
7080,выбор (All),Russian,0,0.0,1900
7081,выбор (All),Russian,0,0.0,1901
7082,выбор (All),Russian,0,0.0,1902
7083,выбор (All),Russian,0,0.0,1903
7084,выбор (All),Russian,0,0.0,1904
7085,выбор (All),Russian,0,0.0,1905
7086,выбор (All),Russian,0,0.0,1906
7087,выбор (All),Russian,0,0.0,1907
7088,выбор (All),Russian,0,0.0,1908
7089,выбор (All),Russian,0,0.0,1909
7090,выбор (All),Russian,0,0.0,1910
7091,выбор (All),Russian,0,1.443619628600195e-11,1911
7092,выбор (All),Russian,0,1.443619628600195e-11,1912
7093,выбор (All),Russian,0,1.443619628600195e-11,1913
7094,выбор (All),Russian,0,1.443619628600195e-11,1914
7095,выбор (All),Russian,0,1.443619628600195e-11,1915
7096,выбор (All),Russian,0,1.443619628600195e-11,1916
7097,выбор (All),Russian,0,2.916098612582019e-11,1917
7098,выбор (All),Russian,0,1.472478983981824e-11,1918
7099,выбор (All),Russian,0,1.472478983981824e-11,1919
7100,выбор (All),Russian,0,1.472478983981824e-11,1920
7101,выбор (All),Russian,0,1.472478983981824e-11,1921
7102,выбор (All),Russian,0,1.472478983981824e-11,1922
7103,выбор (All),Russian,0,1.472478983981824e-11,1923
7104,выбор (All),Russian,0,0.0,1924
7105,выбор (All),Russian,0,0.0,1925
7106,выбор (All),Russian,0,0.0,1926
7107,выбор (All),Russian,0,0.0,1927
7108,выбор (All),Russian,0,0.0,1928
7109,выбор (All),Russian,0,0.0,1929
7110,выбор (All),Russian,0,0.0,1930
7111,выбор (All),Russian,0,2.0339920224289797e-11,1931
7112,выбор (All),Russian,0,2.0339920224289797e-11,1932
7113,выбор (All),Russian,0,2.0339920224289797e-11,1933
7114,выбор (All),Russian,0,2.0339920224289797e-11,1934
7115,выбор (All),Russian,0,2.0339920224289797e-11,1935
7116,выбор (All),Russian,0,2.0339920224289797e-11,1936
7117,выбор (All),Russian,0,2.0339920224289797e-11,1937
7118,выбор (All),Russian,0,0.0,1938
7119,выбор (All),Russian,0,0.0,1939
7120,выбор (All),Russian,0,0.0,1940
7121,выбор (All),Russian,0,0.0,1941
7122,выбор (All),Russian,0,1.954908655589703e-11,1942
7123,выбор (All),Russian,0,1.343791605767919e-10,1943
7124,выбор (All),Russian,0,1.7924728170002982e-10,1944
7125,выбор (All),Russian,0,1.7924728170002982e-10,1945
7126,выбор (All),Russian,0,1.923714481361876e-10,1946
7127,выбор (All),Russian,0,1.923714481361876e-10,1947
7128,выбор (All),Russian,0,1.923714481361876e-10,1948
7129,выбор (All),Russian,0,1.7282236158029056e-10,1949
7130,выбор (All),Russian,0,5.799228755939571e-11,1950
7131,выбор (All),Russian,0,1.3124166436157785e-11,1951
7132,выбор (All),Russian,0,1.3124166436157785e-11,1952
7133,выбор (All),Russian,0,2.375235325884668e-11,1953
7134,выбор (All),Russian,0,6.860964078615948e-11,1954
7135,выбор (All),Russian,0,8.006334286024343e-11,1955
7136,выбор (All),Russian,0,8.006334286024343e-11,1956
7137,выбор (All),Russian,0,8.006334286024343e-11,1957
7138,выбор (All),Russian,0,8.006334286024343e-11,1958
7139,выбор (All),Russian,0,8.006334286024343e-11,1959
7140,выбор (All),Russian,0,6.526677214553039e-11,1960
7141,выбор (All),Russian,0,5.3073436518629484e-11,1961
7142,выбор (All),Russian,0,4.161973444454553e-11,1962
7143,выбор (All),Russian,0,7.110886879324596e-11,1963
7144,выбор (All),Russian,0,9.792854919833869e-11,1964
7145,выбор (All),Russian,0,1.0675442077953282e-10,1965
7146,выбор (All),Russian,0,1.3347731055355994e-10,1966
7147,выбор (All),Russian,0,1.7806961659174092e-10,1967
7148,выбор (All),Russian,0,1.711657759972951e-10,1968
7149,выбор (All),Russian,0,2.8207628296631325e-10,1969
7150,выбор (All),Russian,0,2.9539048885489956e-10,1970
7151,выбор (All),Russian,0,2.944792624034623e-10,1971
7152,выбор (All),Russian,0,3.362671242647584e-10,1972
7153,выбор (All),Russian,0,4.2327637773755175e-10,1973
7154,выбор (All),Russian,0,4.017458860623118e-10,1974
7155,выбор (All),Russian,0,4.317856350244398e-10,1975
7156,выбор (All),Russian,0,3.6774626399616045e-10,1976
7157,выбор (All),Russian,0,3.8922217730576394e-10,1977
7158,выбор (All),Russian,0,4.987017921636345e-10,1978
7159,выбор (All),Russian,0,8.644709353118023e-10,1979
7160,выбор (All),Russian,0,8.75610726286391e-10,1980
7161,выбор (All),Russian,0,1.1920512865494702e-09,1981
7162,выбор (All),Russian,0,1.2948986446595765e-09,1982
7163,выбор (All),Russian,0,1.376380547233959e-09,1983
7164,выбор (All),Russian,0,1.4418223073797698e-09,1984
7165,выбор (All),Russian,0,1.3660451044149114e-09,1985
7166,выбор (All),Russian,0,9.774509723440137e-10,1986
7167,выбор (All),Russian,0,9.355645960321522e-10,1987
7168,выбор (All),Russian,0,6.359003204955574e-10,1988
7169,выбор (All),Russian,0,5.108720381254349e-10,1989
7170,выбор (All),Russian,0,4.212557713370987e-10,1990
7171,выбор (All),Russian,0,3.4567073509128576e-10,1991
7172,выбор (All),Russian,0,3.8817746933483827e-10,1992
7173,выбор (All),Russian,0,3.813979712409741e-10,1993
7174,выбор (All),Russian,0,3.620720623122496e-10,1994
7175,выбор (All),Russian,0,3.993054136349919e-10,1995
7176,выбор (All),Russian,0,4.07739971250828e-10,1996
7177,выбор (All),Russian,0,3.825763451077118e-10,1997
7178,выбор (All),Russian,0,3.845522580925298e-10,1998
7179,выбор (All),Russian,0,3.10035513631116e-10,1999
7180,выбор (All),Russian,0,3.2829757563262214e-10,2000
7181,выбор (All),Russian,0,3.1159925483113607e-10,2001
7182,выбор (All),Russian,0,2.8187718280535204e-10,2002
7183,выбор (All),Russian,0,2.680564168450988e-10,2003
7184,выбор (All),Russian,0,2.544832712614298e-10,2004
7185,выбор (All),Russian,0,2.1282206354365585e-10,2005
7186,выбор (All),Russian,0,2.0105954054439046e-10,2006
7187,выбор (All),Russian,0,2.330553235515723e-10,2007
7188,выбор (All),Russian,0,1.939999416072131e-10,2008
7189,выбор (All),Russian,0,1.4966896719997054e-10,2009
7190,выбор (All),Russian,0,1.3305158611769714e-10,2010
7191,выбор (All),Russian,0,1.7255339270534035e-10,2011
7192,выбор (All),Russian,0,1.806646251251947e-10,2012
7193,выбор (All),Russian,0,2.1598270939583916e-10,2013
7194,выбор (All),Russian,0,1.447156179612552e-10,2014
7195,выбор (All),Russian,0,1.6033505178298617e-10,2015
7196,выбор (All),Russian,0,1.7214341658482775e-10,2016
7197,выбор (All),Russian,0,1.8728274833734737e-10,2017
7198,выбор (All),Russian,0,1.6943676878211634e-10,2018
7199,выбор (All),Russian,0,1.72312609493519e-10,2019
7200,ELECCIÓN,Spanish,0,2.5244563384152485e-10,1900
7201,ELECCIÓN,Spanish,0,2.0195650707321988e-10,1901
7202,ELECCIÓN,Spanish,0,1.6829708922768324e-10,1902
7203,ELECCIÓN,Spanish,0,1.4425464790944276e-10,1903
7204,ELECCIÓN,Spanish,0,2.015975481788652e-11,1904
7205,ELECCIÓN,Spanish,0,0.0,1905
7206,ELECCIÓN,Spanish,0,0.0,1906
7207,ELECCIÓN,Spanish,0,0.0,1907
7208,ELECCIÓN,Spanish,0,0.0,1908
7209,ELECCIÓN,Spanish,0,0.0,1909
7210,ELECCIÓN,Spanish,0,0.0,1910
7211,ELECCIÓN,Spanish,0,0.0,1911
7212,ELECCIÓN,Spanish,0,0.0,1912
7213,ELECCIÓN,Spanish,0,0.0,1913
7214,ELECCIÓN,Spanish,0,0.0,1914
7215,ELECCIÓN,Spanish,0,0.0,1915
7216,ELECCIÓN,Spanish,0,0.0,1916
7217,ELECCIÓN,Spanish,0,0.0,1917
7218,ELECCIÓN,Spanish,0,0.0,1918
7219,ELECCIÓN,Spanish,0,0.0,1919
7220,ELECCIÓN,Spanish,0,0.0,1920
7221,ELECCIÓN,Spanish,0,0.0,1921
7222,ELECCIÓN,Spanish,0,0.0,1922
7223,ELECCIÓN,Spanish,0,0.0,1923
7224,ELECCIÓN,Spanish,0,1.9243446122299954e-11,1924
7225,ELECCIÓN,Spanish,0,1.9243446122299954e-11,1925
7226,ELECCIÓN,Spanish,0,1.9243446122299954e-11,1926
7227,ELECCIÓN,Spanish,0,1.9243446122299954e-11,1927
7228,ELECCIÓN,Spanish,0,1.9243446122299954e-11,1928
7229,ELECCIÓN,Spanish,0,1.9243446122299954e-11,1929
7230,ELECCIÓN,Spanish,0,1.9243446122299954e-11,1930
7231,ELECCIÓN,Spanish,0,0.0,1931
7232,ELECCIÓN,Spanish,0,0.0,1932
7233,ELECCIÓN,Spanish,0,4.742551986046197e-11,1933
7234,ELECCIÓN,Spanish,0,4.742551986046197e-11,1934
7235,ELECCIÓN,Spanish,0,4.742551986046197e-11,1935
7236,ELECCIÓN,Spanish,0,4.742551986046197e-11,1936
7237,ELECCIÓN,Spanish,0,4.742551986046197e-11,1937
7238,ELECCIÓN,Spanish,0,4.742551986046197e-11,1938
7239,ELECCIÓN,Spanish,0,4.742551986046197e-11,1939
7240,ELECCIÓN,Spanish,0,0.0,1940
7241,ELECCIÓN,Spanish,0,0.0,1941
7242,ELECCIÓN,Spanish,0,0.0,1942
7243,ELECCIÓN,Spanish,0,0.0,1943
7244,ELECCIÓN,Spanish,0,0.0,1944
7245,ELECCIÓN,Spanish,0,0.0,1945
7246,ELECCIÓN,Spanish,0,0.0,1946
7247,ELECCIÓN,Spanish,0,0.0,1947
7248,ELECCIÓN,Spanish,0,0.0,1948
7249,ELECCIÓN,Spanish,0,3.870826675062793e-11,1949
7250,ELECCIÓN,Spanish,0,3.870826675062793e-11,1950
7251,ELECCIÓN,Spanish,0,5.163308570382037e-11,1951
7252,ELECCIÓN,Spanish,0,5.163308570382037e-11,1952
7253,ELECCIÓN,Spanish,0,8.72616175746315e-11,1953
7254,ELECCIÓN,Spanish,0,8.72616175746315e-11,1954
7255,ELECCIÓN,Spanish,0,1.3307642587096728e-10,1955
7256,ELECCIÓN,Spanish,0,1.0503835301545195e-10,1956
7257,ELECCIÓN,Spanish,0,1.0503835301545195e-10,1957
7258,ELECCIÓN,Spanish,0,1.2037385076808198e-10,1958
7259,ELECCIÓN,Spanish,0,1.3889419079157354e-10,1959
7260,ELECCIÓN,Spanish,0,1.032656589207624e-10,1960
7261,ELECCIÓN,Spanish,0,1.032656589207624e-10,1961
7262,ELECCIÓN,Spanish,0,6.770133759159691e-11,1962
7263,ELECCIÓN,Spanish,0,5.703114369648432e-11,1963
7264,ELECCIÓN,Spanish,0,5.703114369648432e-11,1964
7265,ELECCIÓN,Spanish,0,3.7596698571855973e-11,1965
7266,ELECCIÓN,Spanish,0,2.7983988142616615e-11,1966
7267,ELECCIÓN,Spanish,0,2.7983988142616615e-11,1967
7268,ELECCIÓN,Spanish,0,3.657069191127198e-11,1968
7269,ELECCIÓN,Spanish,0,2.6320204944101685e-11,1969
7270,ELECCIÓN,Spanish,0,2.6320204944101685e-11,1970
7271,ELECCIÓN,Spanish,0,2.6320204944101685e-11,1971
7272,ELECCIÓN,Spanish,0,2.5929955603322595e-11,1972
7273,ELECCIÓN,Spanish,0,1.7022326009070402e-11,1973
7274,ELECCIÓN,Spanish,0,1.7022326009070402e-11,1974
7275,ELECCIÓN,Spanish,0,8.435622240415037e-12,1975
7276,ELECCIÓN,Spanish,0,8.435622240415037e-12,1976
7277,ELECCIÓN,Spanish,0,8.435622240415037e-12,1977
7278,ELECCIÓN,Spanish,0,8.435622240415037e-12,1978
7279,ELECCIÓN,Spanish,0,0.0,1979
7280,ELECCIÓN,Spanish,0,1.469081602399415e-11,1980
7281,ELECCIÓN,Spanish,0,2.951882290190357e-11,1981
7282,ELECCIÓN,Spanish,0,2.951882290190357e-11,1982
7283,ELECCIÓN,Spanish,0,3.7069001638087176e-11,1983
7284,ELECCIÓN,Spanish,0,3.7069001638087176e-11,1984
7285,ELECCIÓN,Spanish,0,3.7069001638087176e-11,1985
7286,ELECCIÓN,Spanish,0,4.401618752020957e-11,1986
7287,ELECCIÓN,Spanish,0,2.932537149621542e-11,1987
7288,ELECCIÓN,Spanish,0,1.1905568693602675e-10,1988
7289,ELECCIÓN,Spanish,0,1.3250326133925786e-10,1989
7290,ELECCIÓN,Spanish,0,1.2495308260307425e-10,1990
7291,ELECCIÓN,Spanish,0,1.2495308260307425e-10,1991
7292,ELECCIÓN,Spanish,0,1.2495308260307425e-10,1992
7293,ELECCIÓN,Spanish,0,1.1800589672095185e-10,1993
7294,ELECCIÓN,Spanish,0,1.250791910521544e-10,1994
7295,ELECCIÓN,Spanish,0,4.2027676973509036e-11,1995
7296,ELECCIÓN,Spanish,0,2.858010257027794e-11,1996
7297,ELECCIÓN,Spanish,0,2.858010257027794e-11,1997
7298,ELECCIÓN,Spanish,0,2.858010257027794e-11,1998
7299,ELECCIÓN,Spanish,0,2.858010257027794e-11,1999
7300,ELECCIÓN,Spanish,0,3.5125320311088106e-11,2000
7301,ELECCIÓN,Spanish,0,3.476078700675218e-11,2001
7302,ELECCIÓN,Spanish,0,1.3253978767676803e-11,2002
7303,ELECCIÓN,Spanish,0,2.737034259950707e-11,2003
7304,ELECCIÓN,Spanish,0,2.737034259950707e-11,2004
7305,ELECCIÓN,Spanish,0,2.737034259950707e-11,2005
7306,ELECCIÓN,Spanish,0,2.737034259950707e-11,2006
7307,ELECCIÓN,Spanish,0,2.8743690463509506e-11,2007
7308,ELECCIÓN,Spanish,0,2.203492943664287e-11,2008
7309,ELECCIÓN,Spanish,0,2.8022022698280326e-11,2009
7310,ELECCIÓN,Spanish,0,1.9713332157143627e-11,2010
7311,ELECCIÓN,Spanish,0,1.9713332157143627e-11,2011
7312,ELECCIÓN,Spanish,0,2.7233970535072468e-11,2012
7313,ELECCIÓN,Spanish,0,3.454202995063176e-11,2013
7314,ELECCIÓN,Spanish,0,2.662346434581916e-11,2014
7315,ELECCIÓN,Spanish,0,2.662346434581916e-11,2015
7316,ELECCIÓN,Spanish,0,3.6491404640078986e-11,2016
7317,ELECCIÓN,Spanish,0,3.5797686574282985e-11,2017
7318,ELECCIÓN,Spanish,0,4.2957223889139587e-11,2018
7319,ELECCIÓN,Spanish,0,4.053541270004901e-11,2019
7320,Elección,Spanish,0,4.2481704265462383e-10,1900
7321,Elección,Spanish,0,4.218427329671925e-10,1901
7322,Elección,Spanish,0,3.96032318050743e-10,1902
7323,Elección,Spanish,0,3.5741640004781164e-10,1903
7324,Elección,Spanish,0,2.333215069562554e-10,1904
7325,Elección,Spanish,0,2.8108445134947656e-10,1905
7326,Elección,Spanish,0,2.97957608982483e-10,1906
7327,Elección,Spanish,0,1.9945966108928356e-10,1907
7328,Elección,Spanish,0,1.980676079498573e-10,1908
7329,Elección,Spanish,0,3.417253880660149e-10,1909
7330,Elección,Spanish,0,3.2376526063312584e-10,1910
7331,Elección,Spanish,0,3.2376526063312584e-10,1911
7332,Elección,Spanish,0,2.558425614220182e-10,1912
7333,Elección,Spanish,0,2.845466441834889e-10,1913
7334,Elección,Spanish,0,2.998032675291132e-10,1914
7335,Elección,Spanish,0,3.085156872037079e-10,1915
7336,Elección,Spanish,0,1.5759440577919496e-10,1916
7337,Elección,Spanish,0,1.723191956190132e-10,1917
7338,Elección,Spanish,0,2.0186032904735895e-10,1918
7339,Elección,Spanish,0,2.5997100008437867e-10,1919
7340,Elección,Spanish,0,2.898278075869065e-10,1920
7341,Elección,Spanish,0,3.357894052099678e-10,1921
7342,Elección,Spanish,0,3.3030380910562384e-10,1922
7343,Elección,Spanish,0,2.9942727563276554e-10,1923
7344,Elección,Spanish,0,3.6167627028214714e-10,1924
7345,Elección,Spanish,0,4.053049483333991e-10,1925
7346,Elección,Spanish,0,4.542469138930321e-10,1926
7347,Elección,Spanish,0,4.296737410314222e-10,1927
7348,Elección,Spanish,0,4.217288343940798e-10,1928
7349,Elección,Spanish,0,3.9893041251356666e-10,1929
7350,Elección,Spanish,0,4.198536260721245e-10,1930
7351,Elección,Spanish,0,3.6321976180721446e-10,1931
7352,Elección,Spanish,0,2.9004995032761675e-10,1932
7353,Elección,Spanish,0,1.988058200206945e-10,1933
7354,Elección,Spanish,0,1.8280450070351506e-10,1934
7355,Elección,Spanish,0,1.2953118637217186e-10,1935
7356,Elección,Spanish,0,1.5944482539831384e-10,1936
7357,Elección,Spanish,0,1.556557273947006e-10,1937
7358,Elección,Spanish,0,1.353158071704108e-10,1938
7359,Elección,Spanish,0,1.353158071704108e-10,1939
7360,Elección,Spanish,0,1.1950730088068033e-10,1940
7361,Elección,Spanish,0,3.868075026947082e-10,1941
7362,Elección,Spanish,0,5.822983642885962e-10,1942
7363,Elección,Spanish,0,6.624233978807276e-10,1943
7364,Elección,Spanish,0,8.546738554977245e-10,1944
7365,Elección,Spanish,0,9.82893568122835e-10,1945
7366,Elección,Spanish,0,1.5866052519416689e-09,1946
7367,Elección,Spanish,0,1.735259229957669e-09,1947
7368,Elección,Spanish,0,1.6038350885467472e-09,1948
7369,Elección,Spanish,0,1.7051076027309519e-09,1949
7370,Elección,Spanish,0,1.7452184380190821e-09,1950
7371,Elección,Spanish,0,1.5358338648471408e-09,1951
7372,Elección,Spanish,0,1.6546924465542035e-09,1952
7373,Elección,Spanish,0,1.1459901757707565e-09,1953
7374,Elección,Spanish,0,1.165551036638338e-09,1954
7375,Elección,Spanish,0,1.1437135524364602e-09,1955
7376,Elección,Spanish,0,9.10971338046502e-10,1956
7377,Elección,Spanish,0,7.433917093013775e-10,1957
7378,Elección,Spanish,0,7.904922391269561e-10,1958
7379,Elección,Spanish,0,5.897147968360526e-10,1959
7380,Elección,Spanish,0,5.484400790654677e-10,1960
7381,Elección,Spanish,0,4.782170929093102e-10,1961
7382,Elección,Spanish,0,3.6007042189137705e-10,1962
7383,Elección,Spanish,0,3.3536810630150985e-10,1963
7384,Elección,Spanish,0,3.598977029094032e-10,1964
7385,Elección,Spanish,0,4.716628555976956e-10,1965
7386,Elección,Spanish,0,4.96623040310443e-10,1966
7387,Elección,Spanish,0,4.607377079064128e-10,1967
7388,Elección,Spanish,0,5.001331154774746e-10,1968
7389,Elección,Spanish,0,7.253289655403553e-10,1969
7390,Elección,Spanish,0,7.972988043590336e-10,1970
7391,Elección,Spanish,0,7.612354893263681e-10,1971
7392,Elección,Spanish,0,6.445479170233018e-10,1972
7393,Elección,Spanish,0,7.113902026979955e-10,1973
7394,Elección,Spanish,0,7.655804363475888e-10,1974
7395,Elección,Spanish,0,8.354498006100743e-10,1975
7396,Elección,Spanish,0,6.341854858720503e-10,1976
7397,Elección,Spanish,0,5.952109638496239e-10,1977
7398,Elección,Spanish,0,6.26394832828733e-10,1978
7399,Elección,Spanish,0,5.999292838303789e-10,1979
7400,Elección,Spanish,0,5.352800454867207e-10,1980
7401,Elección,Spanish,0,5.225524764879935e-10,1981
7402,Elección,Spanish,0,4.3616992458282514e-10,1982
7403,Elección,Spanish,0,4.947396054341294e-10,1983
7404,Elección,Spanish,0,4.453173871321603e-10,1984
7405,Elección,Spanish,0,4.204000828011978e-10,1985
7406,Elección,Spanish,0,4.533178237548745e-10,1986
7407,Elección,Spanish,0,4.3518744560370036e-10,1987
7408,Elección,Spanish,0,4.874042915302214e-10,1988
7409,Elección,Spanish,0,4.5393944952160885e-10,1989
7410,Elección,Spanish,0,5.279145136911317e-10,1990
7411,Elección,Spanish,0,6.335955153393056e-10,1991
7412,Elección,Spanish,0,7.412339194815384e-10,1992
7413,Elección,Spanish,0,7.556313551061931e-10,1993
7414,Elección,Spanish,0,7.568940038219349e-10,1994
7415,Elección,Spanish,0,7.457302354994613e-10,1995
7416,Elección,Spanish,0,8.12517136905555e-10,1996
7417,Elección,Spanish,0,1.018910626506196e-09,1997
7418,Elección,Spanish,0,1.0586733434347906e-09,1998
7419,Elección,Spanish,0,1.1224380036534143e-09,1999
7420,Elección,Spanish,0,1.1183172245386531e-09,2000
7421,Elección,Spanish,0,1.3502076044526389e-09,2001
7422,Elección,Spanish,0,1.3765291049873595e-09,2002
7423,Elección,Spanish,0,1.3634966092698368e-09,2003
7424,Elección,Spanish,0,1.082506917438053e-09,2004
7425,Elección,Spanish,0,1.1309314992427995e-09,2005
7426,Elección,Spanish,0,1.1663623796945695e-09,2006
7427,Elección,Spanish,0,1.2975009876038867e-09,2007
7428,Elección,Spanish,0,1.1671431836874596e-09,2008
7429,Elección,Spanish,0,1.1721726288018074e-09,2009
7430,Elección,Spanish,0,1.2517005844512953e-09,2010
7431,Elección,Spanish,0,1.3497453472360072e-09,2011
7432,Elección,Spanish,0,1.3059597847586701e-09,2012
7433,Elección,Spanish,0,1.3253890841978334e-09,2013
7434,Elección,Spanish,0,1.3169274718346661e-09,2014
7435,Elección,Spanish,0,1.4960056685505867e-09,2015
7436,Elección,Spanish,0,1.546622496739758e-09,2016
7437,Elección,Spanish,0,1.5469193888802597e-09,2017
7438,Elección,Spanish,0,1.5613564441352423e-09,2018
7439,Elección,Spanish,0,1.6489898613247789e-09,2019
7440,OPCIÓN,Spanish,1,0.0,1900
7441,OPCIÓN,Spanish,1,0.0,1901
7442,OPCIÓN,Spanish,1,0.0,1902
7443,OPCIÓN,Spanish,1,0.0,1903
7444,OPCIÓN,Spanish,1,1.775484719563585e-11,1904
7445,OPCIÓN,Spanish,1,6.869687160396661e-11,1905
7446,OPCIÓN,Spanish,1,1.024431868699795e-10,1906
7447,OPCIÓN,Spanish,1,1.024431868699795e-10,1907
7448,OPCIÓN,Spanish,1,1.024431868699795e-10,1908
7449,OPCIÓN,Spanish,1,1.024431868699795e-10,1909
7450,OPCIÓN,Spanish,1,1.024431868699795e-10,1910
7451,OPCIÓN,Spanish,1,8.468833967434364e-11,1911
7452,OPCIÓN,Spanish,1,3.3746315266012876e-11,1912
7453,OPCIÓN,Spanish,1,0.0,1913
7454,OPCIÓN,Spanish,1,0.0,1914
7455,OPCIÓN,Spanish,1,0.0,1915
7456,OPCIÓN,Spanish,1,0.0,1916
7457,OPCIÓN,Spanish,1,0.0,1917
7458,OPCIÓN,Spanish,1,0.0,1918
7459,OPCIÓN,Spanish,1,0.0,1919
7460,OPCIÓN,Spanish,1,0.0,1920
7461,OPCIÓN,Spanish,1,0.0,1921
7462,OPCIÓN,Spanish,1,0.0,1922
7463,OPCIÓN,Spanish,1,1.9009085971966044e-11,1923
7464,OPCIÓN,Spanish,1,3.8252532094266e-11,1924
7465,OPCIÓN,Spanish,1,3.8252532094266e-11,1925
7466,OPCIÓN,Spanish,1,3.8252532094266e-11,1926
7467,OPCIÓN,Spanish,1,3.8252532094266e-11,1927
7468,OPCIÓN,Spanish,1,3.8252532094266e-11,1928
7469,OPCIÓN,Spanish,1,3.8252532094266e-11,1929
7470,OPCIÓN,Spanish,1,1.9243446122299954e-11,1930
7471,OPCIÓN,Spanish,1,0.0,1931
7472,OPCIÓN,Spanish,1,0.0,1932
7473,OPCIÓN,Spanish,1,0.0,1933
7474,OPCIÓN,Spanish,1,1.7429777859107835e-11,1934
7475,OPCIÓN,Spanish,1,1.7429777859107835e-11,1935
7476,OPCIÓN,Spanish,1,1.7429777859107835e-11,1936
7477,OPCIÓN,Spanish,1,1.7429777859107835e-11,1937
7478,OPCIÓN,Spanish,1,1.7429777859107835e-11,1938
7479,OPCIÓN,Spanish,1,1.7429777859107835e-11,1939
7480,OPCIÓN,Spanish,1,1.7429777859107835e-11,1940
7481,OPCIÓN,Spanish,1,0.0,1941
7482,OPCIÓN,Spanish,1,0.0,1942
7483,OPCIÓN,Spanish,1,0.0,1943
7484,OPCIÓN,Spanish,1,0.0,1944
7485,OPCIÓN,Spanish,1,0.0,1945
7486,OPCIÓN,Spanish,1,0.0,1946
7487,OPCIÓN,Spanish,1,0.0,1947
7488,OPCIÓN,Spanish,1,0.0,1948
7489,OPCIÓN,Spanish,1,0.0,1949
7490,OPCIÓN,Spanish,1,0.0,1950
7491,OPCIÓN,Spanish,1,0.0,1951
7492,OPCIÓN,Spanish,1,0.0,1952
7493,OPCIÓN,Spanish,1,0.0,1953
7494,OPCIÓN,Spanish,1,0.0,1954
7495,OPCIÓN,Spanish,1,0.0,1955
7496,OPCIÓN,Spanish,1,0.0,1956
7497,OPCIÓN,Spanish,1,1.008493487132865e-11,1957
7498,OPCIÓN,Spanish,1,1.008493487132865e-11,1958
7499,OPCIÓN,Spanish,1,1.008493487132865e-11,1959
7500,OPCIÓN,Spanish,1,1.008493487132865e-11,1960
7501,OPCIÓN,Spanish,1,1.008493487132865e-11,1961
7502,OPCIÓN,Spanish,1,1.008493487132865e-11,1962
7503,OPCIÓN,Spanish,1,1.008493487132865e-11,1963
7504,OPCIÓN,Spanish,1,0.0,1964
7505,OPCIÓN,Spanish,1,8.825871581194126e-12,1965
7506,OPCIÓN,Spanish,1,8.825871581194126e-12,1966
7507,OPCIÓN,Spanish,1,1.775055301157989e-11,1967
7508,OPCIÓN,Spanish,1,1.775055301157989e-11,1968
7509,OPCIÓN,Spanish,1,1.775055301157989e-11,1969
7510,OPCIÓN,Spanish,1,1.775055301157989e-11,1970
7511,OPCIÓN,Spanish,1,2.6386704329465058e-11,1971
7512,OPCIÓN,Spanish,1,2.599645498868597e-11,1972
7513,OPCIÓN,Spanish,1,2.599645498868597e-11,1973
7514,OPCIÓN,Spanish,1,1.7071773558300205e-11,1974
7515,OPCIÓN,Spanish,1,1.7071773558300205e-11,1975
7516,OPCIÓN,Spanish,1,1.7071773558300205e-11,1976
7517,OPCIÓN,Spanish,1,1.7071773558300205e-11,1977
7518,OPCIÓN,Spanish,1,8.435622240415037e-12,1978
7519,OPCIÓN,Spanish,1,0.0,1979
7520,OPCIÓN,Spanish,1,7.345408011997075e-12,1980
7521,OPCIÓN,Spanish,1,7.345408011997075e-12,1981
7522,OPCIÓN,Spanish,1,7.345408011997075e-12,1982
7523,OPCIÓN,Spanish,1,1.4895586748180686e-11,1983
7524,OPCIÓN,Spanish,1,1.4895586748180686e-11,1984
7525,OPCIÓN,Spanish,1,1.4895586748180686e-11,1985
7526,OPCIÓN,Spanish,1,1.4895586748180686e-11,1986
7527,OPCIÓN,Spanish,1,7.55017873618361e-12,1987
7528,OPCIÓN,Spanish,1,5.6344060369742774e-11,1988
7529,OPCIÓN,Spanish,1,5.6344060369742774e-11,1989
7530,OPCIÓN,Spanish,1,4.879388163355916e-11,1990
7531,OPCIÓN,Spanish,1,1.2323085409247725e-10,1991
7532,OPCIÓN,Spanish,1,1.3003869409849196e-10,1992
7533,OPCIÓN,Spanish,1,1.3704177624045728e-10,1993
7534,OPCIÓN,Spanish,1,1.4411507057165984e-10,1994
7535,OPCIÓN,Spanish,1,1.1682799717717606e-10,1995
7536,OPCIÓN,Spanish,1,1.1682799717717606e-10,1996
7537,OPCIÓN,Spanish,1,1.1682799717717606e-10,1997
7538,OPCIÓN,Spanish,1,6.343298257692278e-11,1998
7539,OPCIÓN,Spanish,1,5.662514257090809e-11,1999
7540,OPCIÓN,Spanish,1,2.394333699560848e-10,2000
7541,OPCIÓN,Spanish,1,2.726126427773526e-10,2001
7542,OPCIÓN,Spanish,1,2.7925841401226544e-10,2002
7543,OPCIÓN,Spanish,1,2.933747778440957e-10,2003
7544,OPCIÓN,Spanish,1,3.1449319041833487e-10,2004
7545,OPCIÓN,Spanish,1,3.0067657391663616e-10,2005
7546,OPCIÓN,Spanish,1,3.0067657391663616e-10,2006
7547,OPCIÓN,Spanish,1,1.108652643894941e-10,2007
7548,OPCIÓN,Spanish,1,7.061269723702373e-11,2008
7549,OPCIÓN,Spanish,1,4.246011776303555e-11,2009
7550,OPCIÓN,Spanish,1,2.8343753931205283e-11,2010
7551,OPCIÓN,Spanish,1,7.2253413569660954e-12,2011
7552,OPCIÓN,Spanish,1,0.0,2012
7553,OPCIÓN,Spanish,1,0.0,2013
7554,OPCIÓN,Spanish,1,7.263358069759767e-12,2014
7555,OPCIÓN,Spanish,1,7.263358069759767e-12,2015
7556,OPCIÓN,Spanish,1,7.263358069759767e-12,2016
7557,OPCIÓN,Spanish,1,8.473917748053061e-12,2017
7558,OPCIÓN,Spanish,1,1.0168701297663674e-11,2018
7559,OPCIÓN,Spanish,1,1.2710876622079592e-11,2019
7560,Opción,Spanish,1,2.5244563384152485e-10,1900
7561,Opción,Spanish,1,2.0195650707321988e-10,1901
7562,Opción,Spanish,1,1.6829708922768324e-10,1902
7563,Opción,Spanish,1,1.4425464790944276e-10,1903
7564,Opción,Spanish,1,2.015975481788652e-11,1904
7565,Opción,Spanish,1,0.0,1905
7566,Opción,Spanish,1,0.0,1906
7567,Opción,Spanish,1,0.0,1907
7568,Opción,Spanish,1,0.0,1908
7569,Opción,Spanish,1,0.0,1909
7570,Opción,Spanish,1,0.0,1910
7571,Opción,Spanish,1,0.0,1911
7572,Opción,Spanish,1,0.0,1912
7573,Opción,Spanish,1,0.0,1913
7574,Opción,Spanish,1,0.0,1914
7575,Opción,Spanish,1,0.0,1915
7576,Opción,Spanish,1,0.0,1916
7577,Opción,Spanish,1,0.0,1917
7578,Opción,Spanish,1,0.0,1918
7579,Opción,Spanish,1,0.0,1919
7580,Opción,Spanish,1,0.0,1920
7581,Opción,Spanish,1,0.0,1921
7582,Opción,Spanish,1,0.0,1922
7583,Opción,Spanish,1,0.0,1923
7584,Opción,Spanish,1,0.0,1924
7585,Opción,Spanish,1,0.0,1925
7586,Opción,Spanish,1,0.0,1926
7587,Opción,Spanish,1,0.0,1927
7588,Opción,Spanish,1,0.0,1928
7589,Opción,Spanish,1,0.0,1929
7590,Opción,Spanish,1,0.0,1930
7591,Opción,Spanish,1,0.0,1931
7592,Opción,Spanish,1,0.0,1932
7593,Opción,Spanish,1,0.0,1933
7594,Opción,Spanish,1,0.0,1934
7595,Opción,Spanish,1,0.0,1935
7596,Opción,Spanish,1,0.0,1936
7597,Opción,Spanish,1,0.0,1937
7598,Opción,Spanish,1,0.0,1938
7599,Opción,Spanish,1,0.0,1939
7600,Opción,Spanish,1,0.0,1940
7601,Opción,Spanish,1,0.0,1941
7602,Opción,Spanish,1,0.0,1942
7603,Opción,Spanish,1,0.0,1943
7604,Opción,Spanish,1,0.0,1944
7605,Opción,Spanish,1,2.8493269251964446e-11,1945
7606,Opción,Spanish,1,2.8493269251964446e-11,1946
7607,Opción,Spanish,1,2.8493269251964446e-11,1947
7608,Opción,Spanish,1,2.8493269251964446e-11,1948
7609,Opción,Spanish,1,2.8493269251964446e-11,1949
7610,Opción,Spanish,1,4.100990281490675e-11,1950
7611,Opción,Spanish,1,4.100990281490675e-11,1951
7612,Opción,Spanish,1,1.2516633562942303e-11,1952
7613,Opción,Spanish,1,1.2516633562942303e-11,1953
7614,Opción,Spanish,1,7.980256435827623e-11,1954
7615,Opción,Spanish,1,7.980256435827623e-11,1955
7616,Opción,Spanish,1,9.047275825338882e-11,1956
7617,Opción,Spanish,1,7.795612469044651e-11,1957
7618,Opción,Spanish,1,7.795612469044651e-11,1958
7619,Opción,Spanish,1,9.647646471393806e-11,1959
7620,Opción,Spanish,1,9.647646471393806e-11,1960
7621,Opción,Spanish,1,4.007851788540811e-11,1961
7622,Opción,Spanish,1,4.007851788540811e-11,1962
7623,Opción,Spanish,1,2.940832399029552e-11,1963
7624,Opción,Spanish,1,3.8348217458659766e-11,1964
7625,Opción,Spanish,1,3.8348217458659766e-11,1965
7626,Opción,Spanish,1,1.9827877435168214e-11,1966
7627,Opción,Spanish,1,3.7677240295939744e-11,1967
7628,Opción,Spanish,1,5.254936862637243e-11,1968
7629,Opción,Spanish,1,5.254936862637243e-11,1969
7630,Opción,Spanish,1,5.254936862637243e-11,1970
7631,Opción,Spanish,1,5.224562647589335e-11,1971
7632,Opción,Spanish,1,9.442373668669798e-11,1972
7633,Opción,Spanish,1,1.5128980806229057e-10,1973
7634,Opción,Spanish,1,1.6545804210859368e-10,1974
7635,Opción,Spanish,1,2.1144060510395032e-10,1975
7636,Opción,Spanish,1,3.286184518946911e-10,1976
7637,Opción,Spanish,1,4.0896752056302736e-10,1977
7638,Opción,Spanish,1,4.6404340092731644e-10,1978
7639,Opción,Spanish,1,6.261285795394755e-10,1979
7640,Opción,Spanish,1,6.280257722598595e-10,1980
7641,Opción,Spanish,1,6.256641891086037e-10,1981
7642,Opción,Spanish,1,5.841400319799612e-10,1982
7643,Opción,Spanish,1,5.122632576063221e-10,1983
7644,Opción,Spanish,1,4.929593737181191e-10,1984
7645,Opción,Spanish,1,5.112122768753074e-10,1985
7646,Opción,Spanish,1,3.277905466899814e-10,1986
7647,Opción,Spanish,1,3.589283057278284e-10,1987
7648,Opción,Spanish,1,4.408011654101683e-10,1988
7649,Opción,Spanish,1,5.517821755063324e-10,1989
7650,Opción,Spanish,1,6.226914222346685e-10,1990
7651,Opción,Spanish,1,1.2383459495930132e-09,1991
7652,Opción,Spanish,1,1.4831573350423559e-09,1992
7653,Opción,Spanish,1,1.7214298082229057e-09,1993
7654,Opción,Spanish,1,1.8083611433691464e-09,1994
7655,Opción,Spanish,1,1.861717803728981e-09,1995
7656,Opción,Spanish,1,1.9027500765465634e-09,1996
7657,Opción,Spanish,1,2.071575815649445e-09,1997
7658,Opción,Spanish,1,1.6824495289010803e-09,1998
7659,Opción,Spanish,1,1.7765862590581249e-09,1999
7660,Opción,Spanish,1,1.759645286623725e-09,2000
7661,Opción,Spanish,1,1.7639494785472364e-09,2001
7662,Opción,Spanish,1,1.8383608762257658e-09,2002
7663,Opción,Spanish,1,1.8608163581441367e-09,2003
7664,Opción,Spanish,1,1.702490783271417e-09,2004
7665,Opción,Spanish,1,1.537748158967186e-09,2005
7666,Opción,Spanish,1,1.31481426539943e-09,2006
7667,Opción,Spanish,1,1.4052209475399836e-09,2007
7668,Opción,Spanish,1,1.3663914365049023e-09,2008
7669,Opción,Spanish,1,1.3007202061464186e-09,2009
7670,Opción,Spanish,1,1.322532186939388e-09,2010
7671,Opción,Spanish,1,1.347245291518005e-09,2011
7672,Opción,Spanish,1,1.4500336487088816e-09,2012
7673,Opción,Spanish,1,1.5516849392684306e-09,2013
7674,Opción,Spanish,1,1.5023761599865436e-09,2014
7675,Opción,Spanish,1,1.5717975492585928e-09,2015
7676,Opción,Spanish,1,1.7786926693424171e-09,2016
7677,Opción,Spanish,1,1.8108923064789433e-09,2017
7678,Opción,Spanish,1,1.9610777446388283e-09,2018
7679,Opción,Spanish,1,2.056513653814207e-09,2019
7680,elección,Spanish,0,5.772799183123567e-10,1900
7681,elección,Spanish,0,4.618239346498854e-10,1901
7682,elección,Spanish,0,4.071016324972791e-10,1902
7683,elección,Spanish,0,3.489442564262392e-10,1903
7684,elección,Spanish,0,1.659186141652772e-10,1904
7685,elección,Spanish,0,2.444638321140248e-10,1905
7686,elección,Spanish,0,2.9508330501304414e-10,1906
7687,elección,Spanish,0,3.1080291515043056e-10,1907
7688,elección,Spanish,0,3.393887095962508e-10,1908
7689,elección,Spanish,0,3.657681459299868e-10,1909
7690,elección,Spanish,0,3.8051102645748307e-10,1910
7691,elección,Spanish,0,3.317267244625935e-10,1911
7692,elección,Spanish,0,2.5839233827992404e-10,1912
7693,elección,Spanish,0,3.900818269588134e-10,1913
7694,elección,Spanish,0,5.574417048990834e-10,1914
7695,elección,Spanish,0,6.276819213200748e-10,1915
7696,elección,Spanish,0,6.594238002866071e-10,1916
7697,elección,Spanish,0,7.035800791183838e-10,1917
7698,elección,Spanish,0,6.458352939743759e-10,1918
7699,elección,Spanish,0,7.019986298611209e-10,1919
7700,elección,Spanish,0,6.139822261719274e-10,1920
7701,elección,Spanish,0,4.717148854067282e-10,1921
7702,elección,Spanish,0,5.339513077716265e-10,1922
7703,elección,Spanish,0,6.46850838765494e-10,1923
7704,elección,Spanish,0,8.18873024943656e-10,1924
7705,elección,Spanish,0,1.0566749142348897e-09,1925
7706,elección,Spanish,0,1.169086510139599e-09,1926
7707,elección,Spanish,0,1.1426084522980773e-09,1927
7708,elección,Spanish,0,1.1195540764294014e-09,1928
7709,elección,Spanish,0,1.7292914481334014e-09,1929
7710,elección,Spanish,0,1.6647398618349234e-09,1930
7711,elección,Spanish,0,1.677897558988966e-09,1931
7712,elección,Spanish,0,1.553349805925665e-09,1932
7713,elección,Spanish,0,1.4815210883486633e-09,1933
7714,elección,Spanish,0,1.5357150313326834e-09,1934
7715,elección,Spanish,0,1.6061829088975799e-09,1935
7716,elección,Spanish,0,8.522615113637499e-10,1936
7717,elección,Spanish,0,7.952586961972636e-10,1937
7718,elección,Spanish,0,6.375652426639431e-10,1938
7719,elección,Spanish,0,5.981144666846103e-10,1939
7720,elección,Spanish,0,5.918369643571302e-10,1940
7721,elección,Spanish,0,6.108364092316521e-10,1941
7722,elección,Spanish,0,5.812580218732068e-10,1942
7723,elección,Spanish,0,8.432526661066625e-10,1943
7724,elección,Spanish,0,1.1336611728727875e-09,1944
7725,elección,Spanish,0,1.4319347136597977e-09,1945
7726,elección,Spanish,0,1.7124838372747524e-09,1946
7727,elección,Spanish,0,1.7746900774337097e-09,1947
7728,elección,Spanish,0,1.8700853564114693e-09,1948
7729,elección,Spanish,0,2.172715229953326e-09,1949
7730,elección,Spanish,0,2.006491877410659e-09,1950
7731,elección,Spanish,0,1.8543440116758347e-09,1951
7732,elección,Spanish,0,1.7661788222410125e-09,1952
7733,elección,Spanish,0,1.6018451644482313e-09,1953
7734,elección,Spanish,0,1.594283340265536e-09,1954
7735,elección,Spanish,0,1.5984079139639918e-09,1955
7736,elección,Spanish,0,1.34383271970557e-09,1956
7737,elección,Spanish,0,1.4732214575247887e-09,1957
7738,elección,Spanish,0,1.4454063580947108e-09,1958
7739,elección,Spanish,0,1.2044734376548405e-09,1959
7740,elección,Spanish,0,1.2114818315200893e-09,1960
7741,elección,Spanish,0,1.4345817510110136e-09,1961
7742,elección,Spanish,0,1.4708171625077426e-09,1962
7743,elección,Spanish,0,1.482071755003795e-09,1963
7744,elección,Spanish,0,1.3741317171435595e-09,1964
7745,elección,Spanish,0,1.4599258667060054e-09,1965
7746,elección,Spanish,0,1.5557945566767118e-09,1966
7747,elección,Spanish,0,1.5104869260136005e-09,1967
7748,elección,Spanish,0,1.3285845439676385e-09,1968
7749,elección,Spanish,0,1.299237130579302e-09,1969
7750,elección,Spanish,0,1.3696152941936442e-09,1970
7751,elección,Spanish,0,1.4427845267712363e-09,1971
7752,elección,Spanish,0,1.2876714615219142e-09,1972
7753,elección,Spanish,0,1.3393348652357417e-09,1973
7754,elección,Spanish,0,1.3557076572467963e-09,1974
7755,elección,Spanish,0,1.4028659503903133e-09,1975
7756,elección,Spanish,0,1.4835481731978462e-09,1976
7757,elección,Spanish,0,1.455911613490457e-09,1977
7758,elección,Spanish,0,1.3282840224552013e-09,1978
7759,elección,Spanish,0,1.3600339901894846e-09,1979
7760,elección,Spanish,0,1.2818128146209672e-09,1980
7761,elección,Spanish,0,1.380624551191748e-09,1981
7762,elección,Spanish,0,1.3056002469623097e-09,1982
7763,elección,Spanish,0,1.2568588868079799e-09,1983
7764,elección,Spanish,0,1.3174495462818315e-09,1984
7765,elección,Spanish,0,1.394288018374823e-09,1985
7766,elección,Spanish,0,1.4543433600268584e-09,1986
7767,elección,Spanish,0,1.6268363481738594e-09,1987
7768,elección,Spanish,0,1.6317838508988253e-09,1988
7769,elección,Spanish,0,1.683312774883713e-09,1989
7770,elección,Spanish,0,1.8687974501219173e-09,1990
7771,elección,Spanish,0,1.911421544851878e-09,1991
7772,elección,Spanish,0,1.986409592369398e-09,1992
7773,elección,Spanish,0,2.06506448449265e-09,1993
7774,elección,Spanish,0,2.064777920069665e-09,1994
7775,elección,Spanish,0,2.2302314122463987e-09,1995
7776,elección,Spanish,0,2.3461999961885536e-09,1996
7777,elección,Spanish,0,2.451430836103441e-09,1997
7778,elección,Spanish,0,2.650441041244075e-09,1998
7779,elección,Spanish,0,2.7708853941480325e-09,1999
7780,elección,Spanish,0,2.837658647741088e-09,2000
7781,elección,Spanish,0,2.9900672731437386e-09,2001
7782,elección,Spanish,0,2.9046693938994395e-09,2002
7783,elección,Spanish,0,3.0060950871403845e-09,2003
7784,elección,Spanish,0,2.978062272975178e-09,2004
7785,elección,Spanish,0,3.2882507193323006e-09,2005
7786,elección,Spanish,0,3.3560556238804954e-09,2006
7787,elección,Spanish,0,3.3417388221680865e-09,2007
7788,elección,Spanish,0,3.3428907578577795e-09,2008
7789,elección,Spanish,0,3.2963252762284257e-09,2009
7790,elección,Spanish,0,3.2241565290596394e-09,2010
7791,elección,Spanish,0,3.037633478086832e-09,2011
7792,elección,Spanish,0,2.8887349337988357e-09,2012
7793,elección,Spanish,0,3.1194364234567372e-09,2013
7794,elección,Spanish,0,3.346135273624944e-09,2014
7795,elección,Spanish,0,3.5463652332217474e-09,2015
7796,elección,Spanish,0,3.891079871008531e-09,2016
7797,elección,Spanish,0,4.072075491616071e-09,2017
7798,elección,Spanish,0,4.388767838037211e-09,2018
7799,elección,Spanish,0,4.393587049733583e-09,2019
7800,elección (All),Spanish,0,1.2545425948085054e-09,1900
7801,elección (All),Spanish,0,1.0856231746902978e-09,1901
7802,elección (All),Spanish,0,9.714310397757053e-10,1902
7803,elección (All),Spanish,0,8.506153043834937e-10,1903
7804,elección (All),Spanish,0,4.1939987593941913e-10,1904
7805,elección (All),Spanish,0,5.255482834635014e-10,1905
7806,elección (All),Spanish,0,5.930409139955272e-10,1906
7807,elección (All),Spanish,0,5.102625762397141e-10,1907
7808,elección (All),Spanish,0,5.374563175461081e-10,1908
7809,elección (All),Spanish,0,7.074935339960017e-10,1909
7810,elección (All),Spanish,0,7.042762870906089e-10,1910
7811,elección (All),Spanish,0,6.554919850957193e-10,1911
7812,elección (All),Spanish,0,5.142348997019422e-10,1912
7813,elección (All),Spanish,0,6.746284711423023e-10,1913
7814,elección (All),Spanish,0,8.572449724281966e-10,1914
7815,elección (All),Spanish,0,9.361976085237827e-10,1915
7816,elección (All),Spanish,0,8.170182060658021e-10,1916
7817,elección (All),Spanish,0,8.75899274737397e-10,1917
7818,elección (All),Spanish,0,8.476956230217348e-10,1918
7819,elección (All),Spanish,0,9.619696299454995e-10,1919
7820,elección (All),Spanish,0,9.03810033758834e-10,1920
7821,elección (All),Spanish,0,8.07504290616696e-10,1921
7822,elección (All),Spanish,0,8.642551168772503e-10,1922
7823,elección (All),Spanish,0,9.462781143982595e-10,1923
7824,elección (All),Spanish,0,1.1997927413481032e-09,1924
7825,elección (All),Spanish,0,1.4812233086905888e-09,1925
7826,elección (All),Spanish,0,1.6425768701549312e-09,1926
7827,elección (All),Spanish,0,1.5915256394517995e-09,1927
7828,elección (All),Spanish,0,1.5605263569457813e-09,1928
7829,elección (All),Spanish,0,2.147465306769268e-09,1929
7830,elección (All),Spanish,0,2.103836934029348e-09,1930
7831,elección (All),Spanish,0,2.0411173207961805e-09,1931
7832,elección (All),Spanish,0,1.8433997562532817e-09,1932
7833,elección (All),Spanish,0,1.7277524282298197e-09,1933
7834,elección (All),Spanish,0,1.7659450518966604e-09,1934
7835,elección (All),Spanish,0,1.7831396151302137e-09,1935
7836,elección (All),Spanish,0,1.0591318566225257e-09,1936
7837,elección (All),Spanish,0,9.98339943452426e-10,1937
7838,elección (All),Spanish,0,8.203065696948159e-10,1938
7839,elección (All),Spanish,0,7.808557937154831e-10,1939
7840,elección (All),Spanish,0,7.113442652378105e-10,1940
7841,elección (All),Spanish,0,9.976439119263603e-10,1941
7842,elección (All),Spanish,0,1.163556386161803e-09,1942
7843,elección (All),Spanish,0,1.5056760639873902e-09,1943
7844,elección (All),Spanish,0,1.988335028370512e-09,1944
7845,elección (All),Spanish,0,2.4148282817826328e-09,1945
7846,elección (All),Spanish,0,3.2990890892164212e-09,1946
7847,elección (All),Spanish,0,3.5099493073913787e-09,1947
7848,elección (All),Spanish,0,3.4739204449582164e-09,1948
7849,elección (All),Spanish,0,3.9165310994349065e-09,1949
7850,elección (All),Spanish,0,3.79041858218037e-09,1950
7851,elección (All),Spanish,0,3.4418109622267957e-09,1951
7852,elección (All),Spanish,0,3.4725043544990365e-09,1952
7853,elección (All),Spanish,0,2.835096957793619e-09,1953
7854,elección (All),Spanish,0,2.847095994478505e-09,1954
7855,elección (All),Spanish,0,2.875197892271419e-09,1955
7856,elección (All),Spanish,0,2.359842410767524e-09,1956
7857,elección (All),Spanish,0,2.3216515198416184e-09,1957
7858,elección (All),Spanish,0,2.356272447989749e-09,1958
7859,elección (All),Spanish,0,1.9330824252824665e-09,1959
7860,elección (All),Spanish,0,1.8631875695063194e-09,1960
7861,elección (All),Spanish,0,2.016064502841086e-09,1961
7862,elección (All),Spanish,0,1.8985889219907163e-09,1962
7863,elección (All),Spanish,0,1.874471005001789e-09,1963
7864,elección (All),Spanish,0,1.791060563749447e-09,1964
7865,elección (All),Spanish,0,1.9691854208755568e-09,1965
7866,elección (All),Spanish,0,2.0804015851297717e-09,1966
7867,elección (All),Spanish,0,1.99920862206263e-09,1967
7868,elección (All),Spanish,0,1.8652883513563853e-09,1968
7869,elección (All),Spanish,0,2.050886301063759e-09,1969
7870,elección (All),Spanish,0,2.1932343034967795e-09,1970
7871,elección (All),Spanish,0,2.230340221041706e-09,1971
7872,elección (All),Spanish,0,1.9581493341485383e-09,1972
7873,elección (All),Spanish,0,2.067747393942808e-09,1973
7874,elección (All),Spanish,0,2.1383104196034554e-09,1974
7875,elección (All),Spanish,0,2.2467513732408027e-09,1975
7876,elección (All),Spanish,0,2.126169281310311e-09,1976
7877,elección (All),Spanish,0,2.059558199580496e-09,1977
7878,elección (All),Spanish,0,1.9631144775243493e-09,1978
7879,elección (All),Spanish,0,1.9599632740198635e-09,1979
7880,elección (All),Spanish,0,1.831783676131682e-09,1980
7881,elección (All),Spanish,0,1.932695850581645e-09,1981
7882,elección (All),Spanish,0,1.7712889944470384e-09,1982
7883,elección (All),Spanish,0,1.7886674938801963e-09,1983
7884,elección (All),Spanish,0,1.799835935052079e-09,1984
7885,elección (All),Spanish,0,1.8517571028141079e-09,1985
7886,elección (All),Spanish,0,1.9516773713019423e-09,1986
7887,elección (All),Spanish,0,2.091349165273775e-09,1987
7888,elección (All),Spanish,0,2.2382438293650738e-09,1988
7889,elección (All),Spanish,0,2.2697554857445795e-09,1989
7890,elección (All),Spanish,0,2.5216650464161235e-09,1990
7891,elección (All),Spanish,0,2.669970142794258e-09,1991
7892,elección (All),Spanish,0,2.852596594454011e-09,1992
7893,elección (All),Spanish,0,2.938701736319795e-09,1993
7894,elección (All),Spanish,0,2.9467511149437543e-09,1994
7895,elección (All),Spanish,0,3.017989324719369e-09,1995
7896,elección (All),Spanish,0,3.1872972356643866e-09,1996
7897,elección (All),Spanish,0,3.4989215651799147e-09,1997
7898,elección (All),Spanish,0,3.7376944872491435e-09,1998
7899,elección (All),Spanish,0,3.921903500371724e-09,1999
7900,elección (All),Spanish,0,3.99110119259083e-09,2000
7901,elección (All),Spanish,0,4.375035664603129e-09,2001
7902,elección (All),Spanish,0,4.2944524776544765e-09,2002
7903,elección (All),Spanish,0,4.396962039009728e-09,2003
7904,elección (All),Spanish,0,4.087939533012737e-09,2004
7905,elección (All),Spanish,0,4.446552561174607e-09,2005
7906,elección (All),Spanish,0,4.5497883461745715e-09,2006
7907,elección (All),Spanish,0,4.667983500235482e-09,2007
7908,elección (All),Spanish,0,4.532068870981882e-09,2008
7909,elección (All),Spanish,0,4.496519927728513e-09,2009
7910,elección (All),Spanish,0,4.495570445668078e-09,2010
7911,elección (All),Spanish,0,4.407092157479982e-09,2011
7912,elección (All),Spanish,0,4.221928689092578e-09,2012
7913,elección (All),Spanish,0,4.479367537605203e-09,2013
7914,elección (All),Spanish,0,4.689686209805429e-09,2014
7915,elección (All),Spanish,0,5.068994366118153e-09,2015
7916,elección (All),Spanish,0,5.474193772388368e-09,2016
7917,elección (All),Spanish,0,5.654792567070614e-09,2017
7918,elección (All),Spanish,0,5.9930815060615926e-09,2018
7919,elección (All),Spanish,0,6.083112323758411e-09,2019
7920,opción,Spanish,1,0.0,1900
7921,opción,Spanish,1,0.0,1901
7922,opción,Spanish,1,0.0,1902
7923,opción,Spanish,1,0.0,1903
7924,opción,Spanish,1,0.0,1904
7925,opción,Spanish,1,1.698067480277692e-11,1905
7926,opción,Spanish,1,1.698067480277692e-11,1906
7927,opción,Spanish,1,1.698067480277692e-11,1907
7928,opción,Spanish,1,3.127357202568705e-11,1908
7929,opción,Spanish,1,3.127357202568705e-11,1909
7930,opción,Spanish,1,3.127357202568705e-11,1910
7931,opción,Spanish,1,8.901835716969484e-11,1911
7932,opción,Spanish,1,7.203768236691793e-11,1912
7933,opción,Spanish,1,7.203768236691793e-11,1913
7934,opción,Spanish,1,8.729430571254225e-11,1914
7935,opción,Spanish,1,7.300140848963212e-11,1915
7936,opción,Spanish,1,7.300140848963212e-11,1916
7937,opción,Spanish,1,7.300140848963212e-11,1917
7938,opción,Spanish,1,1.5256623345624323e-11,1918
7939,opción,Spanish,1,1.5256623345624323e-11,1919
7940,opción,Spanish,1,1.5256623345624323e-11,1920
7941,opción,Spanish,1,0.0,1921
7942,opción,Spanish,1,0.0,1922
7943,opción,Spanish,1,0.0,1923
7944,opción,Spanish,1,0.0,1924
7945,opción,Spanish,1,0.0,1925
7946,opción,Spanish,1,0.0,1926
7947,opción,Spanish,1,0.0,1927
7948,opción,Spanish,1,0.0,1928
7949,opción,Spanish,1,1.879999529068905e-11,1929
7950,opción,Spanish,1,1.879999529068905e-11,1930
7951,opción,Spanish,1,1.879999529068905e-11,1931
7952,opción,Spanish,1,1.879999529068905e-11,1932
7953,opción,Spanish,1,1.879999529068905e-11,1933
7954,opción,Spanish,1,5.365955100890472e-11,1934
7955,opción,Spanish,1,5.365955100890472e-11,1935
7956,opción,Spanish,1,5.173796312009569e-11,1936
7957,opción,Spanish,1,6.887207867504027e-11,1937
7958,opción,Spanish,1,6.887207867504027e-11,1938
7959,opción,Spanish,1,8.732291873719028e-11,1939
7960,opción,Spanish,1,8.732291873719028e-11,1940
7961,opción,Spanish,1,1.330392978322286e-10,1941
7962,opción,Spanish,1,1.330392978322286e-10,1942
7963,opción,Spanish,1,1.1616089043034857e-10,1943
7964,opción,Spanish,1,1.1398281524981663e-10,1944
7965,opción,Spanish,1,1.1398281524981663e-10,1945
7966,opción,Spanish,1,1.086561416238244e-10,1946
7967,opción,Spanish,1,1.3343180330479702e-10,1947
7968,opción,Spanish,1,6.598937765270715e-11,1948
7969,opción,Spanish,1,7.889213290582627e-11,1949
7970,opción,Spanish,1,9.140876646876857e-11,1950
7971,opción,Spanish,1,7.645272609435594e-11,1951
7972,opción,Spanish,1,1.0116055513106507e-10,1952
7973,opción,Spanish,1,9.991256532433062e-11,1953
7974,opción,Spanish,1,1.5363715755960834e-10,1954
7975,opción,Spanish,1,1.748647536294255e-10,1955
7976,opción,Spanish,1,2.259831597644408e-10,1956
7977,opción,Spanish,1,2.134665262014985e-10,1957
7978,opción,Spanish,1,2.134665262014985e-10,1958
7979,opción,Spanish,1,2.0727903718828093e-10,1959
7980,opción,Spanish,1,2.4018177129698463e-10,1960
7981,opción,Spanish,1,1.6168151738073432e-10,1961
7982,opción,Spanish,1,1.6832236001843422e-10,1962
7983,opción,Spanish,1,1.534497568694044e-10,1963
7984,opción,Spanish,1,1.892093307428614e-10,1964
7985,opción,Spanish,1,1.892093307428614e-10,1965
7986,opción,Spanish,1,1.885042499078742e-10,1966
7987,opción,Spanish,1,1.4372533916974716e-10,1967
7988,opción,Spanish,1,2.210056720963749e-10,1968
7989,opción,Spanish,1,2.311931895926378e-10,1969
7990,opción,Spanish,1,1.991659674484479e-10,1970
7991,opción,Spanish,1,1.8067869621076126e-10,1971
7992,opción,Spanish,1,2.312924316357926e-10,1972
7993,opción,Spanish,1,2.459720700929781e-10,1973
7994,opción,Spanish,1,2.779896670000527e-10,1974
7995,opción,Spanish,1,3.5216610183574915e-10,1975
7996,opción,Spanish,1,3.869070579793592e-10,1976
7997,opción,Spanish,1,5.063791409996656e-10,1977
7998,opción,Spanish,1,5.767108814312496e-10,1978
7999,opción,Spanish,1,7.460730089281498e-10,1979
8000,opción,Spanish,1,8.237592294798749e-10,1980
8001,opción,Spanish,1,8.584676620364868e-10,1981
8002,opción,Spanish,1,8.581034930240808e-10,1982
8003,opción,Spanish,1,1.0288791564759337e-09,1983
8004,opción,Spanish,1,1.0372680492309883e-09,1984
8005,opción,Spanish,1,1.1284966056861784e-09,1985
8006,opción,Spanish,1,1.1238835021362296e-09,1986
8007,opción,Spanish,1,1.1935044302064617e-09,1987
8008,opción,Spanish,1,1.3289244783974497e-09,1988
8009,opción,Spanish,1,1.379545493713457e-09,1989
8010,opción,Spanish,1,1.3294355299160137e-09,1990
8011,opción,Spanish,1,1.4889680758197903e-09,1991
8012,opción,Spanish,1,1.4871393164536277e-09,1992
8013,opción,Spanish,1,1.5448967502099516e-09,1993
8014,opción,Spanish,1,1.7046128318400277e-09,1994
8015,opción,Spanish,1,1.8035620616022437e-09,1995
8016,opción,Spanish,1,1.7560445795896028e-09,1996
8017,opción,Spanish,1,2.065228004483848e-09,1997
8018,opción,Spanish,1,2.020230633575133e-09,1998
8019,opción,Spanish,1,2.160636637858561e-09,1999
8020,opción,Spanish,1,2.129689504114042e-09,2000
8021,opción,Spanish,1,2.0451042922634397e-09,2001
8022,opción,Spanish,1,2.081839954394736e-09,2002
8023,opción,Spanish,1,2.174680181963952e-09,2003
8024,opción,Spanish,1,2.003834717204508e-09,2004
8025,opción,Spanish,1,2.105584310082723e-09,2005
8026,opción,Spanish,1,2.0653452916162352e-09,2006
8027,opción,Spanish,1,1.9736249777326164e-09,2007
8028,opción,Spanish,1,1.940058558247415e-09,2008
8029,opción,Spanish,1,1.80578875662109e-09,2009
8030,opción,Spanish,1,1.860751394236867e-09,2010
8031,opción,Spanish,1,1.8713335642977266e-09,2011
8032,opción,Spanish,1,1.9161809599361438e-09,2012
8033,opción,Spanish,1,2.2017307342382863e-09,2013
8034,opción,Spanish,1,2.3636023773119875e-09,2014
8035,opción,Spanish,1,2.5970599004665473e-09,2015
8036,opción,Spanish,1,2.7343819589528297e-09,2016
8037,opción,Spanish,1,2.8377801220003107e-09,2017
8038,opción,Spanish,1,2.9076133944982984e-09,2018
8039,opción,Spanish,1,2.9238164112044274e-09,2019
8040,opción (All),Spanish,1,2.5244563384152485e-10,1900
8041,opción (All),Spanish,1,2.0195650707321988e-10,1901
8042,opción (All),Spanish,1,1.6829708922768324e-10,1902
8043,opción (All),Spanish,1,1.4425464790944276e-10,1903
8044,opción (All),Spanish,1,3.791460201352237e-11,1904
8045,opción (All),Spanish,1,8.567754640674353e-11,1905
8046,opción (All),Spanish,1,1.1942386167275642e-10,1906
8047,opción (All),Spanish,1,1.1942386167275642e-10,1907
8048,opción (All),Spanish,1,1.3371675889566655e-10,1908
8049,opción (All),Spanish,1,1.3371675889566655e-10,1909
8050,opción (All),Spanish,1,1.3371675889566655e-10,1910
8051,opción (All),Spanish,1,1.7370669684403847e-10,1911
8052,opción (All),Spanish,1,1.0578399763293081e-10,1912
8053,opción (All),Spanish,1,7.203768236691793e-11,1913
8054,opción (All),Spanish,1,8.729430571254225e-11,1914
8055,opción (All),Spanish,1,7.300140848963212e-11,1915
8056,opción (All),Spanish,1,7.300140848963212e-11,1916
8057,opción (All),Spanish,1,7.300140848963212e-11,1917
8058,opción (All),Spanish,1,1.5256623345624323e-11,1918
8059,opción (All),Spanish,1,1.5256623345624323e-11,1919
8060,opción (All),Spanish,1,1.5256623345624323e-11,1920
8061,opción (All),Spanish,1,0.0,1921
8062,opción (All),Spanish,1,0.0,1922
8063,opción (All),Spanish,1,1.9009085971966044e-11,1923
8064,opción (All),Spanish,1,3.8252532094266e-11,1924
8065,opción (All),Spanish,1,3.8252532094266e-11,1925
8066,opción (All),Spanish,1,3.8252532094266e-11,1926
8067,opción (All),Spanish,1,3.8252532094266e-11,1927
8068,opción (All),Spanish,1,3.8252532094266e-11,1928
8069,opción (All),Spanish,1,5.705252738495505e-11,1929
8070,opción (All),Spanish,1,3.8043441412989005e-11,1930
8071,opción (All),Spanish,1,1.879999529068905e-11,1931
8072,opción (All),Spanish,1,1.879999529068905e-11,1932
8073,opción (All),Spanish,1,1.879999529068905e-11,1933
8074,opción (All),Spanish,1,7.108932886801256e-11,1934
8075,opción (All),Spanish,1,7.108932886801256e-11,1935
8076,opción (All),Spanish,1,6.916774097920353e-11,1936
8077,opción (All),Spanish,1,8.630185653414811e-11,1937
8078,opción (All),Spanish,1,8.630185653414811e-11,1938
8079,opción (All),Spanish,1,1.0475269659629812e-10,1939
8080,opción (All),Spanish,1,1.0475269659629812e-10,1940
8081,opción (All),Spanish,1,1.330392978322286e-10,1941
8082,opción (All),Spanish,1,1.330392978322286e-10,1942
8083,opción (All),Spanish,1,1.1616089043034857e-10,1943
8084,opción (All),Spanish,1,1.1398281524981663e-10,1944
8085,opción (All),Spanish,1,1.4247608450178107e-10,1945
8086,opción (All),Spanish,1,1.3714941087578884e-10,1946
8087,opción (All),Spanish,1,1.6192507255676147e-10,1947
8088,opción (All),Spanish,1,9.44826469046716e-11,1948
8089,opción (All),Spanish,1,1.0738540215779072e-10,1949
8090,opción (All),Spanish,1,1.3241866928367533e-10,1950
8091,opción (All),Spanish,1,1.174626289092627e-10,1951
8092,opción (All),Spanish,1,1.1367718869400737e-10,1952
8093,opción (All),Spanish,1,1.1242919888727293e-10,1953
8094,opción (All),Spanish,1,2.334397219178846e-10,1954
8095,opción (All),Spanish,1,2.5466731798770176e-10,1955
8096,opción (All),Spanish,1,3.164559180178296e-10,1956
8097,opción (All),Spanish,1,3.0150758576327364e-10,1957
8098,opción (All),Spanish,1,3.0150758576327364e-10,1958
8099,opción (All),Spanish,1,3.138404367735476e-10,1959
8100,opción (All),Spanish,1,3.4674317088225134e-10,1960
8101,opción (All),Spanish,1,2.1184497013747109e-10,1961
8102,opción (All),Spanish,1,2.1848581277517098e-10,1962
8103,opción (All),Spanish,1,1.9294301573102857e-10,1963
8104,opción (All),Spanish,1,2.2755754820152115e-10,1964
8105,opción (All),Spanish,1,2.3638341978271527e-10,1965
8106,opción (All),Spanish,1,2.1715799892423655e-10,1966
8107,opción (All),Spanish,1,1.991531324772668e-10,1967
8108,opción (All),Spanish,1,2.913055937343272e-10,1968
8109,opción (All),Spanish,1,3.014931112305901e-10,1969
8110,opción (All),Spanish,1,2.694658890864002e-10,1970
8111,opción (All),Spanish,1,2.593110270161197e-10,1971
8112,opción (All),Spanish,1,3.5171262331117655e-10,1972
8113,opción (All),Spanish,1,4.2325833314395464e-10,1973
8114,opción (All),Spanish,1,4.605194826669466e-10,1974
8115,opción (All),Spanish,1,5.806784804979996e-10,1975
8116,opción (All),Spanish,1,7.325972834323505e-10,1976
8117,opción (All),Spanish,1,9.324184351209933e-10,1977
8118,opción (All),Spanish,1,1.049189904598981e-09,1978
8119,opción (All),Spanish,1,1.3722015884676253e-09,1979
8120,opción (All),Spanish,1,1.4591304097517315e-09,1980
8121,opción (All),Spanish,1,1.4914772591570878e-09,1981
8122,opción (All),Spanish,1,1.4495889330160392e-09,1982
8123,opción (All),Spanish,1,1.5560380008304367e-09,1983
8124,opción (All),Spanish,1,1.5451230096972882e-09,1984
8125,opción (All),Spanish,1,1.6546044693096666e-09,1985
8126,opción (All),Spanish,1,1.466569635574392e-09,1986
8127,opción (All),Spanish,1,1.5599829146704739e-09,1987
8128,opción (All),Spanish,1,1.826069704177361e-09,1988
8129,opción (All),Spanish,1,1.987671729589532e-09,1989
8130,opción (All),Spanish,1,2.0009208337842412e-09,1990
8131,opción (All),Spanish,1,2.850544879505281e-09,1991
8132,opción (All),Spanish,1,3.1003353455944756e-09,1992
8133,opción (All),Spanish,1,3.4033683346733147e-09,1993
8134,opción (All),Spanish,1,3.657089045780834e-09,1994
8135,opción (All),Spanish,1,3.782107862508401e-09,1995
8136,opción (All),Spanish,1,3.775622653313342e-09,1996
8137,opción (All),Spanish,1,4.253631817310469e-09,1997
8138,opción (All),Spanish,1,3.766113145053136e-09,1998
8139,opción (All),Spanish,1,3.993848039487594e-09,1999
8140,opción (All),Spanish,1,4.128768160693852e-09,2000
8141,opción (All),Spanish,1,4.081666413588028e-09,2001
8142,opción (All),Spanish,1,4.199459244632767e-09,2002
8143,opción (All),Spanish,1,4.328871317952184e-09,2003
8144,opción (All),Spanish,1,4.0208186908942595e-09,2004
8145,opción (All),Spanish,1,3.944009042966545e-09,2005
8146,opción (All),Spanish,1,3.6808361309323014e-09,2006
8147,opción (All),Spanish,1,3.489711189662094e-09,2007
8148,opción (All),Spanish,1,3.377062691989341e-09,2008
8149,opción (All),Spanish,1,3.1489690805305443e-09,2009
8150,opción (All),Spanish,1,3.21162733510746e-09,2010
8151,opción (All),Spanish,1,3.2258041971726978e-09,2011
8152,opción (All),Spanish,1,3.3662146086450254e-09,2012
8153,opción (All),Spanish,1,3.753415673506717e-09,2013
8154,opción (All),Spanish,1,3.873241895368291e-09,2014
8155,opción (All),Spanish,1,4.1761208077949e-09,2015
8156,opción (All),Spanish,1,4.5203379863650066e-09,2016
8157,opción (All),Spanish,1,4.657146346227307e-09,2017
8158,opción (All),Spanish,1,4.8788598404347905e-09,2018
8159,opción (All),Spanish,1,4.993040941640714e-09,2019
